student_id,weekly_self_study_hours,attendance_percentage,class_participation,total_score,grade,performance_category
17248,14.5,66.2,5.9,94,A,Excellent
33280,20.5,66.8,7.6,100,A,Excellent
22655,5.7,84.6,7.5,54.1,D,Poor
3635,18,74.6,6.1,96.6,A,Excellent
32928,7.1,93.5,7.1,72.8,B,Average
22225,22.8,92.9,8.4,100,A,Excellent
20802,13.1,92.7,3.6,81.1,B,Good
228,7.5,76.3,6.5,54.2,D,Poor
9990,9.6,88.5,3.6,65.4,C,Average
20924,15,80.5,5.9,95.8,A,Excellent
32624,12.4,79.3,5.2,73.5,B,Average
29866,11.9,74.7,4.4,80.8,B,Good
1668,11.5,100,7.2,53.6,D,Poor
38401,9.7,78,7,83.9,B,Good
31970,6.1,80.5,3.5,71.6,B,Average
34934,22.6,63.2,4.9,100,A,Excellent
6308,21,78.3,6.5,100,A,Excellent
9970,9.9,81.8,6.3,76.1,B,Good
16885,16.2,85.2,6.4,88.2,A,Good
35595,19.3,73.8,8.3,100,A,Excellent
8006,19,94.7,6,100,A,Excellent
37595,1.2,81.7,1.7,61.1,C,Average
24489,19,84.2,4.6,96.1,A,Excellent
4274,7.4,71.4,4.4,67,C,Average
15778,14.1,75.9,7.1,71.9,B,Average
6239,9.7,79.6,7,82.4,B,Good
S031,4,69,4,54.5,D,Poor
19136,2.4,68.7,3.9,75.7,B,Good
S175,4,61,2,44.5,D,Poor
9681,12.2,66.9,6.1,75.7,B,Good
21570,3.2,92.7,5.3,43.6,D,Poor
15071,3.8,77.4,6.5,56.5,C,Poor
3435,30.9,77.7,4.2,100,A,Excellent
4831,21.1,90.1,4.6,100,A,Excellent
5704,10.8,90.8,6.3,86.9,A,Good
37657,13.6,86.1,6.6,94.1,A,Excellent
9000,20.6,73.9,4.6,100,A,Excellent
32694,12.5,96.2,8.4,74.5,B,Average
7150,9.8,89.8,4.6,77.5,B,Good
16430,6,81.3,7.3,83.8,B,Good
17848,9.7,70.5,5.6,73,B,Average
2221,12.5,67.7,6.8,94.2,A,Excellent
15250,9.9,86.1,5.9,58.3,C,Poor
13941,19.3,99.5,9.4,94.2,A,Excellent
26644,23,78.3,6.6,100,A,Excellent
26761,11.8,100,6.1,88,A,Good
13000,6.4,84.6,3.7,54.4,D,Poor
15099,19.8,79,6.3,94.1,A,Excellent
27811,6.3,95.5,8.5,64.5,C,Average
11750,3.4,83.3,6.2,60.8,C,Average
5529,13.7,86.7,6.6,63.5,C,Average
1168,18.9,73.6,9.3,95.4,A,Excellent
7065,16.7,70.1,4.8,100,A,Excellent
18666,2.8,92,8.8,71.3,B,Average
14912,1.7,92.2,5.6,40.5,D,Poor
12243,19.5,86.1,6.9,97.2,A,Excellent
39038,11.1,79.8,7.3,82.2,B,Good
36797,19.7,90,8.2,100,A,Excellent
25197,12.2,91.3,3.7,78.8,B,Good
32716,20.5,100,3.4,100,A,Excellent
5021,14.6,80,5.8,83,B,Good
2381,8.3,93.9,3.7,73.6,B,Average
15191,7.6,86.7,8.1,78.2,B,Good
14593,23.6,79.6,3.2,100,A,Excellent
3238,6.2,90.9,4.1,74.8,B,Average
1274,12.8,100,6,82.1,B,Good
12807,13.5,73.2,4.2,79.4,B,Good
15839,20.2,78.3,8.7,91.9,A,Excellent
16260,15,95,4.8,93.7,A,Excellent
20782,11.4,90.6,5.5,93.4,A,Excellent
29506,17.5,89.6,6,88.7,A,Good
7458,20.3,95.2,0.5,93.6,A,Excellent
16959,1.1,82.6,7.6,57.2,C,Poor
7390,20.8,100,4.3,84,B,Good
38475,14.4,97.3,3.3,91.4,A,Excellent
15745,8.8,100,5.6,81.9,B,Good
4365,10.8,88.9,6.5,77.2,B,Good
6500,12.5,79.1,5.4,93.9,A,Excellent
34665,9.4,78.9,3.2,78.4,B,Good
9967,11.6,91.8,10,66.4,C,Average
19900,19.2,82.6,6.5,87.6,A,Good
12116,20,84.4,1.8,97.2,A,Excellent
38369,4.4,66.8,5.9,61.1,C,Average
7232,26.8,89.2,5,100,A,Excellent
31796,17.8,79.7,6.2,98.9,A,Excellent
23535,8.4,91.4,10,58.2,C,Poor
26856,19,98.3,4.6,95,A,Excellent
14414,11.4,79.7,9.4,79.2,B,Good
39659,22.4,92.4,5.4,100,A,Excellent
23355,26,91.9,4.6,100,A,Excellent
4829,21.5,69,7.2,100,A,Excellent
5028,11.9,93,7,82.5,B,Good
12197,10.4,81.7,4.6,67.8,C,Average
23282,13.3,84.8,3.4,100,A,Excellent
16410,20,67.5,3.5,99.4,A,Excellent
14031,22.8,93.3,7.9,100,A,Excellent
3049,18,91.8,8.4,100,A,Excellent
5737,19.1,79.6,8,100,A,Excellent
30920,23,100,6.3,100,A,Excellent
27813,23.4,83.7,5.7,100,A,Excellent
9688,4.3,70.6,7.5,82.6,B,Good
11777,5,81,6.2,52.9,D,Poor
15784,9.3,81.2,8.3,68.6,C,Average
5219,11.4,91.7,7.5,78.5,B,Good
37779,15.4,100,8.5,83.7,B,Good
2209,12.8,75.6,8.9,93.3,A,Excellent
2278,7,95.2,4,87,A,Good
328,20.5,93.7,8.2,100,A,Excellent
33325,10.8,89.5,4.6,68.7,C,Average
22383,28.2,94.6,3.3,100,A,Excellent
32297,13.1,86.3,3.8,75.3,B,Good
99,15,80.7,6,100,A,Excellent
23832,17.3,95.1,5.8,89.2,A,Good
13556,12.1,83.1,4.6,77.9,B,Good
23968,19,99.2,4.3,90.6,A,Excellent
13944,11.3,98.3,3.8,82.5,B,Good
24861,7.5,68.7,5.5,51.2,D,Poor
22957,11.9,72.7,4.4,84.2,B,Good
21424,22.8,80.3,6.8,100,A,Excellent
20408,8,100,6.8,77.3,B,Good
25379,21.7,89.4,6.6,100,A,Excellent
27170,14.1,100,5.4,81.7,B,Good
4697,18.6,60.8,5.5,100,A,Excellent
11694,11.7,100,4,70.2,B,Average
21079,25.6,87.7,9.5,100,A,Excellent
16382,17.5,99.8,4.5,100,A,Excellent
20942,19.4,76.4,2.4,88.6,A,Good
8840,19.1,71.8,6,89.2,A,Good
36532,10.3,72.8,10,73.8,B,Average
18755,19.9,78.7,4.1,100,A,Excellent
14795,19.7,84.2,4.5,96.1,A,Excellent
3903,26.7,95.8,3.6,100,A,Excellent
16796,15.2,90.2,6.8,78.8,B,Good
5728,13.4,80.6,6.8,94.8,A,Excellent
12213,0,91.8,4.4,58.5,C,Poor
22832,11.3,77.6,6.1,82.3,B,Good
23199,14.3,79.2,4.7,82,B,Good
7082,23.7,99,3.2,100,A,Excellent
16324,16,93.6,2.1,78.1,B,Good
24080,25.6,87.6,8.2,100,A,Excellent
21837,12.3,98.4,4,87.4,A,Good
30089,13.1,89.9,7.7,91.5,A,Excellent
32985,13.9,82.6,0,72.7,B,Average
33756,10.7,100,7.1,81.3,B,Good
5241,14.3,68.1,2.7,80.4,B,Good
12859,15.1,97.2,2.5,100,A,Excellent
4541,7.7,98.8,7.3,70.5,B,Average
10594,20.8,97.7,10,100,A,Excellent
28770,13.4,84.2,6.6,76.5,B,Good
3218,11.3,82.4,0.2,63.4,C,Average
30111,8.4,77.4,9,54.4,D,Poor
4817,24.2,88.8,5.7,100,A,Excellent
28949,17.6,72.7,4.5,100,A,Excellent
23765,7,80.3,4.8,60.6,C,Average
11754,13.2,100,6,86.3,A,Good
33417,27.4,100,6,100,A,Excellent
33600,18.3,90.2,4.8,95.3,A,Excellent
20570,11.4,85,8.2,71.2,B,Average
475,26.5,77.8,6.3,100,A,Excellent
32141,7.3,86.7,4.1,85.9,A,Good
9544,11,95,6.6,88,A,Good
24568,10.8,87.2,7.9,81.1,B,Good
23074,16.8,89,5.9,98.8,A,Excellent
5859,12.9,90.7,6.7,74.5,B,Average
34892,6.2,93.1,7.6,58.4,C,Poor
36548,26.5,80.1,7.7,100,A,Excellent
7790,22.9,96.8,8.5,85.6,A,Good
5250,18,84.5,8.1,90.5,A,Excellent
31243,15,82.7,5.7,71.2,B,Average
18086,13.6,86.7,5.3,74.7,B,Average
23242,24.9,66.7,6.1,100,A,Excellent
20090,22,87.8,7.3,97.2,A,Excellent
3093,14.3,87.7,5.8,92,A,Excellent
4461,23.3,81.7,6,98.3,A,Excellent
24059,16.9,93.6,7.9,96.7,A,Excellent
17475,20.3,70.2,2.1,100,A,Excellent
2366,25.7,75.3,2,100,A,Excellent
36651,24,67.7,6.6,100,A,Excellent
17107,12.6,83.2,7.2,82.2,B,Good
11247,16.5,87.3,5.9,100,A,Excellent
3575,6.1,86.3,10,69.9,C,Average
8124,14.9,99.2,4.4,100,A,Excellent
38284,15.4,57,6,89.6,A,Good
28883,16.1,99.8,6.1,97.5,A,Excellent
29402,14,81.6,7.1,84.5,B,Good
34400,15.9,95.4,7.1,93.2,A,Excellent
16876,13.2,83.8,4.5,66.1,C,Average
3419,6,94.5,8,84.4,B,Good
15156,15.2,81.9,5.5,99.2,A,Excellent
15871,6.5,87.4,9.3,67.5,C,Average
20911,15.3,76.3,10,97.1,A,Excellent
11147,10.1,70.2,5.6,66.4,C,Average
25831,1.7,88,7.7,54.1,D,Poor
39446,25.5,91.8,7.6,100,A,Excellent
21468,14.8,84.4,4.9,84.6,B,Good
13100,15.3,83.3,10,75.9,B,Good
6507,23.9,79.2,4.4,100,A,Excellent
16715,8.8,81.6,4.2,52.2,D,Poor
23448,17.9,100,7.4,93,A,Excellent
33468,8,71.3,5.6,76.6,B,Good
5221,27.5,75.1,6.1,100,A,Excellent
11154,0,83.5,6.9,44.6,D,Poor
3958,13.3,74.7,6.1,75,B,Good
566,12.1,80.1,9.8,100,A,Excellent
36048,13.3,77.6,3.4,71.5,B,Average
5407,4.3,82.6,3.1,67.7,C,Average
23611,11.6,100,4.6,71.8,B,Average
15197,18.3,90.9,6.7,84.5,B,Good
21785,19.8,76.2,6.7,87.8,A,Good
24111,17.4,83.1,6.5,100,A,Excellent
2416,16.9,81.2,6.5,86.7,A,Good
27600,17.8,85.4,3.2,92.1,A,Excellent
14405,10.3,80.2,4.3,71.1,B,Average
9740,17.8,88.6,5.5,100,A,Excellent
7363,22.4,81.7,4.4,88.4,A,Good
26398,20.3,83.8,3.3,99.4,A,Excellent
37168,21.3,55.7,7.8,100,A,Excellent
30059,11.1,100,5.3,80.8,B,Good
19829,14.2,80.5,5.7,71.4,B,Average
19723,16.9,88.2,9.7,100,A,Excellent
35605,7.4,83.3,8.5,71.6,B,Average
S083,17,69,2,74.5,B,Average
37764,13.3,91,3.9,75.4,B,Good
13085,14.1,75.7,1,70.3,B,Average
3634,20.2,70.5,1.9,100,A,Excellent
30501,12.9,98,3,72.4,B,Average
22605,17.9,98.1,5.7,81.6,B,Good
9354,16.2,84.4,5.3,100,A,Excellent
15749,21.9,86.2,7.4,100,A,Excellent
19264,10.9,90.3,5.9,68.1,C,Average
37766,25.9,93.6,6.8,100,A,Excellent
3738,13.9,88.1,7.8,100,A,Excellent
6615,20.4,72.8,4.4,93.9,A,Excellent
16063,26.8,79.9,5,100,A,Excellent
32888,10.6,95,6.9,69.3,C,Average
22819,30.1,88.6,4.3,100,A,Excellent
32543,9.8,76,3.4,66.5,C,Average
12730,17.9,78.5,4.9,83.1,B,Good
21697,27.3,79.1,6.6,100,A,Excellent
12162,19.9,92.3,5.9,84.1,B,Good
17569,5.3,87,3.6,47.9,D,Poor
4262,13,99,7.6,96.7,A,Excellent
2370,23.7,100,7.3,100,A,Excellent
11293,23.2,79.2,3.1,100,A,Excellent
23214,26.7,86.9,3.9,100,A,Excellent
13054,30.2,93.6,7.4,100,A,Excellent
22152,5.4,82.3,6.8,49.6,D,Poor
19639,15.3,89.6,5.2,99.4,A,Excellent
63,7.3,68.3,6.9,67.1,C,Average
31153,17.8,100,7.4,100,A,Excellent
27789,15.8,87.5,6.4,79.3,B,Good
17204,15.2,75.2,5.3,81.1,B,Good
1088,16.7,95.4,7.5,93.1,A,Excellent
12798,10.6,90.5,5.5,79.1,B,Good
8720,9.4,67,5.8,65.2,C,Average
35895,18.8,70.5,8.6,100,A,Excellent
17170,17.1,79.8,5.5,100,A,Excellent
21616,10.1,80.6,4.4,67.7,C,Average
39727,14.7,81.1,6.5,76.8,B,Good
32661,13.4,93.3,5.1,87.2,A,Good
29021,17.7,88.1,7,100,A,Excellent
4639,0.9,96.7,7.5,38.6,F,Poor
22853,18.6,75.3,4.1,88.8,A,Good
20497,23,100,3.2,100,A,Excellent
29670,9.8,86.9,8,72.5,B,Average
11935,12.4,98.5,6.7,77.5,B,Good
25285,6.6,82.6,5.6,77.9,B,Good
22720,18.1,92.7,4.4,99,A,Excellent
21857,7.2,73,8.6,52.7,D,Poor
4912,24.3,89.9,7.5,100,A,Excellent
13612,9.3,100,8.3,95.9,A,Excellent
19937,4.5,72.1,4.5,57.9,C,Poor
6216,3.5,74.3,5,66.5,C,Average
23994,17.8,81,6.7,97.4,A,Excellent
8865,18.3,82.4,4.6,90.5,A,Excellent
1292,32.5,100,10,100,A,Excellent
39302,9.4,73.5,7.4,76.3,B,Good
1123,19.5,98.5,7.3,95.5,A,Excellent
12458,12.8,76.6,6.8,88.3,A,Good
29287,11,79.3,6.6,83.3,B,Good
23653,19,69.6,7.3,100,A,Excellent
29162,13.2,90.9,6.6,92.1,A,Excellent
10653,12.3,84.1,9.2,100,A,Excellent
11632,12.7,98.3,6.7,76.2,B,Good
23602,8.3,93.5,7.2,86.2,A,Good
12391,23.6,90.5,5.8,100,A,Excellent
1915,2.4,100,6.1,42.2,D,Poor
19023,13.7,87.1,8.1,87.7,A,Good
26086,19,78,5.8,86.4,A,Good
15479,26.3,78.9,8.6,100,A,Excellent
27287,22.6,72.2,4.5,93.8,A,Excellent
15934,19.8,87.7,5.5,100,A,Excellent
18523,7.5,84.6,7.2,73.9,B,Average
16825,25.6,94.9,4.9,100,A,Excellent
10620,1.8,88.3,4.4,52.5,D,Poor
34419,12.6,93.9,4.6,85.3,A,Good
2075,10.7,92.4,3.9,75.7,B,Good
17764,25.4,91,8.4,100,A,Excellent
4333,20.3,86,5.2,98.9,A,Excellent
9927,9.2,76.5,7.9,76.9,B,Good
28007,9.1,79.8,0.9,83.1,B,Good
3141,20.9,84.6,4.8,100,A,Excellent
9089,14.1,74.3,8,93.9,A,Excellent
23779,13.9,72.1,4.7,87.6,A,Good
39468,18.4,88.7,7.5,93.5,A,Excellent
6646,27.6,66.3,7.5,100,A,Excellent
36843,22.9,66.1,7.2,100,A,Excellent
31905,24.2,85.4,6.3,100,A,Excellent
9033,18.4,80.2,5.4,93.3,A,Excellent
13884,28.8,90.8,6.8,100,A,Excellent
31194,16.9,84.1,6.3,91.8,A,Excellent
8302,11.6,87.1,4.6,89.1,A,Good
14043,24.1,73.3,4.1,100,A,Excellent
6563,13.6,83.9,5.4,72.5,B,Average
27754,14.2,91.3,8.7,93,A,Excellent
29508,24.2,96.8,7.1,100,A,Excellent
25914,17.1,93.9,4.2,100,A,Excellent
2954,25.6,69.3,2.8,100,A,Excellent
30386,22.7,72.4,2.1,97.3,A,Excellent
25682,12.2,100,5,69.9,C,Average
36729,17.6,96,5.8,93.8,A,Excellent
38120,20.4,94.8,6.9,100,A,Excellent
21033,21.4,99.1,4.4,100,A,Excellent
12403,13.6,90.2,5.5,77.6,B,Good
S150,4,70,10,73,B,Average
17417,19.6,71.7,6.6,85.7,A,Good
8661,31.1,87.1,5.3,100,A,Excellent
26680,23,100,5.7,100,A,Excellent
34771,11.7,79.8,4.9,85.7,A,Good
12314,5.8,94.2,8.7,62.3,C,Average
7616,7.4,87.1,2.2,73,B,Average
24810,13.5,85.2,6.8,96.9,A,Excellent
10231,21.7,83.5,8.5,100,A,Excellent
23456,15.6,100,8.2,83.3,B,Good
24477,22.9,75.7,4.1,100,A,Excellent
8924,14.1,94.7,4,100,A,Excellent
10213,19.7,94.4,3.2,84.3,B,Good
5867,10.4,85.1,6.8,77.4,B,Good
20720,12.8,100,8.4,73.7,B,Average
32154,10.8,82.9,8.1,64.9,C,Average
18254,16.4,82.4,10,92.4,A,Excellent
4930,14,100,2.2,100,A,Excellent
6865,14.9,86,4.2,93.6,A,Excellent
11386,13.9,71.3,5,100,A,Excellent
15271,13.7,73.7,6.6,82.3,B,Good
36702,25.3,57.5,5.3,100,A,Excellent
25886,14.6,80.1,5.2,83,B,Good
38879,8.7,91.7,6.5,67.7,C,Average
10455,8.1,90.6,5,67.1,C,Average
7425,2.4,94.9,5,55.1,C,Poor
35123,12.8,88.2,4.6,74,B,Average
16217,5.1,78.3,5.7,55.4,C,Poor
34786,28.4,77.3,5.5,100,A,Excellent
13674,14.8,86.6,8.5,77.2,B,Good
31625,25.6,93.4,6.9,100,A,Excellent
12833,13.9,90.4,4.1,80.1,B,Good
5840,10.9,85.5,5.2,80.4,B,Good
5272,33.1,92.5,4.6,100,A,Excellent
15783,12.2,69.7,7.4,77.5,B,Good
29123,15.5,81.1,7,90.4,A,Excellent
23026,5.7,90.6,6.1,74.7,B,Average
17124,18.5,85.4,5.6,83.4,B,Good
12787,16.4,92.1,4.6,94.6,A,Excellent
20034,18.3,94.2,7.3,93.3,A,Excellent
19273,21.1,89.2,6.6,100,A,Excellent
6541,17,86.5,5.8,81.1,B,Good
12940,24.3,90.5,3.5,100,A,Excellent
16497,19,84.6,4.6,100,A,Excellent
37092,9.5,100,5.8,84.3,B,Good
9177,23.8,87.1,3.8,100,A,Excellent
30118,8.9,78.8,4.2,89,A,Good
20233,9.9,91.7,5.3,81,B,Good
8319,9.2,81.1,4.5,62.6,C,Average
32860,4.2,84.6,7.6,66.5,C,Average
19990,12.1,92.9,5.7,81.1,B,Good
19908,16.8,64.9,8.7,96.3,A,Excellent
7608,10.5,86.5,6.8,68.4,C,Average
15992,19.5,90,6.6,97.3,A,Excellent
16850,20.1,85.7,3.4,90.7,A,Excellent
25738,25.2,86.2,5,100,A,Excellent
26928,9.3,83.6,5.1,67.9,C,Average
35084,24.5,78.9,8.4,100,A,Excellent
7358,13.4,95.5,2.2,66.5,C,Average
21819,14.2,78.1,1.5,81.3,B,Good
25874,11.1,74.9,10,74,B,Average
38055,10.5,64.6,4.9,70.9,B,Average
8520,22.9,85.3,5.6,100,A,Excellent
27919,19.1,79.9,5.9,100,A,Excellent
11798,9.7,94,7.7,85.7,A,Good
32783,16.6,97.7,5.3,100,A,Excellent
25673,23,82.3,5.8,100,A,Excellent
2476,20.1,80,8.7,87.3,A,Good
26390,10.3,100,6.3,70.4,B,Average
35216,15.9,78,3.6,90.9,A,Excellent
8874,12.9,89.7,5.2,80.9,B,Good
14324,13.2,84.1,7.3,84.3,B,Good
22155,17.4,89.9,6.4,83,B,Good
25008,9.1,73.9,3.9,50.7,D,Poor
1588,12.4,90.8,8.7,82.6,B,Good
15970,22,86.5,7.8,100,A,Excellent
12144,26.2,98.9,4.3,96.5,A,Excellent
8826,5.4,80.9,3.9,70.4,B,Average
30495,20.3,89.5,6.1,100,A,Excellent
1126,7,82.7,4.8,78.1,B,Good
11428,10.9,100,5.5,80.7,B,Good
29748,15.7,90.3,5.1,78.4,B,Good
34756,16.5,82.3,6.6,84.6,B,Good
15659,15.4,89.3,6.4,71.8,B,Average
37213,3.3,72.9,8.9,56.9,C,Poor
924,10.1,92.1,9.8,69.3,C,Average
16530,11.3,58.5,5.7,70.6,B,Average
10911,14.5,75,4.9,74.2,B,Average
14964,14.7,79.6,8.4,98.4,A,Excellent
35679,10.7,93.4,4.2,77.5,B,Good
27728,18.9,81.7,4.4,85.8,A,Good
10347,21.2,98.1,4.3,98.5,A,Excellent
26351,20.1,93.7,5.9,100,A,Excellent
28471,9.1,86.2,7.7,78.6,B,Good
27119,1.1,80.4,3.5,76.6,B,Good
18571,11.3,78.7,3.8,83.6,B,Good
28520,10.2,96.9,7.9,67.3,C,Average
39202,6.8,88.3,5.6,69.7,C,Average
25463,12.7,100,8,82.9,B,Good
4145,4.4,75.3,9.2,70.7,B,Average
29845,12.2,84.6,8.1,100,A,Excellent
32785,18.4,94,6.4,87.3,A,Good
17980,22.5,94.3,6.6,92.2,A,Excellent
34044,25,100,5.6,100,A,Excellent
3625,28.3,80.1,5.2,100,A,Excellent
36993,13.1,62.8,8.6,83.3,B,Good
24052,14.1,82.3,8.6,74.6,B,Average
23666,4,76.5,4.6,53.3,D,Poor
1171,20.3,64.2,3.4,82.4,B,Good
972,10.2,94.7,6.3,82.3,B,Good
3094,17.9,76.4,6.5,88,A,Good
4712,19.1,100,2.7,93.5,A,Excellent
16662,13.5,75,4.6,71.2,B,Average
33127,17.2,83.7,4.4,100,A,Excellent
30519,4.9,100,4.1,58.3,C,Poor
17287,10.6,100,7.3,76.5,B,Good
30431,16.6,77.7,4.5,100,A,Excellent
14122,12.9,97.1,7.9,90.3,A,Excellent
4209,9,81.3,5.9,82,B,Good
23096,13.6,76.7,2.2,69.8,C,Average
9115,15.1,83.2,7.4,97.5,A,Excellent
29369,16,91,8.6,82.4,B,Good
9300,7.6,94.5,1.8,65.3,C,Average
7642,15.6,84.1,9.5,96.8,A,Excellent
27304,21,76.9,4.2,96,A,Excellent
3157,6.3,94,7.8,62,C,Average
3461,26.9,64.4,4.8,100,A,Excellent
16971,8.2,82.7,6.4,65,C,Average
5097,21.2,67.9,7.3,100,A,Excellent
8567,23.6,96.7,7.1,97.5,A,Excellent
5853,19.3,97.7,7.4,90.6,A,Excellent
28826,18.6,90.9,7.9,100,A,Excellent
39554,15.7,96.2,5.2,82.9,B,Good
29382,29.8,83.9,10,100,A,Excellent
30770,26.7,80.9,5.5,100,A,Excellent
39362,14.8,100,6.9,90.9,A,Excellent
21227,7.2,95.6,4.1,73.4,B,Average
26174,17.3,90.4,6.1,95.5,A,Excellent
27074,15.4,73,9.4,64,C,Average
15031,8.3,94.3,3,41.8,D,Poor
16050,4.4,79.8,7.6,56.6,C,Poor
38090,20.8,76.9,2.7,86.1,A,Good
21504,9.4,71.5,10,75.4,B,Good
38809,6.9,93.3,9.1,71.2,B,Average
12525,9.6,77.6,6.2,65.9,C,Average
24517,28.6,98.9,8,100,A,Excellent
31081,14.6,89.8,7.5,98.6,A,Excellent
29647,11.1,74.7,7.6,61.6,C,Average
4859,15.9,71.7,8.9,84.9,B,Good
3133,2.9,80.9,4.9,40.2,D,Poor
31182,21.6,84.1,3.4,100,A,Excellent
39792,16.5,65.3,5.3,76.2,B,Good
26267,18.7,87.2,7.3,100,A,Excellent
7367,27.1,95.6,7.7,100,A,Excellent
9176,12.4,82.2,10,73.9,B,Average
27345,10.7,90.9,10,61.3,C,Average
2471,22.5,73.5,3.4,100,A,Excellent
16240,15.8,82.8,3.3,89.8,A,Good
15089,11.1,93.5,6.9,72,B,Average
34032,13.9,100,6.2,80.8,B,Good
1732,12.6,92.8,4.8,82.4,B,Good
29124,15.6,100,7,99.5,A,Excellent
38232,7.6,76.5,8.7,70.6,B,Average
12621,11.6,81.4,4.1,76.6,B,Good
S027,2,54,3,40,D,Poor
31036,27.9,73.5,5.4,100,A,Excellent
34485,19.4,89.6,2.8,97.2,A,Excellent
21060,7,76.6,6,51.2,D,Poor
19381,22.3,86,4.2,97.2,A,Excellent
11510,22.4,73.5,4.9,100,A,Excellent
37774,15.9,96.2,6.9,77.5,B,Good
31254,19.1,100,5.5,100,A,Excellent
30627,18.6,90.5,6.9,100,A,Excellent
22711,1.8,72.4,7.8,59.8,C,Poor
36063,7.6,91.8,3.9,76.2,B,Good
26474,17.2,84.5,8.5,100,A,Excellent
24834,22.8,86.2,6.9,99.6,A,Excellent
24143,20.4,72,3.9,100,A,Excellent
36988,11.6,64.8,5.9,78.7,B,Good
13097,25.9,96.5,3.8,100,A,Excellent
18340,12.5,80.4,3.6,79.9,B,Good
26211,9.5,100,5.8,73,B,Average
2690,19.3,88.9,5.4,74.6,B,Average
22331,8.9,80.1,5,81.7,B,Good
14038,12.3,87,8.3,85.5,A,Good
39568,14.4,100,6.3,93.3,A,Excellent
8294,30.3,75.2,4.1,100,A,Excellent
4366,29.7,72.7,5.4,100,A,Excellent
25694,15.3,72.7,6.5,80,B,Good
7595,25.1,85,5.4,100,A,Excellent
10961,0,78.6,5,41.7,D,Poor
3617,8.1,84.2,4.4,58.8,C,Poor
23337,8.7,82.5,6,80.7,B,Good
5247,10.8,76.8,7,75.7,B,Good
21406,16.3,87.2,3.6,82.6,B,Good
141,16.6,70.8,7,95,A,Excellent
7030,17.3,79.7,6.8,84,B,Good
27280,24.7,100,6.2,100,A,Excellent
23016,5.2,76.9,3,57.2,C,Poor
39653,12,79.3,3.2,73.1,B,Average
22540,20.9,68,6.3,100,A,Excellent
29138,22.5,93.7,4.4,95.6,A,Excellent
36130,17.5,64.3,4.3,100,A,Excellent
26971,8.1,100,6.4,64,C,Average
17024,20,85.8,6.2,100,A,Excellent
1795,16.5,67.3,9.8,97.8,A,Excellent
36479,14.5,89.9,5.2,83.3,B,Good
35417,12.1,82,6.4,85.8,A,Good
29791,13.3,87.1,7.6,82.3,B,Good
15078,22.3,89.6,8.5,100,A,Excellent
22232,12.7,86.8,6.5,81,B,Good
S010,3,52,9,59,D,Poor
3884,8.8,98.9,3.8,81.8,B,Good
36350,7.2,82.6,5.5,65.5,C,Average
906,15.3,87,1.6,97.9,A,Excellent
39682,2.8,86.7,8.9,58,C,Poor
24279,5.2,76.6,7,77.1,B,Good
34022,9.4,96.8,8.1,63.8,C,Average
8109,22.7,94.7,5,100,A,Excellent
1307,15.2,79.2,8.7,84.8,B,Good
23631,17.7,100,5.2,89.1,A,Good
12455,12,89.6,5,84.5,B,Good
6304,22.9,93.3,2.6,97.7,A,Excellent
30577,0,94,4.5,45.5,D,Poor
34594,15.1,77,5.9,89.4,A,Good
468,20.3,89.4,4.9,100,A,Excellent
37909,19.7,84.4,4.8,79.9,B,Good
28366,10.6,73,4.5,70.8,B,Average
11794,15.1,97.5,3.4,100,A,Excellent
22072,11.1,66.5,9.1,75.2,B,Good
S038,15,51,1,58.5,D,Poor
35210,6.6,86.6,5.7,60.1,C,Average
1180,7.3,86.5,9.5,56.9,C,Poor
15079,2.4,83.1,3.9,57.9,C,Poor
23185,19.6,82.6,7.9,95.1,A,Excellent
30333,8,94.6,5.2,63,C,Average
16182,18.5,75.8,10,92.9,A,Excellent
6301,13.4,83.3,5.7,83.5,B,Good
37338,20.3,76.6,4.2,100,A,Excellent
24257,14.9,82.2,7.7,92.6,A,Excellent
6087,12.8,91.3,5.6,63.6,C,Average
8456,20.1,78.8,6.5,99.3,A,Excellent
39278,22,85.9,8.7,100,A,Excellent
24379,4,81.9,6.5,82.4,B,Good
5356,21.3,89.1,4,100,A,Excellent
37653,21.3,75.8,4.2,99.1,A,Excellent
15956,19.4,98.6,6.9,92.2,A,Excellent
39151,15.9,93.9,5.5,100,A,Excellent
12465,16.8,77.9,3.7,86.6,A,Good
27197,0.4,75.9,6.5,68,C,Average
2893,20.4,100,5,100,A,Excellent
39261,9.6,96.8,3.8,100,A,Excellent
31690,12.7,80,4.8,95.2,A,Excellent
3162,18.2,84.1,4.5,100,A,Excellent
31589,25,87.7,3.9,100,A,Excellent
22806,16.7,73.8,2.6,100,A,Excellent
14446,8.4,89,4.3,49.8,D,Poor
5646,2.8,85.8,5,53.6,D,Poor
3798,16.5,80.7,3.5,85.5,A,Good
16614,16.1,84.2,1.8,96.1,A,Excellent
33010,10.7,83.8,8,77,B,Good
37938,15.4,95.9,3.3,89.8,A,Good
15529,8.8,80.9,5.4,71.7,B,Average
9071,21.5,75.2,3.4,97.3,A,Excellent
17725,15.1,83.7,5.2,100,A,Excellent
38394,10.6,76.6,6.4,71.6,B,Average
36080,16.6,96,4.7,85.8,A,Good
7091,11.7,69.2,5.4,86.1,A,Good
12223,21.6,55.6,3.2,95.8,A,Excellent
22788,18.1,90.3,5.8,100,A,Excellent
17662,4.7,72.3,10,50.9,D,Poor
39655,23.2,82.9,6.5,100,A,Excellent
20953,9.7,67.8,7.2,67.5,C,Average
22886,14.5,83.1,5.6,87.2,A,Good
32647,14.7,74.8,5,85.3,A,Good
1202,12,88.3,6.3,69.1,C,Average
38652,17.2,64.4,8.4,80,B,Good
11903,0,68.4,10,50.8,D,Poor
31297,25,74.7,3,100,A,Excellent
4962,7.8,82,8.9,81.5,B,Good
32598,8.8,97.8,4.8,82.3,B,Good
9611,15.9,89.4,9.1,85.5,A,Good
891,20.7,92.7,6,100,A,Excellent
29395,22.7,89.6,5.3,100,A,Excellent
34156,12.9,72,0,78.7,B,Good
27383,12.5,100,4.6,85.4,A,Good
37089,24.9,75.6,4.7,98.1,A,Excellent
5550,24.3,87.2,6.5,100,A,Excellent
29011,8.8,77.6,2.8,77.6,B,Good
30327,20.1,80.6,6.9,89.3,A,Good
34556,14.1,92.8,5.5,66.4,C,Average
16480,21.7,76.8,6.4,100,A,Excellent
39146,24.2,86.4,10,100,A,Excellent
999,11,76,4.4,80.7,B,Good
16015,23.8,77,8.8,100,A,Excellent
1578,23.2,80.2,6.2,90.8,A,Excellent
37315,14.4,90,3.6,89.3,A,Good
1370,8.8,94.5,7.3,64.2,C,Average
34281,9.1,78.8,4.8,75.9,B,Good
7937,0,100,8,52.7,D,Poor
15321,19.5,79.3,5.5,100,A,Excellent
37113,17,80.4,5.2,96.3,A,Excellent
16026,8.2,82.1,5.1,71.6,B,Average
37786,1,67.5,9.6,59,C,Poor
39470,13.8,100,3,80,B,Good
39384,15.6,68.4,7.3,88.5,A,Good
23389,19.7,89.7,8.1,98.9,A,Excellent
37334,10.6,80.1,9.7,78.2,B,Good
1182,24.7,72.3,6.3,100,A,Excellent
26801,5.4,89.5,4.6,63.5,C,Average
15482,13.1,86.1,7.3,60.7,C,Average
23833,14,75.3,6,87,A,Good
8862,15.9,86.9,6.6,95.5,A,Excellent
31971,0,100,6.8,54.1,D,Poor
20014,7.7,86.9,5.3,65.7,C,Average
39453,14.5,85.3,5.1,83.4,B,Good
17552,7.6,100,7.3,86,A,Good
39781,10,95.5,6.6,71.2,B,Average
797,14.7,82.6,4.4,97.2,A,Excellent
32145,15.3,71.9,3.9,81.3,B,Good
22205,9.1,76.2,9.2,75.6,B,Good
207,18.6,98.2,1,90.5,A,Excellent
11289,9.5,87.2,6.9,91.9,A,Excellent
1134,18.2,63.2,5.5,62.8,C,Average
35857,15.2,88.8,7.9,100,A,Excellent
26970,17.4,91.9,6.5,92.2,A,Excellent
24534,7.3,80.8,6.7,66.2,C,Average
23767,11.9,100,5.9,78.4,B,Good
15504,24.1,84.5,7.7,100,A,Excellent
5012,20.1,80.2,8,89.1,A,Good
13012,8,60.3,7.4,86.9,A,Good
19249,8.2,75.7,6.6,46.8,D,Poor
18107,9.9,81.8,6.3,65.6,C,Average
26692,6.4,89.8,7,59.3,C,Poor
33128,17,93.3,2.4,88.2,A,Good
15042,5.8,89.8,5,52.3,D,Poor
25290,6.2,99.9,4.7,75,B,Good
18206,5.4,64.4,3,62.5,C,Average
28080,18.5,100,5.2,100,A,Excellent
19440,3.4,88.4,8.8,76.6,B,Good
16910,35.9,84,7.7,100,A,Excellent
38552,8.2,75.1,1.6,54.3,D,Poor
6866,22.2,88.4,5.7,97.6,A,Excellent
6814,0.3,81.3,4,51.7,D,Poor
13802,2.8,80.9,7.4,55.2,C,Poor
36152,11.8,71.9,4.1,77.1,B,Good
1245,10.5,68.3,5.9,73.1,B,Average
1818,10,96,7.8,87.1,A,Good
8239,26.3,95.1,10,100,A,Excellent
33433,21.5,98.6,5.5,100,A,Excellent
18623,0,80.8,6,44.4,D,Poor
33811,25.8,85.3,5.5,100,A,Excellent
13579,2.1,91.6,4.4,52.5,D,Poor
26848,20.1,86,8.4,100,A,Excellent
29930,10.5,93,5.9,78.1,B,Good
38453,14.6,94.6,9.1,74.6,B,Average
36862,17.7,82.8,7.5,92.7,A,Excellent
3659,16.1,79.4,7.6,89.2,A,Good
20795,19.9,81.5,4.1,100,A,Excellent
12010,12.1,71.2,6.8,78,B,Good
23095,0,81.9,6.4,56.4,C,Poor
9733,23.9,95.1,3.3,100,A,Excellent
33135,21,90.5,8.8,84.5,B,Good
S135,13,93,8,96.5,A+,Excellent
2579,17,86.5,4,90.2,A,Excellent
13241,2.9,92.8,5.5,62.9,C,Average
29141,25.7,72.6,0,100,A,Excellent
30527,16.3,87.8,6.9,89.5,A,Good
28387,8.7,84.3,10,70.1,B,Average
37652,11.5,100,7.6,62,C,Average
21132,14.3,100,4.6,84.6,B,Good
608,6.3,78.5,6.8,52.3,D,Poor
7609,12.4,83.7,2.6,87.8,A,Good
3202,18,85,9.5,100,A,Excellent
24003,25,94.6,8.4,100,A,Excellent
7354,23.3,92.7,6,100,A,Excellent
12920,7.4,86.1,5.9,66.7,C,Average
16002,15.3,76.8,6.3,100,A,Excellent
12083,9.3,90.3,5.5,72.5,B,Average
27709,21.7,82.4,6.7,93.9,A,Excellent
18146,16,94,8.8,81.4,B,Good
29776,19.2,85.3,5.7,86.3,A,Good
8291,14.4,96,9.2,73.3,B,Average
28190,8.6,78.5,6.4,76.2,B,Good
23878,14.7,95,7.9,77.4,B,Good
15408,15.1,90.8,4.6,80.4,B,Good
9246,9.7,67.4,3.6,84.9,B,Good
8386,4.8,73.4,9.2,55.9,C,Poor
39745,14.8,74.5,2.6,81.6,B,Good
32211,23.4,79.5,5.2,100,A,Excellent
24383,10.3,93.1,5.7,69.1,C,Average
35677,19.3,71.7,4,84.6,B,Good
597,13.1,63.1,4,99.9,A,Excellent
19647,10,89.9,5.5,88.2,A,Good
13402,8.2,85.3,5.2,64.6,C,Average
15398,14.2,90.4,10,62.2,C,Average
18419,34.9,83.6,4.3,100,A,Excellent
12015,15.1,80.5,5.3,93.3,A,Excellent
9134,16.9,78.8,5.4,100,A,Excellent
16075,16,89.9,3.6,90.8,A,Excellent
29818,27.5,82.5,1.9,92.8,A,Excellent
20965,21.4,83.6,5.4,100,A,Excellent
9212,8.5,89,6.2,62.9,C,Average
5861,23.7,82.8,4.1,100,A,Excellent
21725,23,90.3,6,100,A,Excellent
30633,31.4,87.2,3,100,A,Excellent
7811,19,86.9,6.3,95.3,A,Excellent
21865,16.9,73.5,7.6,100,A,Excellent
9218,16.9,100,5.4,70,B,Average
12370,19.7,87.7,0,100,A,Excellent
195,16.2,81.8,4.7,80.5,B,Good
6683,20,71.8,7.8,100,A,Excellent
39117,19,79.2,5.8,100,A,Excellent
29378,12.6,89.7,3,93.8,A,Excellent
21244,12.4,88.3,5.3,86,A,Good
26017,26,87.1,3.9,100,A,Excellent
36071,22.9,79.4,4.3,100,A,Excellent
38649,10.3,91.9,3.3,72,B,Average
32553,15.2,83.1,5.6,91.3,A,Excellent
5879,9.3,68.7,8.1,68.9,C,Average
25095,11.5,84,6.8,75.9,B,Good
8460,26.1,74.6,9,100,A,Excellent
14019,12.1,99.5,6.6,68.1,C,Average
6858,13,92.1,6.3,74.3,B,Average
32388,0.3,82,4.2,40.4,D,Poor
17234,9.5,85.8,4.3,61.6,C,Average
1078,12,71.2,6.3,79.1,B,Good
6462,6.1,77.9,5.7,69,C,Average
29583,17.4,85.2,4.9,100,A,Excellent
26495,22.4,100,5.4,100,A,Excellent
39699,19.2,72.7,5,100,A,Excellent
33152,17.5,69.2,3.8,88.5,A,Good
10973,27.8,84.7,8.9,100,A,Excellent
11776,10.3,86,7,72.6,B,Average
35639,21.2,76,5.5,100,A,Excellent
14336,22.6,78.2,3.6,100,A,Excellent
8097,23.1,75.7,5.8,95.2,A,Excellent
23264,17.6,84.6,5.3,91.4,A,Excellent
3822,16.9,73.8,5,84.3,B,Good
24216,12.7,89.5,7.7,87.2,A,Good
20504,15.2,80.4,6.7,100,A,Excellent
16003,8.6,100,6.6,81.6,B,Good
2259,0,95.4,4.4,34.9,F,Poor
32168,9.2,94.9,7.6,64.2,C,Average
6247,18.8,79.7,6,85.7,A,Good
35357,19.2,76.7,3.2,84.9,B,Good
4849,11.1,98.2,6.9,62.6,C,Average
20898,16.1,90.2,8.6,91.1,A,Excellent
33368,27.7,81.4,5.6,100,A,Excellent
34627,11.1,90.1,6.4,81.1,B,Good
27225,8.1,89.5,8.6,77.3,B,Good
25917,15.1,87.3,5.5,72.4,B,Average
27397,7.4,80.5,4.4,55.1,C,Poor
5473,12.4,71.2,4.2,76.5,B,Good
26255,11,78.3,6.3,66.2,C,Average
9957,17.7,88.1,6.8,100,A,Excellent
14531,12.8,76.1,3.7,78.8,B,Good
6661,20.8,84.6,7.9,100,A,Excellent
3454,11.1,73.2,6.9,77.8,B,Good
23697,6.1,83.5,5.6,50.2,D,Poor
21602,9.2,83.4,5,67.8,C,Average
31172,14.4,74.6,6.2,90.7,A,Excellent
36983,9.6,74.5,6.2,74.2,B,Average
16804,10.3,88,8,84,B,Good
6711,22.5,74.9,6.6,97.6,A,Excellent
16889,12.8,83.7,5.3,86.8,A,Good
31393,5.9,100,1.7,60.8,C,Average
10532,11.3,81.1,6.3,83.5,B,Good
1971,19.2,82.5,7.2,100,A,Excellent
7496,11.5,83.7,4.9,89.1,A,Good
10856,9.6,92.3,4.3,79.8,B,Good
5068,26.3,100,1.8,100,A,Excellent
760,19.9,81.7,6.4,100,A,Excellent
33568,3.5,88.6,6,54.1,D,Poor
22074,7,76.6,2.4,72.2,B,Average
1351,6.8,79,3.7,62.2,C,Average
6932,21,90.3,4.9,100,A,Excellent
27604,22.4,84.1,9.6,100,A,Excellent
1801,28.3,81.9,8.6,100,A,Excellent
19288,21.2,93.4,6.4,100,A,Excellent
7795,15.5,82.1,3.1,74.4,B,Average
31757,9.1,58.8,7.5,72.9,B,Average
35982,26,74.6,2.2,97.1,A,Excellent
28280,21.8,84.7,4.8,100,A,Excellent
4409,18.8,96.7,3.9,96.1,A,Excellent
7413,13.4,94.9,6.1,94.9,A,Excellent
36835,27.8,90.8,5.9,100,A,Excellent
21165,10.9,87.1,4.6,81.6,B,Good
25382,19.6,86.2,6.3,91.3,A,Excellent
26232,22.3,65.6,6.7,100,A,Excellent
39667,13.6,71.8,9.1,88.9,A,Good
29964,14.9,77.4,8,81.1,B,Good
16862,21.3,77.7,6,100,A,Excellent
39751,19,100,4.7,93.6,A,Excellent
25621,22.8,81.8,7.5,100,A,Excellent
7770,23.2,73.9,1.7,100,A,Excellent
7860,18.8,89.8,4.5,100,A,Excellent
11856,0,75.6,7.8,45.9,D,Poor
35932,16.4,91.9,5.9,98.9,A,Excellent
949,14.7,83.8,5.3,90.8,A,Excellent
6907,6.9,86.1,2,60.7,C,Average
6506,13.2,80,6.2,73.5,B,Average
17715,12.7,70.8,7.8,93.3,A,Excellent
9747,14.2,76.2,6.4,95.6,A,Excellent
31916,19.1,96.2,7.9,91.6,A,Excellent
30832,0,84,7.7,75.5,B,Good
1205,15.3,93.1,4.4,87.3,A,Good
19460,24.4,85.5,4.9,97.2,A,Excellent
17829,21.2,85.1,5.1,81.8,B,Good
20824,13.4,86,8,70.4,B,Average
20955,13.2,90.7,2.9,79.7,B,Good
25904,0,75.4,3.5,54.3,D,Poor
27179,14.9,68.5,6.7,95,A,Excellent
3323,4.2,71.8,7.3,48,D,Poor
12283,19.6,82.4,5.4,90.7,A,Excellent
16411,24.5,92.2,9.5,100,A,Excellent
25417,20.7,64,5.4,100,A,Excellent
19534,12.9,93.7,3.4,67.4,C,Average
37688,16.9,80,8.1,100,A,Excellent
4100,15.5,93.3,5.3,72.7,B,Average
34717,11.6,91.2,4.3,76.2,B,Good
19784,9.6,68.4,3.6,55.3,C,Poor
29171,8,89.5,4.2,75.1,B,Good
467,19.3,72.7,7.2,92.8,A,Excellent
38521,0,77.6,4.5,64.6,C,Average
11999,14.3,91.1,7.9,86.1,A,Good
35731,16.2,87.8,5.7,85.7,A,Good
10984,18.8,73.8,6.2,99,A,Excellent
10709,13.7,94.7,4.9,79.6,B,Good
35065,14.1,93.2,4.7,71,B,Average
37594,16.4,79.9,4.8,86.2,A,Good
23466,8.4,88.6,3,67.7,C,Average
26294,19.3,94.7,6.7,100,A,Excellent
25398,19.4,97.4,4.4,100,A,Excellent
38974,22.1,80.6,6.1,100,A,Excellent
34241,8.6,92.6,2.7,63.2,C,Average
33650,13.1,93.3,9.9,87.2,A,Good
21989,28,79.4,3.5,100,A,Excellent
33879,9.1,89,7.5,69.4,C,Average
38895,31.2,79.3,8,100,A,Excellent
2618,15.6,94.3,4.7,73.6,B,Average
5792,0,80.6,6,40.6,D,Poor
25350,8.2,76.1,5.2,79.1,B,Good
30006,19.9,86.3,4.8,99.1,A,Excellent
33934,23.9,62.4,9.2,100,A,Excellent
32180,13.9,94,5.2,95.6,A,Excellent
38984,2.4,85.2,6.4,50.5,D,Poor
33335,6.3,86.6,4.8,59.6,C,Poor
28322,13.5,90.6,3.7,93,A,Excellent
17263,15.6,100,9.1,88.9,A,Good
30390,16.3,84.7,5.9,77.9,B,Good
15945,18.8,89.5,10,100,A,Excellent
11959,9.2,68.5,3.6,71.7,B,Average
4208,0,86.6,4,41.4,D,Poor
34789,17.4,94.5,5.6,100,A,Excellent
32250,22.3,86.8,7.7,100,A,Excellent
2208,17.5,77,7,81.8,B,Good
11802,15.2,94,6.4,95,A,Excellent
16666,19.4,100,5.2,100,A,Excellent
5307,14.1,88.8,7.8,79.6,B,Good
28990,2.3,88.7,3.3,57.3,C,Poor
14233,6.2,96.8,5.4,80.6,B,Good
12167,10.2,93.8,5.2,80.4,B,Good
31666,1.3,72.5,6.8,60,C,Average
4183,9.1,88,4.6,71.1,B,Average
28654,7.3,98.2,5.8,68,C,Average
7847,8.8,80,7.7,66.6,C,Average
5168,13.9,70.6,4.2,74.6,B,Average
25877,16.3,67.4,4.8,87.7,A,Good
21073,24.5,74.3,9.8,100,A,Excellent
13659,16.2,86.3,3.5,91,A,Excellent
1383,30.1,72.7,7,100,A,Excellent
21889,18.6,95.2,4.6,85,A,Good
16706,16.8,92,9,89.9,A,Good
35124,7.6,67.8,7.9,76.3,B,Good
9002,22.5,66.9,5.9,100,A,Excellent
16389,18.6,83.9,7.6,100,A,Excellent
7085,12.8,73.3,3.2,86.3,A,Good
16593,21.7,82.5,7.1,99.1,A,Excellent
32821,40,81.7,4.8,100,A,Excellent
24706,12.2,78.8,8.5,89.4,A,Good
4280,17.5,86.2,3.8,100,A,Excellent
14930,15.6,65.7,5.5,87.8,A,Good
39260,8.5,78.3,4.9,67.2,C,Average
25791,19.2,79.6,6.3,99,A,Excellent
22794,27.7,77.2,10,100,A,Excellent
21000,0,89.9,8.1,46.2,D,Poor
9174,6.9,78.9,5.3,73.1,B,Average
15558,23.1,84.1,4.6,96.6,A,Excellent
31170,28,63.8,8.6,100,A,Excellent
29068,10.9,58.4,6.2,64.2,C,Average
22547,16.9,94,7.4,99.8,A,Excellent
10028,13.2,50,6.3,100,A,Excellent
7688,18.8,65.1,10,100,A,Excellent
13973,16,95.1,10,100,A,Excellent
29190,15.6,88.6,7.6,86.8,A,Good
30542,15.9,97.7,4.4,88.3,A,Good
1272,19.3,62.9,6.5,91.9,A,Excellent
35450,14.6,83.7,4.2,100,A,Excellent
24032,11.3,100,7,93.4,A,Excellent
14003,30.6,83.9,7.9,100,A,Excellent
26599,22.8,94.4,6.2,100,A,Excellent
35931,31.5,81.8,5.9,100,A,Excellent
32066,16.7,92.4,5.4,100,A,Excellent
20616,11.6,83.4,8.7,79.4,B,Good
36980,23.8,85.1,5.1,100,A,Excellent
31192,8.6,100,6.6,70.5,B,Average
16230,19.3,92.6,6.9,92.4,A,Excellent
17766,9.9,97.7,7.7,69.5,C,Average
25293,8.9,83.1,5.3,62.7,C,Average
24304,17.2,89,4.6,84,B,Good
7247,14.2,68.1,6.3,86.1,A,Good
34327,8.4,87.2,3.5,76.6,B,Good
32493,25.8,79.6,5.9,100,A,Excellent
11429,14.4,79.2,9.4,92,A,Excellent
22920,13.4,82,5.2,82.1,B,Good
15927,8.3,78.5,4,66.6,C,Average
24860,21.7,90.5,7.8,100,A,Excellent
29236,21.4,68.2,5.4,100,A,Excellent
20187,20,78.6,5.1,100,A,Excellent
39008,17.7,94,7,94.8,A,Excellent
13043,27.2,85.2,5.4,100,A,Excellent
33372,24.8,88.2,5.3,100,A,Excellent
36122,21.8,74,6.8,94.7,A,Excellent
18249,5.4,74.2,4.3,100,A,Excellent
30513,9.9,80.1,6.9,70.7,B,Average
9674,3.8,82.5,5.6,72.8,B,Average
11653,16.9,83.1,8.1,87.2,A,Good
3016,22.3,74.7,5.2,100,A,Excellent
30977,18.3,83.6,9,82.5,B,Good
15686,16.7,81.8,4.3,100,A,Excellent
21823,11.7,89.8,1.8,60.8,C,Average
34053,9.4,78.9,4.9,84.7,B,Good
2153,15.1,88.5,8.2,87.5,A,Good
S112,9,81,5,73.5,B,Average
8812,17.3,78.9,6,92.7,A,Excellent
6027,22.5,77.8,7.7,100,A,Excellent
10417,23.9,81.6,9.3,100,A,Excellent
27044,26,79.7,8.2,100,A,Excellent
30076,20.6,85.1,3.2,100,A,Excellent
39185,30.7,83.8,4.9,100,A,Excellent
5959,11.9,68.5,9.3,82.3,B,Good
33416,21.4,77.4,4.8,87.5,A,Good
12626,18,92.4,9.7,95.3,A,Excellent
29874,22.7,88.4,10,100,A,Excellent
1923,7.5,81.2,5.5,88.8,A,Good
13936,12.2,86,6,100,A,Excellent
38836,7.9,72.9,5.7,66.1,C,Average
6529,15.1,89,0.8,86.5,A,Good
38735,16.5,88.5,5.4,90.4,A,Excellent
29517,15.5,73.5,4.3,81.1,B,Good
18359,15.5,87.8,6.5,80,B,Good
23436,20.7,76.8,3.5,76.8,B,Good
28069,10.2,78.5,3.3,80.1,B,Good
33519,28.2,100,6.1,100,A,Excellent
26265,11.9,75.9,6.3,93.3,A,Excellent
15653,18.5,64.2,2.4,100,A,Excellent
1684,17.3,69.7,8.2,95.4,A,Excellent
38367,14.4,90,7.1,81.7,B,Good
22731,24.8,59.7,10,100,A,Excellent
24851,11.2,85.5,7,75.2,B,Good
28290,21.8,98.2,8.3,94.3,A,Excellent
3391,4,84.1,7.5,67.5,C,Average
12901,10.4,84.3,4.4,81.1,B,Good
12788,0.8,82.3,4.3,50.5,D,Poor
31283,5.4,70.7,6.2,64.3,C,Average
6030,10.9,81.7,6.3,86.2,A,Good
33234,12.6,72.6,3.7,98.7,A,Excellent
14629,9.8,87.8,9.8,80.1,B,Good
24683,17.8,78.9,8.5,100,A,Excellent
7058,14.8,83,6.2,82.9,B,Good
18412,19.2,71.3,6.7,100,A,Excellent
3667,20.1,79.1,4.2,95.8,A,Excellent
15433,9.6,71,5.9,67.8,C,Average
27033,22.5,80.7,8,94.5,A,Excellent
2225,10.5,80.7,7,73.8,B,Average
29377,22.6,93.6,5.4,100,A,Excellent
18979,9.1,76.6,5.5,59.4,C,Poor
35394,9.9,73.6,4.8,88.7,A,Good
3993,1.2,52.6,2.6,64.1,C,Average
7869,6.9,92.2,7,69.4,C,Average
23433,18.8,89.4,5.6,93.8,A,Excellent
30827,17.6,68.7,7.8,80.9,B,Good
28785,16.6,81.6,7.4,90.1,A,Excellent
5637,29.6,84.6,4.7,100,A,Excellent
16269,12.9,97.1,5.3,82.5,B,Good
30117,16.5,97.3,4.4,94,A,Excellent
30088,6.3,97.5,3.4,62.2,C,Average
1534,14,82.8,8,91.8,A,Excellent
36056,11.7,84,3.7,66.7,C,Average
5821,15.2,73.5,5,89.3,A,Good
22042,20.7,82,3.6,100,A,Excellent
30835,11.5,76.5,5.4,67,C,Average
7780,8.4,94.8,8.6,83.8,B,Good
24321,7.5,92.7,5,67.5,C,Average
39544,13.2,85.2,7,86.6,A,Good
22322,24,81.6,8.1,100,A,Excellent
27027,21.3,87.3,8.4,100,A,Excellent
24275,21.1,77.6,3.8,100,A,Excellent
15645,18.3,96.7,8.1,63,C,Average
30547,24.7,98.3,4.7,100,A,Excellent
38862,15.4,83,3.6,87.7,A,Good
18199,10.4,100,7.6,83.3,B,Good
29510,14,76,2.9,88.2,A,Good
21477,8.3,88.6,6.1,64.5,C,Average
19671,4.6,91.5,5,66.7,C,Average
19299,19,80,4.3,88,A,Good
26241,23.8,88.2,4.2,100,A,Excellent
7673,17.3,76,7.6,92,A,Excellent
8921,26.8,69.3,6.8,100,A,Excellent
10172,21.4,64.1,4.1,100,A,Excellent
7881,5.8,87.3,4.3,68.5,C,Average
8259,12.7,97.6,5.3,86.9,A,Good
20847,23.6,91.7,8.8,100,A,Excellent
38512,16.4,82.4,2.1,96,A,Excellent
15439,15.7,94.2,9.6,81.2,B,Good
24564,19.5,100,8.2,89,A,Good
21815,18.1,76.2,5.6,100,A,Excellent
29614,7.1,86.4,5.2,53.4,D,Poor
27355,8.1,88.7,9,67.1,C,Average
13653,24.4,84.1,5.4,100,A,Excellent
17716,18,79.4,3.8,65.6,C,Average
37236,7.9,74.6,4.6,87.4,A,Good
28577,18.8,87.6,8.4,84.4,B,Good
27134,0,86.9,6.9,45.7,D,Poor
3626,8.4,75.2,8.1,69.5,C,Average
27054,6.8,95.1,7.2,73.3,B,Average
28234,7.1,72.2,0.5,63.6,C,Average
846,18.4,77.4,5.3,100,A,Excellent
9980,2.7,88.2,6.3,60.1,C,Average
25910,7.5,76.8,4.3,63.7,C,Average
2908,7.1,85.1,7.3,75.7,B,Good
92,21.8,92.7,7.9,100,A,Excellent
32567,20.1,74.9,4.4,89.6,A,Good
11223,14.5,80.8,5.1,67.4,C,Average
31193,30.9,80.3,5.3,100,A,Excellent
14934,28.6,76.9,6.9,100,A,Excellent
17680,13.7,83.7,4.2,80.1,B,Good
38206,11.7,76.7,3.7,77.6,B,Good
35695,5.6,84.8,5.9,62.4,C,Average
30361,20.6,66.9,5.3,80.1,B,Good
36483,17.7,94.1,6.2,96.5,A,Excellent
14302,9.7,73.1,9.1,77,B,Good
27079,22.1,82.1,3,93.8,A,Excellent
12074,4.5,76.4,10,61.3,C,Average
30107,22.5,97,3.9,100,A,Excellent
31317,12.5,72.6,7.5,68.8,C,Average
357,14.9,90.4,7.2,94.7,A,Excellent
8504,13.2,80,5.6,84.8,B,Good
17836,17,75.4,5.2,94.3,A,Excellent
13892,21.7,97,8.6,100,A,Excellent
17684,4.4,83.7,6.2,74.1,B,Average
26838,15.2,90.3,8.8,84.5,B,Good
20397,31.4,93.4,7.1,100,A,Excellent
31375,10.7,90.4,5.4,84.8,B,Good
3387,9.3,72.8,9.2,66.5,C,Average
39802,19.6,86.9,4.2,100,A,Excellent
37096,18.5,77.3,4.1,90.9,A,Excellent
9635,14.5,69.3,6.6,93.7,A,Excellent
39428,21.8,99.9,6.5,100,A,Excellent
29554,22.5,83.7,7.1,100,A,Excellent
1400,10.4,96.5,3.6,80.9,B,Good
8476,11,85.8,5.8,80.4,B,Good
2969,2.3,63.1,9.5,67.5,C,Average
29110,2.2,70.5,8.8,56.9,C,Poor
24916,10,82.5,6.2,79.6,B,Good
27062,12.1,83.4,4.4,74.8,B,Average
7927,8.7,86.2,5.6,72,B,Average
30687,15.2,83.7,5.9,75.4,B,Good
15967,12.3,93.3,8.6,86.3,A,Good
1941,17.2,72,10,100,A,Excellent
13079,22.1,81.9,6.2,100,A,Excellent
20775,5.1,97.4,6.8,57.2,C,Poor
18336,11.6,85.8,7.1,73.3,B,Average
23089,20,100,1.8,92,A,Excellent
19426,15.4,56.7,6.9,85,B,Good
23491,14.7,78.4,3.4,99.3,A,Excellent
5782,10.2,83.4,8.7,57.7,C,Poor
2621,19.9,81.8,4.3,76.5,B,Good
S069,6,79,6,69.5,C,Average
1636,12.2,89.5,6.2,96.2,A,Excellent
14089,10.3,84.5,6.6,75.7,B,Good
4846,18.7,78.7,5.2,85.3,A,Good
30155,16.4,95.3,5.9,90,A,Good
25792,6.4,72.1,5.4,51.4,D,Poor
5921,23.8,95.6,2.1,100,A,Excellent
10234,7.3,87.3,9.4,65,C,Average
17555,7,71.3,8.5,63.2,C,Average
29833,5.8,100,3.8,79.2,B,Good
37305,21.5,87.3,5.3,100,A,Excellent
10656,25.2,69.7,7.5,100,A,Excellent
32640,23.4,100,6.8,100,A,Excellent
35790,32.1,77.8,5.1,100,A,Excellent
15633,0,80.3,6,59.5,C,Poor
36763,5,82.1,6.2,69.1,C,Average
26287,16.5,84.3,7.6,93,A,Excellent
4423,23.8,82.2,6.6,100,A,Excellent
38636,17,100,5.6,76.9,B,Good
8579,0,77.2,4.1,42.8,D,Poor
17637,18.8,86.9,7.8,100,A,Excellent
29968,7.2,79.4,5.6,52,D,Poor
38553,28.5,86.2,8.8,100,A,Excellent
36659,11.7,84.1,5.6,70.3,B,Average
32608,19.7,86.9,5,100,A,Excellent
3512,8.9,81.9,4.1,57.4,C,Poor
20866,3.7,91,7.7,83.7,B,Good
35263,3.5,90.9,7.3,65.9,C,Average
6904,11.7,81.2,5.7,74.7,B,Average
6386,23.9,95.6,3.5,100,A,Excellent
23243,10,100,3.8,84.5,B,Good
28686,13.6,84.6,7.5,85.9,A,Good
1927,0,73.1,4.8,59.2,C,Poor
13204,15.7,99.7,7.3,70.8,B,Average
9010,23,82.4,3,100,A,Excellent
6608,16.3,86.8,9.3,99.1,A,Excellent
8156,12.3,71.8,7,73,B,Average
21038,13.9,76.3,10,87.7,A,Good
7109,0,82.4,4.3,58.8,C,Poor
5413,9.7,70.4,7.6,94.8,A,Excellent
34468,14.2,77.3,6.3,90,A,Good
25932,6.8,84.3,6.1,74,B,Average
35441,15.5,69.9,9.7,85.9,A,Good
27183,9.2,84.3,6.8,79,B,Good
29346,22.8,98.6,3.5,98.3,A,Excellent
21380,10,97.4,4.9,79.6,B,Good
16908,15.7,90.9,5.6,100,A,Excellent
30707,11.5,89.8,8.9,78.7,B,Good
31385,5.4,93.6,4.1,57.2,C,Poor
21174,18.3,85.3,7.6,100,A,Excellent
25992,10,84,7.2,75.1,B,Good
13832,16.9,73,7,81.9,B,Good
20751,22.4,77.7,6.5,100,A,Excellent
35261,9.1,80,4,66.8,C,Average
14425,12,78.8,5.9,85.8,A,Good
6266,16,67.3,8.2,74.4,B,Average
120,20.3,96.1,7.7,95.4,A,Excellent
35926,13.2,82.3,6,70.4,B,Average
7644,15.1,96,8.7,87,A,Good
7672,0.9,93,7.7,58.5,C,Poor
30536,10.7,77.6,6.9,70.3,B,Average
11801,15,69.7,5.6,88.5,A,Good
27939,23.5,77.4,4.2,100,A,Excellent
34090,19.4,86.3,4.8,100,A,Excellent
9425,21.1,86.2,4,100,A,Excellent
3819,12.2,78,7.3,94.3,A,Excellent
39206,5.4,71.5,8.7,58,C,Poor
15377,23.1,100,4.9,100,A,Excellent
16768,11,80.2,9.1,73.2,B,Average
2754,13.9,77,4.9,78.1,B,Good
5911,18.5,81.9,3.6,83.7,B,Good
21186,26.6,83.1,5.5,100,A,Excellent
36900,1.2,75.8,7.7,38.8,F,Poor
9437,15.8,85.7,5,100,A,Excellent
14416,9.1,81.7,6.8,75.6,B,Good
34766,7.2,67.7,6.7,63.2,C,Average
17467,13.1,84.2,3.1,77.2,B,Good
17075,13.3,89.4,3.9,82,B,Good
11731,7.8,92,5.9,88.2,A,Good
21085,17.4,75,3.7,100,A,Excellent
16969,10,99.1,4.6,73.9,B,Average
8860,2.3,79.1,3.4,70.9,B,Average
26377,21.1,76.4,4.6,100,A,Excellent
29859,14.8,100,7.9,80.7,B,Good
21375,14,78.3,4.8,89.2,A,Good
16257,6.9,79.3,5,70.2,B,Average
36178,16.1,86.1,8.1,86.5,A,Good
18111,15.8,71.3,3.5,80.9,B,Good
5368,12.9,79.9,6.4,80.1,B,Good
30640,17.8,76,7.4,89.2,A,Good
12825,11.2,87,8.8,77,B,Good
38618,5,97.5,5,52.2,D,Poor
16860,19.7,77.3,6.1,100,A,Excellent
25084,18.2,79.1,5.1,96.5,A,Excellent
13067,31.8,79.7,5.5,100,A,Excellent
18375,21.3,78,5.6,100,A,Excellent
23593,10.8,85.6,9,56.1,C,Poor
3810,20.7,85.9,6.6,100,A,Excellent
37444,18.3,62.5,7.1,100,A,Excellent
37125,18.2,90.9,5.9,100,A,Excellent
12030,21.6,79.9,5.1,100,A,Excellent
29895,13.2,73.3,9.2,98.4,A,Excellent
35797,16.1,98.1,5.1,75.9,B,Good
17312,30.8,90.8,3.6,100,A,Excellent
8213,9.5,95,7.7,62.2,C,Average
38383,0.6,96.8,6.8,49.7,D,Poor
26983,13.8,89.8,7.1,81.6,B,Good
30520,14.2,100,6.5,89,A,Good
440,14.6,81,5.5,75.3,B,Good
22189,21.9,85.6,7.4,96.3,A,Excellent
2324,26.7,100,3.4,97.2,A,Excellent
6258,5.6,100,6.6,83.4,B,Good
11865,13.8,98.6,4.4,78.5,B,Good
23231,27.8,88.1,5.5,100,A,Excellent
3377,13,75.4,6,88.1,A,Good
30090,19.6,67.2,7.7,100,A,Excellent
5432,10.7,74.6,4.9,80.2,B,Good
38912,3.5,95.7,6,76.9,B,Good
38121,24.8,91.5,6.1,100,A,Excellent
34641,28.4,91.1,3.2,100,A,Excellent
35688,0,77.1,4.4,55.3,C,Poor
17474,9.8,81.7,5.5,85.6,A,Good
11123,19.6,71.8,4.1,100,A,Excellent
19041,23.9,94.7,4,100,A,Excellent
1220,30,82.2,2.9,100,A,Excellent
7183,20.1,99.5,5.8,98.4,A,Excellent
2311,12.8,79.6,3.9,77.5,B,Good
5000,25.3,93.4,73.4,77.2,B+,
13287,23.3,82.5,5,100,A,Excellent
14490,1.3,82.4,8.4,37.9,F,Poor
6735,19.3,81.6,7.6,100,A,Excellent
12774,20.1,83.2,8.9,91.7,A,Excellent
28721,27.7,84,8.4,100,A,Excellent
29552,15.9,79.1,5.9,93.6,A,Excellent
11909,10.2,68.4,7.7,78.4,B,Good
12675,3.9,79.4,4.9,46.5,D,Poor
25013,20.1,90.7,6.9,100,A,Excellent
S134,10,66,3,62,C,Average
17367,12.3,79.4,3.5,100,A,Excellent
34916,8.8,88.8,3.2,81.4,B,Good
25028,15.1,87.7,8,84.1,B,Good
16347,15,78.5,8.2,85.1,A,Good
24950,18.3,91.7,4.9,100,A,Excellent
23902,20,89.3,4.9,91.9,A,Excellent
36452,22.9,96.9,6.2,100,A,Excellent
675,5.1,88.4,6.2,70.5,B,Average
3271,13.5,94.3,5.1,87.4,A,Good
29329,14.9,77.5,1.3,92.9,A,Excellent
14514,11.5,86.1,4.6,80.7,B,Good
21147,15.6,100,4,98.4,A,Excellent
6476,19.3,78.2,7.6,98.2,A,Excellent
38332,7.3,100,4.5,69,C,Average
13878,15.1,77.4,4.5,100,A,Excellent
420,15.5,98.2,4.7,90.5,A,Excellent
5228,17.9,83.9,5.8,94.4,A,Excellent
8868,9.1,92.2,7.5,74.8,B,Average
39685,22.2,79.2,8.5,88.1,A,Good
6234,0,89.3,5.6,37,F,Poor
33504,24.5,98.9,7.1,100,A,Excellent
28264,8,74.5,7.3,68,C,Average
7655,22.6,86.1,6,100,A,Excellent
25171,17.1,88.5,9.2,88.1,A,Good
24061,33.1,86.2,6.4,100,A,Excellent
38391,4.3,91,9.5,54.9,D,Poor
14049,9.5,97.6,4.4,81,B,Good
17447,12.3,100,2.1,76.6,B,Good
32309,20.4,82.1,7.3,100,A,Excellent
23482,19.9,95.6,2.1,97.4,A,Excellent
15354,13.5,85.3,5.7,72.6,B,Average
S035,3,71,6,59.5,D,Poor
14906,22.9,70.1,7.2,100,A,Excellent
18637,18.1,100,5,100,A,Excellent
28977,10.3,80.8,10,81.4,B,Good
24341,11.5,85.1,3.4,79.4,B,Good
15299,0,94.3,7.6,63.7,C,Average
32794,1.8,100,5.6,69.4,C,Average
28714,12.5,91.2,4,81.2,B,Good
37463,3.9,86.2,4.8,58,C,Poor
28894,19.4,76.4,5.7,90,A,Good
21235,16.7,83.8,4.2,91,A,Excellent
7169,22.6,77.2,6.2,86.4,A,Good
19371,15.9,95.6,4.4,100,A,Excellent
27809,18.8,87.7,8,79.6,B,Good
5715,17.8,89.5,5.4,96.6,A,Excellent
38538,10.7,75.7,7.2,76,B,Good
38458,6.9,91.8,4,62.4,C,Average
36463,15.2,84.7,6.8,83.6,B,Good
36015,23.7,86.6,5.6,100,A,Excellent
5999,18.3,88.2,5.1,99.9,A,Excellent
19585,34.5,80.9,5.3,100,A,Excellent
18682,19.9,82.3,5.4,92.2,A,Excellent
31113,5.7,100,5,62.6,C,Average
38063,12.3,84.9,5.4,76.7,B,Good
38334,14.2,80.4,7.1,67.5,C,Average
14298,8.9,87.1,6.2,63.5,C,Average
21379,23.1,80.9,8.5,100,A,Excellent
39700,17.3,80.8,5.4,100,A,Excellent
12775,13.9,90.1,3.1,85.7,A,Good
34068,18.7,100,2.9,98.5,A,Excellent
31160,26,93.9,6,100,A,Excellent
26054,9.2,100,5.4,77.8,B,Good
34757,10.8,86.5,5.9,83.4,B,Good
32586,14.7,86.1,5,80.2,B,Good
37890,21.4,73.2,3.8,91.9,A,Excellent
2508,23.7,88.3,6.8,100,A,Excellent
23326,21.2,98.5,1.3,97.2,A,Excellent
9810,13.6,92,7.5,85.3,A,Good
30507,11.5,84.9,3.6,75.5,B,Good
15765,25.6,90.5,8.3,100,A,Excellent
18717,13.2,97.6,7.5,90.4,A,Excellent
31739,5.6,90.5,4,79,B,Good
10550,20,86.3,2.3,97.2,A,Excellent
25297,18.6,86.8,4.9,98.7,A,Excellent
28885,14.1,85.7,5.2,75.3,B,Good
30839,11.2,80.4,7.7,73.9,B,Average
33438,0,88.4,7,39.2,F,Poor
22639,9.1,77.1,6.3,86.2,A,Good
12056,16.7,65.6,7.4,100,A,Excellent
1010,11.3,89.8,4.9,84.2,B,Good
22496,11.6,92,3.7,67,C,Average
4947,9.8,99.8,7.5,78.3,B,Good
18988,18.8,71.4,8.5,100,A,Excellent
8214,8.2,76.7,8.1,75.5,B,Good
35940,5.4,78.7,6.4,74,B,Average
23944,11.8,73.3,8.3,89.8,A,Good
231,9.9,94.1,4.5,79,B,Good
8116,13.9,93.3,6.6,89.8,A,Good
8217,25.4,90.7,9.7,100,A,Excellent
12488,24.5,84,3.4,100,A,Excellent
36646,21.4,89.6,2.7,88.4,A,Good
31747,23.1,92.4,5.8,100,A,Excellent
16338,12.1,94.1,7.1,91.5,A,Excellent
34725,15.2,70.9,8,80.3,B,Good
29677,12.4,75,6.8,69.1,C,Average
26144,22,91.1,2.5,100,A,Excellent
14268,21,92.5,8.4,95.6,A,Excellent
29878,26.8,87.3,6.5,98.6,A,Excellent
20645,23.2,92.7,7.1,100,A,Excellent
29139,10,100,9.1,60.4,C,Average
29390,27.1,99.2,5.6,100,A,Excellent
29957,25,98.1,3.5,100,A,Excellent
36168,25.9,100,3.5,100,A,Excellent
20776,6.7,96.4,5.7,77.6,B,Good
12800,26.2,69.2,3.7,100,A,Excellent
1151,8.1,82.3,5.4,66.4,C,Average
30340,24.1,100,5.8,100,A,Excellent
8480,5.6,96.9,7.3,61.7,C,Average
S014,4,80,5,63,C,Average
13178,28.9,97.2,9.2,100,A,Excellent
6043,30.4,90.1,5.6,100,A,Excellent
32254,15.1,74,9,100,A,Excellent
15865,13.5,91.8,5.2,75.5,B,Good
6857,16.1,88.4,7.1,87.2,A,Good
15494,1.8,98.7,3.7,42.3,D,Poor
168,28.3,87.7,3.9,100,A,Excellent
27458,21.1,100,4.5,91.7,A,Excellent
4828,20.6,83.4,8.5,91.3,A,Excellent
24193,6.6,85,5.6,48.1,D,Poor
14851,2.3,90.3,5,53.3,D,Poor
S170,17,90,6,97,A+,Excellent
21929,22.1,68.8,4,100,A,Excellent
37311,15.9,73.8,7.1,76.8,B,Good
35362,14.9,89.5,4.9,81.7,B,Good
2614,15,81.5,6,65,C,Average
10985,21.6,75.1,6,93.5,A,Excellent
10593,14.4,71.1,7.6,81.8,B,Good
30206,20,81.9,4.9,100,A,Excellent
2378,5.7,85.7,6,60.5,C,Average
37332,14.1,90,9.4,87.1,A,Good
6363,11.4,60,2.6,64.6,C,Average
38806,24,86.7,8,100,A,Excellent
10260,14.8,79.5,5.4,67.4,C,Average
28973,10.8,87.1,9.2,91,A,Excellent
23699,14.4,77.6,2.8,70.4,B,Average
39519,8,88.7,6.7,49.9,D,Poor
15489,16.9,85.2,4.9,97.2,A,Excellent
22621,25.3,100,5,100,A,Excellent
7184,8.5,72.6,5.1,68.5,C,Average
25845,20.3,80.3,2.1,100,A,Excellent
21067,27.5,80.3,8.9,100,A,Excellent
34852,18.5,76.9,3.2,92.7,A,Excellent
15422,12.8,84.4,6.4,87.2,A,Good
493,15.5,70.6,8.4,100,A,Excellent
6635,9.7,91.8,4.5,68.4,C,Average
28333,6.1,97.1,6,53.2,D,Poor
14524,23.3,67.9,6.8,100,A,Excellent
33060,12.4,91.5,5.4,81.1,B,Good
26648,18.4,81.7,8.8,99.1,A,Excellent
19435,14.6,67.2,8.4,100,A,Excellent
11946,15.3,81.8,4.6,86.1,A,Good
9656,24.1,88.3,4.2,100,A,Excellent
6908,12.5,87.9,8.7,65.2,C,Average
7180,9.9,90.5,3.8,63.1,C,Average
32926,19.1,85.6,7.2,100,A,Excellent
22455,4.4,81.5,9.4,61.2,C,Average
38650,34,88.6,4.2,100,A,Excellent
8482,14.8,88.6,7.1,75.2,B,Good
15836,24.6,74.3,4.4,93.7,A,Excellent
18134,22.6,70.4,5.8,100,A,Excellent
20115,17.1,90.2,8,95.9,A,Excellent
37555,20,100,4.2,92.4,A,Excellent
14725,12.6,71,8.8,87,A,Good
26332,9.2,87.2,4,71.4,B,Average
14116,17.7,70.3,3.2,82.7,B,Good
25037,3,73.4,6.3,61,C,Average
19403,9.5,82.5,8,83.5,B,Good
22651,23.8,94.2,5.7,100,A,Excellent
8679,18,65.4,1.8,93.2,A,Excellent
23106,8.6,100,7.1,70.4,B,Average
19424,16.2,92.1,4.3,90.1,A,Excellent
11030,16.7,77.6,8.7,82,B,Good
12380,20.4,81.7,2.9,94,A,Excellent
34709,15.5,93.4,8.3,82.2,B,Good
38613,17.9,99.7,5,100,A,Excellent
1844,15.6,80.8,6.6,96.1,A,Excellent
867,17,79.6,10,87.1,A,Good
25628,18,87.5,5,76.2,B,Good
7724,15.1,99.8,7.1,87,A,Good
3663,17.6,91.3,6.7,100,A,Excellent
12863,18.7,85.8,10,98.3,A,Excellent
20777,15.9,95.4,5.1,88.7,A,Good
2874,10.9,83.5,3.6,83.8,B,Good
9406,27.6,82.8,4.6,100,A,Excellent
10011,21.5,77.6,7.6,94.9,A,Excellent
21222,19.9,74.9,4.1,100,A,Excellent
24935,20.5,86.8,6.8,93,A,Excellent
23693,21.5,92,4.5,100,A,Excellent
25937,15.3,80.7,8.3,79.3,B,Good
15642,18.4,89.1,5.4,100,A,Excellent
29001,19.2,73.9,6.1,94.3,A,Excellent
8763,6.7,86.8,1.8,67.9,C,Average
9064,9.5,59.5,8.2,72.7,B,Average
21296,18.6,81.9,3.8,89.6,A,Good
36111,13.8,81.7,4.7,73.8,B,Average
736,18.3,88.2,3.9,98.8,A,Excellent
10575,7.2,90.5,10,57.9,C,Poor
2714,5.2,74.5,5.6,72.7,B,Average
24943,16.9,78.8,3.2,94.5,A,Excellent
35482,21.1,88.7,7.3,92.2,A,Excellent
26636,9,78.4,4.6,58.3,C,Poor
23820,11.3,94.9,1.7,87.6,A,Good
29157,4.3,80.5,8,67.4,C,Average
32296,4.4,100,6.9,72.6,B,Average
38526,22.6,75,7.5,100,A,Excellent
3776,18.3,75.7,8.2,98.2,A,Excellent
18549,9.7,73.8,5.8,82.6,B,Good
10509,18.4,90,4.5,97.3,A,Excellent
26872,17.5,81.3,7.4,97.8,A,Excellent
29888,18,88,6.8,96.3,A,Excellent
37573,2.2,88.1,5.1,52.6,D,Poor
39651,24.9,100,8.8,100,A,Excellent
26478,23.4,83,6.2,100,A,Excellent
35194,22.6,100,7,99.3,A,Excellent
12136,18,73.9,6,85.7,A,Good
35671,13.6,96.9,5.9,100,A,Excellent
29312,14.5,88.6,6.4,83,B,Good
28408,12.7,84.5,5.8,73.6,B,Average
34954,16.7,66,6,82.7,B,Good
38928,12.7,96.1,6.6,72.1,B,Average
6622,16.3,72.6,6.3,76.5,B,Good
27095,20.9,89.8,5.1,100,A,Excellent
33068,17.8,91.7,5.8,80.1,B,Good
13763,12.5,97.5,6.2,73.7,B,Average
22212,13.6,83.1,9.2,100,A,Excellent
8172,23.8,90.3,6.2,100,A,Excellent
35336,12.9,88.1,4.7,94.8,A,Excellent
6950,19.9,80.4,3.1,100,A,Excellent
26423,18.1,86.8,8,100,A,Excellent
5347,13.1,76.7,10,100,A,Excellent
34913,4.1,75.5,7.9,56.9,C,Poor
38986,16.3,91.5,7.9,92.6,A,Excellent
5627,17.3,95.6,2.9,100,A,Excellent
7736,3.3,78.2,4.8,51.7,D,Poor
17173,6.8,92.7,6,54.5,D,Poor
14961,19.4,84.9,6.3,97.8,A,Excellent
20764,17.1,84.9,3.7,100,A,Excellent
10738,8,86.5,8.8,77.2,B,Good
8245,10.1,95.2,6.2,61.3,C,Average
37041,10.7,79.3,6.8,83.9,B,Good
12148,20.7,96.4,5.3,100,A,Excellent
1092,14.7,94.9,4.5,99.4,A,Excellent
38190,15.1,74.6,9.9,95.3,A,Excellent
23655,15.2,88.7,6.3,98.3,A,Excellent
18126,20.4,82.3,7.8,89.8,A,Good
30742,20.3,66.1,4.6,97,A,Excellent
21237,20.5,78.3,7.2,100,A,Excellent
31660,7.3,80,5.5,62.8,C,Average
12627,14.1,93.8,7.1,100,A,Excellent
24469,20.3,100,3.5,94.1,A,Excellent
28847,13,83.7,3.3,90.6,A,Excellent
6738,17.3,87.7,5.5,81.4,B,Good
35327,14.6,95.9,6.9,77.8,B,Good
30489,17.6,81,8.4,100,A,Excellent
3310,15,96.5,3.1,99.9,A,Excellent
3262,15.3,76.8,8.2,98.5,A,Excellent
36935,21.9,84,4.9,99.1,A,Excellent
23107,17.9,76.7,8.1,100,A,Excellent
18459,15.5,68.9,8.2,88.1,A,Good
20719,18.9,67.6,3.9,90,A,Good
965,14.4,96.9,5.3,95.9,A,Excellent
11190,2.9,81,3.2,71.6,B,Average
22112,17.6,73.1,0,99.4,A,Excellent
3953,30.3,53.2,5.6,100,A,Excellent
24627,18,100,4,95,A,Excellent
27382,24.1,67.3,10,100,A,Excellent
29871,17.6,83.7,6.5,100,A,Excellent
27105,18.9,94.9,2,92.5,A,Excellent
28998,13.8,93,4.1,68.5,C,Average
28657,8.4,86.6,4.8,69.8,C,Average
25419,23.9,78.4,7.9,100,A,Excellent
37738,5.6,90.1,9.1,62.7,C,Average
33414,19.2,83.3,7.5,94.6,A,Excellent
18906,10.7,71.2,5.6,69.4,C,Average
30019,19.2,84.8,3.9,81.6,B,Good
18040,11.9,89.8,4.7,90.7,A,Excellent
29220,12.9,71.7,5.3,71.8,B,Average
8094,11.6,77.3,9.3,90.7,A,Excellent
14377,10.9,94.7,2.7,76.5,B,Good
21948,14.8,78,5.9,80.3,B,Good
26146,13.9,91.6,6.3,64.8,C,Average
15328,4.5,84.2,5.5,59.6,C,Poor
2872,18.2,93.5,8,89.4,A,Good
7914,18.8,90.7,7,91.5,A,Excellent
36899,15.6,80.3,7.6,87.3,A,Good
6013,16.4,76.4,5.6,85.1,A,Good
14943,9.8,78.5,10,70.9,B,Average
365,19.8,80,1.9,95.4,A,Excellent
30371,18.9,67.8,4.2,94,A,Excellent
16213,24,84,3.9,100,A,Excellent
7981,8.5,84.6,5.5,95.3,A,Excellent
19513,10.6,78.1,3,74.8,B,Average
1215,12.9,88.2,6.6,73.7,B,Average
28125,16.9,96.7,7.7,100,A,Excellent
28614,16.7,95.2,6.7,91.1,A,Excellent
12617,26.7,74.8,6.6,100,A,Excellent
64,6.6,85.3,3.4,69.9,C,Average
34740,8.8,95.3,7.5,65.9,C,Average
7273,21.3,92.9,9.4,95.8,A,Excellent
38258,32.5,89.8,6.7,100,A,Excellent
13644,5.9,91,7.2,75,B,Good
5723,9.6,79.9,3.2,65.2,C,Average
33554,12.2,91.8,7.1,73.3,B,Average
17730,13.9,88.9,4.9,80.6,B,Good
12446,28.7,85.8,7,100,A,Excellent
20051,0.5,90.8,6.6,53.9,D,Poor
36515,0.9,90.1,3.6,56.2,C,Poor
30917,9.2,95.9,9.1,72.4,B,Average
36103,10,68.2,7.4,69.3,C,Average
24812,15.5,83.5,4.3,80.1,B,Good
6919,27.3,66.7,7.6,100,A,Excellent
5561,7.7,64.5,2.2,73.5,B,Average
27219,20.3,95.9,4.9,100,A,Excellent
16550,22.1,81.6,3.2,100,A,Excellent
14439,13,94,6.4,90.2,A,Excellent
29651,17.2,86.1,5.1,99.9,A,Excellent
18056,23.2,68.3,4.7,97.4,A,Excellent
31017,6.9,87.7,2.4,86.9,A,Good
19916,14.8,96.1,3.3,85.5,A,Good
22084,14.1,85.3,7.5,62.3,C,Average
18171,18.3,70.7,8,89.7,A,Good
32147,7.2,86.3,8.6,68.8,C,Average
38423,24.5,73,4.4,100,A,Excellent
1753,10.4,98.1,6.5,87.8,A,Good
1519,7.8,91,9.2,77.8,B,Good
29081,16.4,86.9,9.6,100,A,Excellent
17103,1.9,92.8,5.7,42.3,D,Poor
23970,13.2,92.9,5.2,66,C,Average
23885,10.1,90.1,4.4,63.4,C,Average
10971,17.6,78,8.2,99.4,A,Excellent
21986,23.2,86.3,6,99.6,A,Excellent
24672,18.8,81.1,9.5,98.3,A,Excellent
37901,6.4,86,6.3,65.2,C,Average
6473,15.9,83.4,4.4,77.8,B,Good
6987,5.2,100,6.7,40.2,D,Poor
7949,21.8,90.2,5.3,100,A,Excellent
4602,21.6,87.1,6.7,100,A,Excellent
18326,19.2,85.1,5.2,95.1,A,Excellent
17073,21.4,88.3,4.6,100,A,Excellent
2803,17.4,77.4,7.3,90.4,A,Excellent
10465,13.1,95.2,2.3,100,A,Excellent
28006,24.6,79.5,7.5,100,A,Excellent
21229,6.8,90.1,9.3,59.6,C,Poor
39355,1.4,73.1,3.7,36,F,Poor
23328,5.4,93.4,8.4,45,D,Poor
7100,5.2,80.1,4,50.4,D,Poor
5323,22.6,94.6,5.4,100,A,Excellent
34148,8.5,77.9,7.5,57.7,C,Poor
8469,6.5,70.6,5.7,76.9,B,Good
4624,20.4,97.9,5.4,100,A,Excellent
4204,8.2,75.5,3.5,69.8,C,Average
27966,13.3,100,4.9,66.5,C,Average
3865,12.4,87.6,5.3,79.3,B,Good
36042,12.9,96.3,5.8,87.8,A,Good
35662,12.1,82.4,4.1,83.9,B,Good
11665,15.7,66.1,3.5,88.3,A,Good
34920,13.2,99.2,4.8,67.7,C,Average
38854,16.9,100,6.7,83.9,B,Good
5314,16.3,88.6,7.3,90.2,A,Excellent
27933,19.6,80.1,6.5,100,A,Excellent
6969,14.6,82.9,1.9,79.5,B,Good
32623,16.7,73.6,7.3,100,A,Excellent
34696,18,79.3,9,87.3,A,Good
10639,11.8,76.9,7.4,92.8,A,Excellent
2341,19.9,81.3,4,95.8,A,Excellent
6026,15.8,80.5,10,90.6,A,Excellent
31150,4.1,87.9,0.7,75,B,Good
5062,22.3,76.4,6.5,94.7,A,Excellent
31833,14.5,72.9,5.5,88.7,A,Good
36149,25.4,72.6,7.7,100,A,Excellent
19045,15.7,89.6,8.8,78.1,B,Good
28181,8.7,83.6,6.5,75.4,B,Good
3791,19.1,100,4.8,100,A,Excellent
26292,18.7,78.9,10,91.2,A,Excellent
28536,12.7,97.2,4.7,81.8,B,Good
21582,15.6,70.5,5,83.4,B,Good
21418,25.8,87.2,3.8,100,A,Excellent
6117,20.8,86.5,3.1,100,A,Excellent
19810,17,85.9,8.1,100,A,Excellent
3431,18.3,75.1,5.3,82.9,B,Good
839,21.9,87.9,6.9,100,A,Excellent
24239,1.4,79.2,5.6,41.1,D,Poor
36723,19.5,72.1,4,82.8,B,Good
S026,9,83,5,74.5,B,Average
24018,16.1,100,5.4,89.7,A,Good
28914,29.2,90.4,5.8,100,A,Excellent
25036,5.2,86.6,5.3,59.5,C,Poor
11858,22.2,77.1,6.7,100,A,Excellent
17163,16.4,80.9,6.5,100,A,Excellent
17858,18.8,94.2,9.2,88.5,A,Good
2132,15.1,74.6,5,98.2,A,Excellent
S198,4,76,6,64,C,Average
9829,18.7,79.4,6.3,100,A,Excellent
37822,21.5,85.1,8.2,100,A,Excellent
26542,6.7,83.9,2.8,64.2,C,Average
27212,8.7,100,10,72.9,B,Average
9371,4.5,70.6,4.6,61.3,C,Average
23837,21.6,81,6,100,A,Excellent
6164,4.3,87.6,9.4,78.2,B,Good
2373,16.1,93.5,7.4,89.1,A,Good
4915,6.1,94.3,2.5,60.9,C,Average
29427,11.1,78.1,4.2,70.4,B,Average
25981,6.2,100,7,68.9,C,Average
15340,13.5,85,5.3,92.3,A,Excellent
11544,21.4,94.7,4.2,100,A,Excellent
13096,19.5,76.7,8,97.3,A,Excellent
12573,17.2,79.3,8.4,81.2,B,Good
36389,15.1,87.3,4.6,85.4,A,Good
1456,2.7,85.9,6,44.8,D,Poor
2649,15.1,82.7,8.1,92.1,A,Excellent
33981,15.6,100,3.4,84.3,B,Good
35255,17.8,81.1,6.2,88.3,A,Good
2357,12.4,87.5,8.5,80.4,B,Good
18559,32.6,86.3,7.8,100,A,Excellent
4946,22.3,81.6,7.4,100,A,Excellent
11379,19.1,93.1,8.7,100,A,Excellent
39485,18.9,89.9,7.2,95.3,A,Excellent
32540,25.1,89,6.7,100,A,Excellent
36535,10.4,82.3,3,63.8,C,Average
20373,26.1,86.8,4.8,100,A,Excellent
8363,5.7,71.6,6.5,66.5,C,Average
37473,2.5,76.1,8.5,57.6,C,Poor
12724,14.6,78,8.2,87.9,A,Good
20242,12.4,89.6,5.7,83.4,B,Good
21276,15.5,69,5.2,98.2,A,Excellent
25501,15.9,69,5.2,72.3,B,Average
8806,0.9,83.3,3.9,73.4,B,Average
17133,15.1,99.6,8.2,97,A,Excellent
37569,16.7,87.3,7.3,90.3,A,Excellent
11059,11,71.4,4.5,83.7,B,Good
29589,15.6,92.4,5.2,80.9,B,Good
36492,18.2,61.8,4.1,93.6,A,Excellent
5614,15.7,90.9,7.7,92.7,A,Excellent
14352,21.2,97.8,5,99.7,A,Excellent
24289,18.1,77.6,6.7,99.8,A,Excellent
5452,15.8,91.2,4.3,99.6,A,Excellent
16224,19.1,97.8,6.6,100,A,Excellent
11018,9.8,87.1,6.5,61.3,C,Average
29897,23.1,80.9,3.9,100,A,Excellent
5078,22.3,93,5.2,100,A,Excellent
9434,10.5,92.4,6.5,87.1,A,Good
14515,13.9,82.9,5.1,90.7,A,Excellent
37137,13.9,96,4.6,87.8,A,Good
19076,14.7,74.3,8.1,72.8,B,Average
8272,22.4,76.4,6.1,90.1,A,Excellent
8324,26.5,85.5,4.8,100,A,Excellent
32702,8.8,91.1,5.2,73.4,B,Average
4439,12.6,84.2,8.5,64.4,C,Average
12855,6.8,95.2,4.7,70.3,B,Average
28548,13.5,92.2,5,83.8,B,Good
13398,9.9,77.6,9.1,68.5,C,Average
1318,12.9,81.2,8.3,86,A,Good
5621,12.8,76.9,7.8,79.4,B,Good
22862,11,100,5.7,70.2,B,Average
2195,16.3,85.1,7.2,72.5,B,Average
36159,8.3,86.6,5.8,56.9,C,Poor
21342,24.6,87.7,4.9,100,A,Excellent
27702,9.2,84.4,4.3,69.9,C,Average
30493,18.8,86.8,5.9,99.5,A,Excellent
5357,3.6,78.2,5.9,71.2,B,Average
18696,22.1,80.5,10,100,A,Excellent
33507,17.9,71.6,5.7,72.5,B,Average
26257,11.1,85,7,87.4,A,Good
30339,21.9,97.2,8.9,100,A,Excellent
7629,3.8,89.8,8.7,45.2,D,Poor
9013,0,98.1,6.4,35,F,Poor
18100,17.6,85.9,2.6,98.4,A,Excellent
4784,8.2,81.4,5.8,72.8,B,Average
38280,0,76.6,6.1,65.8,C,Average
33719,17.6,93.4,7.6,100,A,Excellent
17317,11.5,95.7,5.4,86.9,A,Good
25564,13.6,81.3,9.4,87.1,A,Good
15436,10.4,78.9,3.4,81.2,B,Good
16695,16.7,89.3,7.3,94.1,A,Excellent
26973,12.2,98.9,7.7,76.6,B,Good
12591,6.9,97.6,3.3,70.4,B,Average
6909,9,90.3,4.3,66.4,C,Average
11924,10.7,93.1,7.2,84.3,B,Good
11088,14.7,85.3,6.8,84.7,B,Good
23325,6.9,100,9.2,63.7,C,Average
24651,13.9,91,3.2,93,A,Excellent
15608,21,81.1,3.7,100,A,Excellent
37106,12.2,88.1,3.7,72.3,B,Average
27841,14.7,86.9,5.6,86.9,A,Good
13234,25.7,79.1,4,100,A,Excellent
24230,6.4,84.6,2.7,51.4,D,Poor
20194,1.9,97.3,6.5,55.5,C,Poor
34537,22.6,92.5,5.4,99,A,Excellent
4336,10.5,84.6,5.1,79.7,B,Good
9222,13.7,71.3,9.7,68.2,C,Average
13896,19,77.8,10,100,A,Excellent
15592,13.4,100,8.5,82.9,B,Good
7261,28.9,76.2,2.5,100,A,Excellent
32771,19.9,81.7,2.3,94.9,A,Excellent
4588,21.4,73.6,1.6,91.4,A,Excellent
34726,10.8,100,5.1,63.1,C,Average
12345,8.6,92.2,2.8,85.1,A,Good
21798,12.3,100,6.1,65.4,C,Average
20747,6.9,89.6,5.8,73.5,B,Average
12761,23.1,80.5,4,95,A,Excellent
29762,11.9,100,3.9,76,B,Good
36468,9,81.9,5.5,72.5,B,Average
21463,8.2,100,8.6,83.3,B,Good
8177,26.2,84.6,3.8,100,A,Excellent
27772,16.2,81.8,4,100,A,Excellent
877,11.4,95.3,7.9,58.1,C,Poor
6621,0,86.5,7.9,39.3,F,Poor
23007,15,99.6,4.1,78.7,B,Good
3552,4,100,7.5,57.7,C,Poor
31979,20.4,83.1,5.1,90.3,A,Excellent
1375,25.3,72.9,4.5,100,A,Excellent
11659,18.7,89.6,2.7,100,A,Excellent
28349,26.5,83.6,6.6,100,A,Excellent
38704,13.1,76.2,2.8,89.4,A,Good
2625,17.9,98.2,6.5,90.3,A,Excellent
27324,11,76.4,5.6,83.9,B,Good
6455,4.5,99.7,3.2,54.2,D,Poor
20628,9.2,73.2,5.8,80.9,B,Good
32303,14.5,72.4,5.6,100,A,Excellent
17727,19.1,91,5.2,100,A,Excellent
3853,24.1,55.1,4.7,97.5,A,Excellent
3486,11.4,98.3,9.9,67.9,C,Average
748,9.7,85.6,4.6,76.2,B,Good
36299,17.3,84.2,6,89.7,A,Good
15385,21.2,99.1,7.8,100,A,Excellent
9524,30.2,92.2,6.6,100,A,Excellent
23222,15.8,83.8,9.3,88.9,A,Good
1156,22.1,82.3,5.7,100,A,Excellent
22897,20.7,88.3,7.4,100,A,Excellent
25179,19.4,100,5.5,98.3,A,Excellent
6406,24.4,99.7,6.5,100,A,Excellent
27204,1.5,88.7,5.3,66.1,C,Average
32652,21,74.4,4,85.3,A,Good
31962,10.8,90.9,9.8,71.1,B,Average
26865,15.2,100,7.3,99.8,A,Excellent
11480,6.4,74,8.9,79.9,B,Good
24373,18.7,90.3,5,95.4,A,Excellent
16283,21,93.6,6.4,99.3,A,Excellent
38301,16.3,83.5,5.4,81.6,B,Good
14438,10,90,6.3,80,B,Good
35578,16.4,74.1,3,100,A,Excellent
11882,12.7,95,6.9,75.5,B,Good
20240,18.7,85.6,6.6,99,A,Excellent
2857,10,90.1,8.9,64.5,C,Average
16335,19.9,80.5,4,99.4,A,Excellent
36531,21,89.4,7.2,100,A,Excellent
15002,14.8,83.5,8.3,91.3,A,Excellent
29297,3.6,100,4.7,65.1,C,Average
5506,20.9,86.9,6.7,85.8,A,Good
8705,27.2,66.9,4.6,99.2,A,Excellent
23170,15.8,92,3.5,95.8,A,Excellent
24276,15.1,73.7,6.2,81.7,B,Good
30562,6.7,80.5,6.7,58.7,C,Poor
19412,12.1,88.9,6.1,84.1,B,Good
23590,9.6,99.6,7.3,81.8,B,Good
28545,23.4,98,6.5,94.1,A,Excellent
23510,18.9,67.8,5,88.4,A,Good
20064,18.9,87.4,4.9,100,A,Excellent
23749,20.4,68.4,4.6,100,A,Excellent
17556,19.1,67.3,5.3,100,A,Excellent
37100,24.7,77.1,5.9,100,A,Excellent
26064,19.4,71.6,5.7,100,A,Excellent
9750,23.1,90.4,6.1,100,A,Excellent
29608,10.7,84.5,9.7,84.9,B,Good
34712,34.3,91.9,9.1,100,A,Excellent
25686,13.9,80.8,7.8,90.2,A,Excellent
16130,25.2,96.9,6.1,100,A,Excellent
S168,18,87,8,103.5,A+,Excellent
26506,17,65.9,8.1,90.4,A,Excellent
29982,12.3,75.5,8,75.2,B,Good
34398,21.7,87.2,7.2,84.1,B,Good
14346,13.3,92.9,7.8,78.2,B,Good
27800,4.4,67.3,6.5,54.2,D,Poor
11525,9.3,70.3,6.4,59.2,C,Poor
21793,12.9,75.6,7.1,91.3,A,Excellent
1877,11.1,91.9,7.2,71.7,B,Average
20109,23.8,87.2,4.3,100,A,Excellent
21907,23,94.7,4.7,100,A,Excellent
3886,18.8,83.2,3.3,85.3,A,Good
21685,14.1,80.4,7.2,80.8,B,Good
7045,20.6,85.4,6.3,86.4,A,Good
38762,25.6,80.7,5,100,A,Excellent
2413,7.1,87.5,2.9,57.7,C,Poor
17333,15.8,96.8,4.6,97.3,A,Excellent
12507,15,89.6,6.9,87.2,A,Good
34336,8,86,8.9,66.9,C,Average
6864,16.8,96.1,5,100,A,Excellent
28976,4.2,96.1,4,69.7,C,Average
10400,1.9,100,4.2,56.7,C,Poor
14770,9.3,100,8.1,69,C,Average
22814,0,86.1,2.4,44.2,D,Poor
21924,17.7,97.3,7.8,80.2,B,Good
18094,10.3,69.5,5.6,77,B,Good
30679,13.1,62.9,7.9,87.4,A,Good
9361,25,75.4,7.5,100,A,Excellent
36018,13.4,83.6,6.7,66.8,C,Average
24342,17,86.6,7.2,80.6,B,Good
1286,5.7,90.1,7,68.5,C,Average
20189,9,83.1,4.7,73.1,B,Average
24248,17.6,92.2,2.6,97.2,A,Excellent
6000,6.8,87.6,7.2,63,C,Average
11803,11.4,91.5,3.4,82.8,B,Good
29330,12.4,82.5,8.7,76.9,B,Good
31482,10.9,83.2,6.4,68,C,Average
29612,15.8,87.9,2.5,90.4,A,Excellent
38197,15.4,85.2,4,92.7,A,Excellent
14276,18.6,94.4,6.6,91.3,A,Excellent
5599,15.8,77.5,9.7,69.1,C,Average
33704,15.8,87.7,6.3,100,A,Excellent
5122,11.9,95.5,5.3,74.2,B,Average
5381,10.9,84.9,4.2,68.3,C,Average
27403,13.5,87.4,9.4,73.1,B,Average
17581,24.8,87.9,5.7,100,A,Excellent
12986,1.7,93.2,6.7,64.7,C,Average
2794,8.5,96.2,5.6,70,C,Average
27855,10.4,88.9,7.7,71.7,B,Average
8771,12.4,89.4,5.9,72.8,B,Average
1093,20.1,88.8,4.1,86.3,A,Good
34198,17.8,93.9,8.7,92,A,Excellent
28121,24.7,100,7.7,100,A,Excellent
36942,9.1,91.1,8.5,77.2,B,Good
12080,20.1,85.7,7.6,100,A,Excellent
26818,25.8,91.1,6.5,100,A,Excellent
2433,14.8,93.6,9.2,94.9,A,Excellent
16848,16.9,73.7,6.6,94.5,A,Excellent
30246,13.4,85.8,3.5,77.4,B,Good
39634,12.6,80.4,9.8,72,B,Average
14125,30,81.5,5.2,100,A,Excellent
34900,23.7,90.9,5.8,100,A,Excellent
4028,13.2,78.7,9,74.6,B,Average
36420,24,81.1,7.1,95.1,A,Excellent
36226,18.1,89.3,7.4,100,A,Excellent
36647,18.5,100,5.8,85.5,A,Good
14358,17.1,98,6.5,83.8,B,Good
36151,16.7,87.8,7.6,94.9,A,Excellent
1313,24.7,100,4.7,100,A,Excellent
13365,15.3,88.8,6,80.4,B,Good
33634,21.7,96.8,5.1,100,A,Excellent
4881,22,88.4,7.2,99.1,A,Excellent
24766,9.9,86.8,5.1,64.7,C,Average
1485,16.6,87.7,4.5,92.6,A,Excellent
4809,25,81.7,2.4,100,A,Excellent
12177,1.1,85.2,3.8,47.6,D,Poor
8993,13.9,97.8,7.5,95.1,A,Excellent
25418,14.5,83.7,6,91.7,A,Excellent
22360,23.1,73.2,3.1,99.1,A,Excellent
34455,11.8,82,4.8,90.3,A,Excellent
30726,13.6,100,6.9,84.4,B,Good
27653,19.2,98.1,3.6,93,A,Excellent
15270,8.6,69.1,9.4,87.8,A,Good
34389,11.6,81.4,10,59.3,C,Poor
26179,21.2,100,8.2,100,A,Excellent
29118,6.6,65.7,5.7,72.2,B,Average
27563,13.1,82.3,7.3,89.3,A,Good
18761,17.3,100,4.5,80.5,B,Good
31823,20.1,86.2,6.4,100,A,Excellent
23381,9.7,72.1,4.8,86.4,A,Good
18889,12.6,94.5,3,74.2,B,Average
28271,13.4,79.3,4.5,81,B,Good
10663,21.6,100,6.3,97.1,A,Excellent
30884,9.3,91.6,4.5,61.3,C,Average
22213,12.1,72.5,4,58.2,C,Poor
12055,13.8,78.1,6.8,97.4,A,Excellent
2302,8,88.3,2.9,77,B,Good
29852,21.3,93.9,9.9,100,A,Excellent
7836,9.2,68.2,4.7,66.7,C,Average
26585,18.7,64.3,6.5,97.9,A,Excellent
33591,15.5,89.3,6.7,85,A,Good
31173,23,73.2,5,100,A,Excellent
10987,26.7,77.9,8.6,100,A,Excellent
5530,14.2,79.7,5.6,80.7,B,Good
37720,27.7,100,3.6,100,A,Excellent
29017,20.1,92.2,5.9,79.3,B,Good
25820,6,86.3,7.7,67.2,C,Average
26274,9.3,88.6,6.5,91.9,A,Excellent
2367,11.2,66.6,6.2,63.4,C,Average
20652,25.9,85.5,7,100,A,Excellent
18863,7.5,91.3,4.5,58.5,C,Poor
103,12.6,73.3,4.5,68.1,C,Average
12919,9.2,71.7,7.7,80.1,B,Good
4443,18.9,82.3,6.3,87.6,A,Good
35399,20.3,100,4.1,100,A,Excellent
9888,12.7,85.7,6.1,88.1,A,Good
12883,7.8,77,6,75.6,B,Good
16975,5.8,69.9,4,74,B,Average
20121,9.2,89.8,5.8,80.8,B,Good
14061,22.6,90.6,5.7,94.7,A,Excellent
4954,21.8,96.3,10,100,A,Excellent
20863,9.2,78,4.9,72,B,Average
28399,12.2,81.8,8.9,76,B,Good
16907,17.1,72.7,7.6,70.8,B,Average
4127,8.8,73.4,9.1,68.4,C,Average
22210,19.2,98.3,4.1,100,A,Excellent
12415,25.6,90.4,7.2,100,A,Excellent
16884,14.7,100,8.9,89.8,A,Good
8359,11,88.9,7.5,90.1,A,Excellent
18560,15.9,63,0.6,91.2,A,Excellent
804,11.8,83.6,6.2,68.5,C,Average
2970,16.9,80.5,5.7,100,A,Excellent
32592,9.7,95.1,5.1,59.6,C,Poor
9430,29.2,72.3,1.1,100,A,Excellent
17908,16.5,73,3.7,83.3,B,Good
16422,22.8,75,4.4,100,A,Excellent
13268,20.4,83.5,6.7,100,A,Excellent
18494,5.9,73.9,6,83.4,B,Good
9905,21.8,70.6,6.2,100,A,Excellent
242,14.2,87.3,7.1,81.5,B,Good
28442,7,84.9,7,77.3,B,Good
828,11.3,81.2,7.5,62.2,C,Average
102,12.1,94.3,2.2,73.4,B,Average
1517,25.6,96.1,3.1,93.4,A,Excellent
16243,14,93.6,7.5,90.1,A,Excellent
20283,16.8,84.1,4.5,84.3,B,Good
23557,10.1,80.7,6.4,79.4,B,Good
37615,6.2,77.5,10,79.8,B,Good
24259,19.2,93.4,4.4,91.3,A,Excellent
24547,14.6,74.8,6.6,66.9,C,Average
17970,7.6,72.7,5.7,47.9,D,Poor
35934,4.9,81.9,3.3,45.7,D,Poor
12654,17.7,87.1,4.5,93.7,A,Excellent
32301,17,100,4.6,90.4,A,Excellent
12795,32.5,87.5,5.2,100,A,Excellent
16514,15.6,95.2,4.2,76.6,B,Good
22876,23.7,66.9,8.4,100,A,Excellent
31671,6.1,91.6,8.3,58.1,C,Poor
10382,21.6,77,2.1,100,A,Excellent
8095,15.3,88.6,6.7,94.7,A,Excellent
9223,21.6,98.7,4.4,100,A,Excellent
18759,12.8,82.3,5.8,81.1,B,Good
16644,7.4,79.4,8,83.9,B,Good
24277,9,93.1,6.9,71.6,B,Average
28772,17.4,81.3,5.9,90.2,A,Excellent
28988,13.5,86,3.4,96.2,A,Excellent
5963,15.2,84.6,7.8,100,A,Excellent
22564,12.9,81.5,4.4,94.1,A,Excellent
2411,20.7,92.1,5.6,96.9,A,Excellent
31835,32.8,91.3,4.4,100,A,Excellent
31187,13.4,75.5,6.5,84.7,B,Good
7902,7.1,100,6.3,82.4,B,Good
17003,24.5,74,6.8,99.6,A,Excellent
35129,20.6,89.9,5.7,95,A,Excellent
4018,19.9,76.4,5.2,100,A,Excellent
14347,10.2,50.1,7.2,80.3,B,Good
32741,9.4,88.6,5.5,70.5,B,Average
27122,18.7,85.2,8.7,100,A,Excellent
38083,18.4,99.2,8.3,91.9,A,Excellent
31029,32.7,88,6.6,100,A,Excellent
23948,14.2,84.8,5,90.1,A,Excellent
28183,19.3,84.7,3.1,97.5,A,Excellent
31961,9.3,82,7.5,64.6,C,Average
34848,6.7,81.7,9.6,81.2,B,Good
10840,10.8,100,7.4,73.6,B,Average
36022,12,78.6,0.2,59.4,C,Poor
3441,16,79,5.7,63.3,C,Average
29720,1.1,80.6,5.6,60.8,C,Average
39352,18.8,84.4,10,95,A,Excellent
12570,11.7,61,9.6,69.1,C,Average
35133,22.7,100,7.6,99.9,A,Excellent
35010,12,79,8,100,A,Excellent
10137,6.6,83.9,6.8,57.9,C,Poor
5874,8.6,91.4,4.8,62.9,C,Average
3808,1.2,75.2,7.2,58.7,C,Poor
5525,9,71.7,5.3,69,C,Average
11043,13.4,75.2,6.9,76.7,B,Good
37854,7.8,83.2,4,83.5,B,Good
13938,9.5,72.4,8.8,54.3,D,Poor
39469,16.4,74.8,4.9,99.2,A,Excellent
38012,11.3,95.8,6.9,76.8,B,Good
7581,23.3,71.3,5.5,100,A,Excellent
3658,0.4,96.5,5.4,79.4,B,Good
25307,15.7,80.9,5.3,69.4,C,Average
5945,18.5,86.6,8.1,94.3,A,Excellent
21852,22.9,88.4,5,100,A,Excellent
25268,11.6,91.7,5,81.5,B,Good
1221,6.7,95.7,5.5,62.5,C,Average
39597,16.5,85.5,4.4,96.6,A,Excellent
17084,24.4,80.6,6.6,100,A,Excellent
27859,18.9,92.6,4.3,78.3,B,Good
5380,11.1,81.7,8.5,78.8,B,Good
36231,14,72.7,6.2,86,A,Good
29234,6.1,95.8,6.2,75.5,B,Good
12742,25.5,63.4,5.3,100,A,Excellent
12464,13.9,90.7,5.6,100,A,Excellent
30043,9.3,88.9,2.9,74.7,B,Average
18418,19.5,88.8,4.4,100,A,Excellent
7071,23.4,91.7,7.1,100,A,Excellent
36336,17.3,89.6,6.9,85,B,Good
15694,18.9,74.8,7.8,99.3,A,Excellent
6376,22.7,88.6,8.6,100,A,Excellent
28425,18.9,80,2,97.8,A,Excellent
3936,17.7,77.4,6.2,87.6,A,Good
7125,24.4,81.1,5.6,100,A,Excellent
22162,23.7,93.4,6.9,100,A,Excellent
21797,11.8,84.5,7.1,58.8,C,Poor
11740,15.9,92.4,7.1,73.3,B,Average
9264,9.6,84.3,5.2,73.1,B,Average
38926,18.3,71.6,6.3,100,A,Excellent
7755,15.4,77.1,2.9,71.9,B,Average
26185,16.4,90.2,4.9,75,B,Good
1744,23.1,72.5,8.3,96.1,A,Excellent
24857,18.6,73.9,4.8,88.2,A,Good
3597,8.2,81.5,6.2,66.1,C,Average
18149,23.9,96.4,5.5,100,A,Excellent
29075,7.1,89.5,7.4,38.6,F,Poor
3862,9.5,94.4,8.5,91.6,A,Excellent
33491,23.6,93.6,3.9,100,A,Excellent
31293,14.2,82.9,5.8,100,A,Excellent
19183,24.8,65.2,4.3,100,A,Excellent
22075,18.3,75.4,5.8,99,A,Excellent
23679,3.2,100,5.4,72.9,B,Average
31091,19.9,75.7,5.3,91.2,A,Excellent
37863,21,67.3,4.9,100,A,Excellent
39067,18.2,84.6,6.2,95.8,A,Excellent
32731,26.2,86.3,4.3,100,A,Excellent
24923,20.3,86.1,5.9,100,A,Excellent
28789,16.4,86.6,5.7,100,A,Excellent
12860,5.2,93.9,6.5,73.9,B,Average
5912,14.4,83.2,8.6,83.6,B,Good
19247,8.8,78.5,8.4,59,C,Poor
34630,20.6,91.3,6.6,96.4,A,Excellent
13400,23.2,70.9,2,100,A,Excellent
36875,9.2,69.4,9,60.4,C,Average
30260,16.3,82.7,7.9,100,A,Excellent
35181,25.5,85.2,8.1,96.3,A,Excellent
37293,22.6,82.3,7.9,100,A,Excellent
22296,0,80.5,4.9,43.4,D,Poor
29295,15.8,81.9,6.4,84.6,B,Good
10496,13.2,76.8,6.2,84.3,B,Good
34669,5.1,84.5,6.7,58.8,C,Poor
19447,10.8,100,7.6,94.8,A,Excellent
27991,18.6,89.1,5.4,100,A,Excellent
38677,14.3,77,2.2,77.3,B,Good
4559,11.2,100,10,70,C,Average
28817,20.5,97,7.3,92.4,A,Excellent
S062,7,59,1,46.5,D,Poor
23966,19,85.9,5.5,97.5,A,Excellent
2734,8.8,71.4,6.1,81,B,Good
13571,12.9,79.4,3.3,81.8,B,Good
32628,33.6,90.8,5.8,100,A,Excellent
14228,13.4,79.4,8,84.3,B,Good
27668,0,88,6.8,52.4,D,Poor
5994,18.6,84,9.2,100,A,Excellent
29016,8.6,89.9,8.3,68.1,C,Average
14132,20.1,82.2,8.5,98,A,Excellent
23969,9.1,87.4,5,82.3,B,Good
33862,22.1,90.2,5.2,100,A,Excellent
31622,14.2,89.8,4.4,98.8,A,Excellent
23414,6.2,88.9,5.8,67.9,C,Average
26987,13,91.7,4.2,84.9,B,Good
29468,21.3,80.5,6.1,100,A,Excellent
32635,18.2,86.6,4.2,90.7,A,Excellent
38222,14.6,84.5,5.7,82,B,Good
5616,0,100,7.6,33.3,F,Poor
21496,9.6,69.3,4.5,62.5,C,Average
23348,10.4,83,9.4,62.9,C,Average
33210,4.6,72.9,5.9,52.2,D,Poor
5902,0,84.1,5.3,29.9,F,Poor
35009,21.5,84.7,6,98.6,A,Excellent
4625,17.5,81.5,8.5,96,A,Excellent
15241,17.9,78,8.5,100,A,Excellent
21191,13.9,95.4,9.6,99.1,A,Excellent
12323,1.1,87.4,5.1,54,D,Poor
39138,7.1,100,5.7,78,B,Good
21264,7.1,93.8,5.3,82,B,Good
11248,14.3,93.5,3.5,91.7,A,Excellent
26615,19.6,80.4,5.7,99.5,A,Excellent
14303,25.3,84.2,5.9,100,A,Excellent
29562,20.4,81.5,9.3,94.2,A,Excellent
25870,20.5,76,4.4,86.7,A,Good
4486,3.8,82.6,4.7,51.6,D,Poor
26196,2,75,4.7,75.7,B,Good
34442,15,90,7.2,76.5,B,Good
2175,9.2,100,4,57.4,C,Poor
8382,17.1,73.2,5.7,87.4,A,Good
36082,14.9,85.7,2.8,94,A,Excellent
33142,28.8,77.5,6.5,100,A,Excellent
20295,13.4,68,6.8,63.3,C,Average
11986,20,100,4.9,100,A,Excellent
16675,13.9,77.7,6.2,84.9,B,Good
28515,16,91.7,5.6,80.9,B,Good
11971,16.8,78.9,5.4,77.1,B,Good
30758,18.8,77.6,5.2,100,A,Excellent
2539,6.3,88.8,9.8,63.7,C,Average
12206,20.3,73.4,5.5,90.9,A,Excellent
5632,21.1,62.8,8.1,93.8,A,Excellent
28392,17.4,78.1,5.1,96.9,A,Excellent
29929,25.4,75.9,5.7,100,A,Excellent
15289,26.9,79.5,2.3,100,A,Excellent
34850,12.1,90.7,5.3,75,B,Good
8969,18.7,92.6,10,100,A,Excellent
17046,8.2,98.4,3.9,67.5,C,Average
31772,19.4,100,5.2,93.8,A,Excellent
29374,3.9,90.2,4.5,54.2,D,Poor
20520,3.9,81.1,3.3,55.6,C,Poor
15762,12.9,83.8,7.7,73.7,B,Average
20867,17.4,61.6,7.5,87.2,A,Good
7626,20.9,96.7,6.8,100,A,Excellent
28537,15.4,77.2,6.7,86.5,A,Good
2759,7.1,100,6.4,66.1,C,Average
36608,17.6,73.2,5.9,79.7,B,Good
27947,5,73.3,7,55.6,C,Poor
10317,23.6,100,8.3,100,A,Excellent
5395,5.1,75.8,4.6,50.3,D,Poor
10491,7.9,96.2,6.1,85.4,A,Good
6347,12,84.7,3.3,75.5,B,Good
3378,8.2,80.9,3.3,77.8,B,Good
39139,14.4,73.6,2.4,100,A,Excellent
35744,20.4,85.9,5.3,100,A,Excellent
4795,13.9,68,6.3,87.6,A,Good
13471,20.3,95.2,8.3,100,A,Excellent
4564,16.5,96.3,7.6,96.2,A,Excellent
23316,4.8,93.6,6.1,69.1,C,Average
32629,20.8,72.5,10,85.2,A,Good
19205,16.2,74.2,5.2,91.3,A,Excellent
6803,0,99.9,4.6,57.3,C,Poor
11904,8.2,76.1,6.5,72.8,B,Average
14137,18.1,86.5,5.6,99.7,A,Excellent
31819,14.7,89.1,6.7,87.1,A,Good
10835,26.5,75.8,6.1,100,A,Excellent
37067,21.2,79.9,6,100,A,Excellent
24700,9.8,100,7.3,88.1,A,Good
25044,12.5,83.7,8.6,80,B,Good
18626,2.2,97,2.4,54.8,D,Poor
3148,10,81.2,4.6,76.5,B,Good
18060,16,64.9,6,95.4,A,Excellent
10922,5.5,86.9,6.2,62.1,C,Average
3897,24.8,83.6,8.7,92.6,A,Excellent
808,11.6,79.2,8,84.5,B,Good
20666,25.1,75.7,6.3,100,A,Excellent
36817,14.6,99,2.1,100,A,Excellent
17688,8.5,71.8,5.8,69.6,C,Average
2563,8.5,80.7,5,87.8,A,Good
37000,8,86.1,8.7,68.8,C,Average
33994,6.1,100,7.3,73.3,B,Average
35596,12.8,82.3,4.9,82.4,B,Good
4173,11.6,100,1.9,75.1,B,Good
11355,20.1,77.1,7.2,97.2,A,Excellent
36320,6.7,100,7,58.1,C,Poor
7533,15.6,85.7,7.7,94,A,Excellent
8846,9.8,91,4.5,68.1,C,Average
6760,16.1,83.1,9.6,83.1,B,Good
1836,17.5,74.1,5.7,100,A,Excellent
26780,6.7,85.1,6.9,68,C,Average
39279,13.1,97.1,4.1,94.7,A,Excellent
13342,9.9,100,3.4,79.5,B,Good
23639,12.2,89,7.2,75.2,B,Good
33928,14.3,84.9,6.6,80.4,B,Good
12568,12.6,90,3.2,82.2,B,Good
18605,2.3,100,1.9,65,C,Average
23929,20.5,94.2,8.3,100,A,Excellent
17733,16.4,84.8,5.2,90.4,A,Excellent
12435,9.6,88.4,5.3,82.6,B,Good
33561,21.1,97.7,7.4,99.3,A,Excellent
22732,6.6,78.8,6.6,70.8,B,Average
32235,17.1,84.2,5.9,73.1,B,Average
36091,12.2,89.1,1.9,83.6,B,Good
17589,15.8,78.1,4.5,93.5,A,Excellent
5101,22.2,88.1,5.3,100,A,Excellent
6680,11.2,82.6,2.6,74.6,B,Average
27631,21.8,73.6,5,100,A,Excellent
9944,27.8,82.9,3.6,100,A,Excellent
31040,20.6,100,7,100,A,Excellent
29026,13.6,78.9,6.6,92.3,A,Excellent
20383,0,94.5,8.8,58.7,C,Poor
25979,4.6,62.3,2.9,61.2,C,Average
24965,2.8,100,4.4,63.9,C,Average
15565,28.5,89.9,5.4,100,A,Excellent
6674,15.9,90.4,6,92.8,A,Excellent
11993,12.2,98.3,6.2,96.3,A,Excellent
28182,4.4,69.9,7.4,53.4,D,Poor
5608,12.3,72.4,7.4,63.1,C,Average
23525,17.9,77.4,5.4,85.5,A,Good
24589,9.5,74.3,3.2,68.8,C,Average
31398,21.6,67.3,6.3,100,A,Excellent
8648,13.5,87.4,7.2,78.5,B,Good
15208,18.2,94.1,5.3,86,A,Good
5586,9.9,79.7,4.6,80.8,B,Good
11513,10.3,84.1,4.3,86.6,A,Good
21965,22,70.7,8.7,100,A,Excellent
25854,19.5,90.8,4.9,92.9,A,Excellent
9860,29.4,92.5,4.6,100,A,Excellent
24011,13.3,83.9,6.2,91.4,A,Excellent
9521,22.2,70.2,5.7,100,A,Excellent
2820,1.5,98.3,5,43.2,D,Poor
S063,11,67,6,73.5,B,Average
26355,7.6,70.5,6.8,69.7,C,Average
25336,16.6,71.9,5.7,100,A,Excellent
23289,17.1,79.1,4.1,78.5,B,Good
25342,13.9,82.4,5.4,70.2,B,Average
7709,9.9,87.2,3.8,74,B,Average
16218,7.7,88.9,5.8,62.8,C,Average
37495,12.3,76.5,8.8,58.3,C,Poor
21302,19.7,74.4,2.2,97.1,A,Excellent
20011,20.6,100,6.7,100,A,Excellent
29453,20.5,73.2,10,100,A,Excellent
19243,5,93.7,9,55.4,C,Poor
17506,24.1,72.9,6.3,100,A,Excellent
36235,13.1,83.5,5.4,89,A,Good
33717,22.2,77,5.5,100,A,Excellent
23320,5.3,75.6,7.6,54.7,D,Poor
2791,19.2,88.4,5.7,100,A,Excellent
17528,22,88.1,5.1,100,A,Excellent
24337,17.5,87.5,8.9,100,A,Excellent
38111,15.6,79.1,5.9,80.8,B,Good
21119,7.9,89.5,8.5,69.4,C,Average
26119,0,73,7,42.8,D,Poor
21511,6.9,100,5.8,71.5,B,Average
31914,17.3,82,4.6,86.5,A,Good
7061,25.8,86,7.1,100,A,Excellent
13808,8.5,84.4,5.7,73.7,B,Average
204,22.4,77.5,5.1,99.4,A,Excellent
39333,13.1,85.6,5.8,80.2,B,Good
15109,19.3,73.9,5.5,99.7,A,Excellent
32774,26,92.6,5.8,100,A,Excellent
5183,13.6,66.3,5.6,89.5,A,Good
24699,23.5,100,6.1,93.9,A,Excellent
18845,19,84.8,5.3,97.4,A,Excellent
21390,20.1,100,4.1,94.3,A,Excellent
21660,14.5,88.8,7.2,95,A,Excellent
20892,12.9,100,5.2,90.4,A,Excellent
8526,7.6,87,8.4,69.1,C,Average
29151,16.6,75.7,8.2,93,A,Excellent
22023,3.8,97,6.4,64.9,C,Average
10489,8.1,80.8,4.2,70.1,B,Average
5004,12.7,72.4,5.5,75.3,B,Good
38992,0,75.8,6.8,50.2,D,Poor
14695,18.9,92.1,5.2,78.6,B,Good
23415,15.2,99,8,84.4,B,Good
25607,23.1,87.4,3.9,100,A,Excellent
4681,13.4,71.4,4.8,73.1,B,Average
19518,8.3,65.7,4.9,68.3,C,Average
34882,11.9,76.6,5.6,78.8,B,Good
37245,21.1,74.8,4.2,93.4,A,Excellent
5438,23.3,75.1,6.6,100,A,Excellent
3021,23.4,73.1,3.2,100,A,Excellent
19569,15,78.2,5.4,100,A,Excellent
14047,12.8,89.9,7.7,95.7,A,Excellent
30978,10,76,7.2,84.2,B,Good
34397,7.2,99.7,9.6,63.3,C,Average
35432,17.9,84.2,2.4,92.9,A,Excellent
29133,20.3,86,6.2,100,A,Excellent
17820,3.1,88.4,8.3,60.6,C,Average
31762,10.7,83.7,4.7,70.1,B,Average
23359,5.8,96.9,9.7,81.5,B,Good
6291,13.3,87,2.3,77.3,B,Good
23354,20.2,80,6.3,100,A,Excellent
35620,20.2,75.2,4.6,100,A,Excellent
19892,0,85.9,6.2,59.5,C,Poor
6372,13.7,82.7,6.3,73.2,B,Average
33708,25.1,88.2,0.7,100,A,Excellent
25362,14.3,72.2,7.8,93,A,Excellent
12556,4.5,87.8,3.9,54.5,D,Poor
30565,23.9,61.4,3.2,100,A,Excellent
3240,21.6,89.1,5.7,100,A,Excellent
19926,20.2,81,6.1,91.2,A,Excellent
16081,13.5,77.2,8.1,81,B,Good
1247,15.2,89.1,4.7,86.5,A,Good
28805,22.3,100,2.9,100,A,Excellent
29646,5.6,70.8,5.3,51.7,D,Poor
290,10.6,83.8,4.4,80.8,B,Good
S122,7,70,7,70,B,Average
18280,17.5,67.9,4.7,71,B,Average
13867,20,93.6,8.2,100,A,Excellent
38433,19.3,76,3.8,92.8,A,Excellent
31245,27.2,77.8,4.8,100,A,Excellent
33448,14.8,93.7,6.8,99.7,A,Excellent
22756,6.7,100,4.4,73.1,B,Average
28014,0,97.3,5.2,43.8,D,Poor
21150,5.5,78,5.2,55.1,C,Poor
14367,10.7,79.2,5.7,85,A,Good
34287,4.2,74.2,8,62.4,C,Average
17494,8.1,74.8,6.6,71.3,B,Average
21974,17.1,84.7,5,81.5,B,Good
10795,21,72.4,6.1,99.9,A,Excellent
6496,17.7,65.2,6.6,83.9,B,Good
38093,18.5,86.9,8.2,94,A,Excellent
25754,18.5,86.4,6.5,91.8,A,Excellent
1131,17.2,85,9.5,93.7,A,Excellent
35205,16.8,83.5,4.7,90.5,A,Excellent
34416,1.3,96.2,8.2,59.2,C,Poor
25796,17.9,78.9,8,93.7,A,Excellent
28261,5,82.1,3.6,78.7,B,Good
7707,26,93.4,6.9,100,A,Excellent
23253,24.4,79.4,2.6,97.9,A,Excellent
32672,15.9,99.8,5.8,81.6,B,Good
21402,17.5,89.5,5.4,98.3,A,Excellent
3402,19,89.7,4.5,85.9,A,Good
13007,9.3,84.3,6.5,82.9,B,Good
24615,17.9,77.6,7.9,83.8,B,Good
23062,10.2,89.9,6.3,66.5,C,Average
1143,13.9,88.2,2.9,66.3,C,Average
28150,14.1,69.1,10,88.2,A,Good
30124,25,86.9,9.9,100,A,Excellent
11502,17.9,81.4,7.4,100,A,Excellent
24745,16.7,80.4,7.8,79.1,B,Good
10972,13.7,85.9,5.2,84.2,B,Good
7799,16,81.1,7.6,88.3,A,Good
25740,15.2,93.3,8.3,97.2,A,Excellent
9606,25.7,89,3.6,100,A,Excellent
20375,12.8,82,4.4,75.2,B,Good
28022,25.6,85.2,2.8,100,A,Excellent
5528,15.1,61.5,7.2,81.6,B,Good
13616,16,77.2,6,98.1,A,Excellent
22761,22.2,87.8,6.6,100,A,Excellent
1921,1.1,100,4.9,62.5,C,Average
18625,13.6,94,6.6,86.4,A,Good
11977,16.4,100,6.4,77.1,B,Good
39119,11,88.6,3.9,89.6,A,Good
30659,28.8,89.4,2.8,100,A,Excellent
14788,12.1,82.4,5.4,75.1,B,Good
14333,6,73.8,4,74.5,B,Average
9280,12.9,92.3,3,78.3,B,Good
1304,9.7,93.5,5.1,80.1,B,Good
10086,16.2,80.2,8.6,85.8,A,Good
20994,19.8,90.2,3.7,86.7,A,Good
33164,14.8,80.2,2.9,75.3,B,Good
20612,17.4,83,6.3,90.4,A,Excellent
31429,12.9,88.9,9.9,86.7,A,Good
21482,11.9,86.6,6.7,78.5,B,Good
19716,14.2,80.1,3.9,75.9,B,Good
24034,0,87,1.6,44.1,D,Poor
20976,20,69.2,5.3,100,A,Excellent
9452,17.9,92.2,10,100,A,Excellent
13169,10.9,100,4,83.4,B,Good
10223,0.6,84.7,4.5,50.4,D,Poor
24128,2.7,93.7,8,72.3,B,Average
1964,19.5,92.4,6.9,100,A,Excellent
31093,20.2,81.3,6.5,98.3,A,Excellent
10056,18,100,5.2,72.1,B,Average
39552,11.2,97.4,6.6,76.6,B,Good
6371,13.2,70.8,10,86.3,A,Good
38727,31.4,79.9,6.5,100,A,Excellent
28114,25.3,93.8,7.4,100,A,Excellent
16707,22.4,76.9,2.9,100,A,Excellent
23371,24.3,91.8,6.6,100,A,Excellent
19290,19.1,75.9,3.9,97.9,A,Excellent
32128,17.8,100,6.9,99.8,A,Excellent
13801,15.8,80.2,6.7,80.8,B,Good
8372,8.6,90.9,4.9,62.5,C,Average
8377,5.4,85.3,7,71.4,B,Average
36746,7,72.3,6.9,75.1,B,Good
34565,2.2,64.9,3,42.5,D,Poor
6314,19.3,78.6,4.3,100,A,Excellent
12963,8.4,67.2,9,67,C,Average
9148,11.6,81,6.5,92.1,A,Excellent
36046,19.7,77.3,9.4,100,A,Excellent
18130,21.1,89.3,7.6,100,A,Excellent
21485,19.7,81.7,7.6,100,A,Excellent
3299,6.9,82.7,1.8,69.2,C,Average
14220,25,86.6,9.5,100,A,Excellent
37686,5.3,92.9,4.9,53.7,D,Poor
6070,11.5,89.5,4.5,84.8,B,Good
3507,17.3,65.4,1.9,100,A,Excellent
9598,14.7,93.5,8.7,89.1,A,Good
22690,18.9,87.6,7.4,90.2,A,Excellent
7223,13.6,86.4,5,100,A,Excellent
8900,19.4,99.8,5.7,98.8,A,Excellent
15693,13.3,97.1,5.8,77.2,B,Good
22559,18.7,71,8.2,90.9,A,Excellent
15508,13.2,91.5,7.8,75.2,B,Good
37383,12.4,84.9,5,80.4,B,Good
36085,23.6,81.8,10,100,A,Excellent
36963,0,95.7,8.3,53.2,D,Poor
37790,14.9,83.8,5.5,100,A,Excellent
11233,16.3,71.3,6.1,87.4,A,Good
5431,10.2,79.1,8.9,68.7,C,Average
33539,22.4,100,6.9,94,A,Excellent
29404,1.3,88.8,8.9,41.4,D,Poor
6789,7.3,86.4,4.4,74.2,B,Average
28865,9.4,84.7,7.6,70.8,B,Average
39288,10.6,80.8,3.5,80.3,B,Good
28486,8.4,90.9,6.8,71,B,Average
11662,10.9,96.6,4.2,57.2,C,Poor
13530,19,79,5.8,100,A,Excellent
23308,28.3,89.6,6.7,100,A,Excellent
33638,10,84.8,4.5,90,A,Good
3918,18.8,84,5.9,100,A,Excellent
16310,5.5,100,10,50.5,D,Poor
6562,24.4,54.3,8,100,A,Excellent
37380,9.5,85.1,7.6,73.4,B,Average
34263,2.9,98.9,5.4,75.5,B,Good
4678,22.7,77.5,4.9,100,A,Excellent
36188,22.8,95.8,8.8,100,A,Excellent
13284,8.3,85.9,5.3,87.1,A,Good
10636,7.2,83.1,4.1,68.4,C,Average
24743,13.5,81.5,7.1,53.2,D,Poor
25004,15,85.6,9.1,100,A,Excellent
38033,15.5,88.6,6.4,87.1,A,Good
16477,32,74.1,4.8,100,A,Excellent
7376,28.8,79.2,7.1,100,A,Excellent
18609,24,85.6,7.1,100,A,Excellent
24225,16.3,92.8,9.4,91,A,Excellent
15090,0,82,5.6,63.5,C,Average
24115,26.2,96.5,6.5,100,A,Excellent
28016,23.3,89.8,7.5,100,A,Excellent
26309,21.3,83.7,10,100,A,Excellent
38047,18.8,98.8,7.5,94.2,A,Excellent
6408,17.1,87.2,2.8,94.4,A,Excellent
3756,1.2,78.4,6.1,46.1,D,Poor
38321,12.2,89.6,6.3,81.9,B,Good
31406,2.7,79.1,3.5,76.2,B,Good
5083,15.6,78.6,4.8,86.5,A,Good
22738,24.1,78.4,7.7,100,A,Excellent
34226,23.3,86.2,6.9,100,A,Excellent
33642,8.8,72.1,7.4,70.9,B,Average
6718,14.4,84.1,7.1,72.4,B,Average
31883,7.5,95.7,4,84.9,B,Good
14162,12.8,94.8,3.6,90.1,A,Excellent
37566,15.5,89.9,6.7,86.4,A,Good
5092,10.1,79.9,6.2,69.1,C,Average
466,13.5,96.6,4.9,99.2,A,Excellent
23497,4.5,80.3,1.7,68.4,C,Average
9236,5.8,79.5,0.8,45.2,D,Poor
2438,20.8,86.9,2.8,100,A,Excellent
10368,18.8,85,2.3,91.2,A,Excellent
19641,15.3,100,9.4,73.1,B,Average
1163,5.3,84.1,4.3,68.6,C,Average
33700,17.7,81.5,4.7,92,A,Excellent
11069,25.3,71,3,100,A,Excellent
16186,11.5,73.3,8,81.4,B,Good
15153,6,87.4,6.3,81.7,B,Good
29923,11.2,97.8,8.1,71.2,B,Average
22406,9.6,73.8,5.6,81.5,B,Good
39790,13,73,5.9,86.8,A,Good
11565,22.5,78.7,4.4,90.1,A,Excellent
5668,20,100,6.6,100,A,Excellent
26004,16,100,7,79.5,B,Good
38048,9.1,81.7,4.8,50.7,D,Poor
22171,6.4,79.6,6.9,69.9,C,Average
9495,8.5,93.7,7.2,78.5,B,Good
10422,17.8,88.6,3.9,100,A,Excellent
10519,4.1,88.8,3.1,61.3,C,Average
29952,11.8,92.2,6.9,85.1,A,Good
15001,14,75.5,8.4,83.3,B,Good
20907,16.6,71.9,9.5,94.6,A,Excellent
16359,16.9,65.2,8.2,100,A,Excellent
31551,10.5,88.4,8.2,69.6,C,Average
32164,22.1,87.3,7.3,91.7,A,Excellent
31904,20.2,87.4,6,87.8,A,Good
1089,13.2,76.1,1.8,89.9,A,Good
13693,27.6,83.4,7.7,100,A,Excellent
16992,23.9,95,1.5,100,A,Excellent
30309,13.5,78.3,4.1,70.6,B,Average
14325,0,75.9,3.7,59.3,C,Poor
20337,14.9,99.6,4.5,99.5,A,Excellent
10359,12.5,83.8,6.3,80,B,Good
23663,23.1,73.2,10,100,A,Excellent
5280,15.6,97.3,6.4,94.5,A,Excellent
5342,18,84.5,6.5,100,A,Excellent
3616,20.1,100,7.4,99.4,A,Excellent
18125,27,86.4,5.2,100,A,Excellent
27389,24.3,77.6,5.2,100,A,Excellent
3549,7.2,84.4,8.7,60.4,C,Average
26719,16.8,81.9,7.1,100,A,Excellent
31562,8.8,91.5,3.3,75.1,B,Good
31236,4.7,87,3.2,77.3,B,Good
22875,22.2,100,8.5,100,A,Excellent
33420,11.3,92.1,2.4,79.6,B,Good
10858,5.8,88.6,8,84.4,B,Good
20619,0.3,82.6,7,45.3,D,Poor
15221,16.3,94.2,6,83.8,B,Good
9293,4,87.9,8,54.4,D,Poor
7837,19.9,90,2.2,100,A,Excellent
387,17.4,76.8,6.7,85.4,A,Good
35319,1.8,90.7,3.4,43.2,D,Poor
38003,8.5,69.9,6.9,59.5,C,Poor
16934,25,82.9,5.8,100,A,Excellent
37525,11.6,90.7,5.7,93.2,A,Excellent
31584,5.7,92.9,6.8,81.7,B,Good
16953,14.4,87.2,7.3,90,A,Good
13273,24.4,90.7,8.2,94.1,A,Excellent
16496,10.6,74.9,6.1,79.4,B,Good
24673,10.3,100,8.8,68.8,C,Average
6704,5.2,94.8,7.7,66.1,C,Average
4805,13.2,72.7,10,70.2,B,Average
28281,7.4,74.8,7.9,56,C,Poor
35101,15.3,97.9,7,87.3,A,Good
11956,11.6,91.3,5.6,72.5,B,Average
29624,11.6,92.5,7.1,81.1,B,Good
11228,25.5,88.8,6.3,100,A,Excellent
25755,13.5,100,7.1,100,A,Excellent
21059,14.8,89.4,4.9,78.7,B,Good
5232,18.5,75,5,89.6,A,Good
307,23.9,86.1,4.9,100,A,Excellent
28476,26.4,91.8,6,100,A,Excellent
25571,4.1,71.4,1.6,48.8,D,Poor
31092,8.6,73.5,6.8,75.1,B,Good
13718,20.7,87,6,97.3,A,Excellent
279,15.5,74.9,6.2,77.6,B,Good
32653,13.4,97.6,5.4,100,A,Excellent
26284,19.5,82.2,4.4,100,A,Excellent
25156,15.4,68.2,5.3,80.8,B,Good
35049,13.3,72.6,5.4,88.6,A,Good
30986,20.7,64.1,2.6,95.5,A,Excellent
28669,19,73,3.4,85.8,A,Good
24023,24.3,95.5,5.3,97.9,A,Excellent
25352,11.5,75.5,6.5,77.4,B,Good
4163,13.1,97.7,6.5,88.6,A,Good
8087,1.1,100,8.6,60.1,C,Average
27150,10,98.4,3.3,67.8,C,Average
39204,8.2,97.9,5.2,77.4,B,Good
8505,5.4,93,6.8,81.6,B,Good
24487,16.6,85.9,7.3,100,A,Excellent
11231,17.1,82.9,7.2,81.3,B,Good
5077,15.3,89.2,6.7,86,A,Good
19558,19.7,100,9.1,100,A,Excellent
24818,6.1,100,5.9,100,A,Excellent
36417,19.2,65.8,8.1,93.8,A,Excellent
24951,11,84.6,5.9,79.1,B,Good
8371,12.3,86.8,4.6,83.8,B,Good
39028,17,100,5.6,90.7,A,Excellent
28698,12.6,77.7,7.1,95.9,A,Excellent
34774,7,90.2,5,61.7,C,Average
17219,13.6,78.3,3.9,80.9,B,Good
351,17.2,85.4,4.9,100,A,Excellent
5768,14.4,94.8,2.3,61.4,C,Average
12806,2.7,88,4.1,39.8,F,Poor
34703,13.1,78.7,8.4,90.5,A,Excellent
4787,20.1,91.6,5.1,96.3,A,Excellent
20509,12.8,87.6,10,62.8,C,Average
22840,9.8,89.6,8.5,59.2,C,Poor
6456,8,69.3,7.5,61.6,C,Average
13618,6.4,76.1,10,60.6,C,Average
19957,7.1,74.4,5.2,66.8,C,Average
5262,9.5,88.1,5.1,71.7,B,Average
11160,27.6,100,6.2,100,A,Excellent
26682,6.8,84.3,7.9,51.1,D,Poor
2619,18.2,87.8,5.9,100,A,Excellent
9948,10.7,97.9,7.4,76.5,B,Good
37804,1.8,91.4,3.3,47.5,D,Poor
36238,11.8,92.8,4.4,84.2,B,Good
12903,25.4,71.4,3.5,100,A,Excellent
3256,16,83.7,7.2,89.3,A,Good
2228,10.8,100,7.2,91.1,A,Excellent
9151,19.6,89.3,2.4,94.9,A,Excellent
26822,7.1,88.8,6.5,64.9,C,Average
7650,7.6,91.7,7.2,70.4,B,Average
257,23.9,68.3,7,100,A,Excellent
35571,0.4,91.4,0.8,29.4,F,Poor
11831,11.1,90.1,4.8,85,B,Good
34815,10.8,62.3,5.8,62.8,C,Average
37370,4.7,83.1,6.9,50.3,D,Poor
24849,24.3,87.5,8.2,100,A,Excellent
25051,17.1,95.9,6.4,94.9,A,Excellent
2696,25,80.7,8.3,100,A,Excellent
27774,8.6,94.9,7,67.2,C,Average
5752,6.4,91.2,6.6,74.8,B,Average
32003,10.3,80.5,2.1,54.7,D,Poor
35015,12.6,93,6.4,82.8,B,Good
30973,24.9,72.9,5.2,90,A,Good
22405,25.6,80.2,6.9,100,A,Excellent
9277,12,86.5,8.8,75.8,B,Good
9159,24.8,100,4.1,100,A,Excellent
5970,10.9,77.1,5.6,94,A,Excellent
18726,24.1,74.7,3.6,98.8,A,Excellent
15980,22.9,80.8,9.4,100,A,Excellent
30940,19.8,79.4,1.8,99.4,A,Excellent
18665,6.8,59.4,3.1,73,B,Average
27293,22.7,82.7,2,98.7,A,Excellent
38993,9.3,98.3,8.2,78.3,B,Good
29965,19,100,7.5,94.1,A,Excellent
23083,4.2,97.9,4.5,60.8,C,Average
29956,8.8,95.4,8.9,87.1,A,Good
22571,24.8,93.2,6.2,100,A,Excellent
25015,18.1,74.4,7.8,100,A,Excellent
32343,19.9,85.1,5.4,100,A,Excellent
3499,13.7,89.8,5.7,67.7,C,Average
35372,16.2,67.5,5.2,100,A,Excellent
11398,9.4,80.3,5.9,65.6,C,Average
10495,10.1,78.1,8,50.8,D,Poor
7043,18.2,83.9,7.7,100,A,Excellent
20835,17,75.2,6.9,93.6,A,Excellent
33932,18.1,64.6,6.6,95.2,A,Excellent
18907,5.2,80.8,6,78.5,B,Good
8928,12.9,92.7,9.1,75.8,B,Good
8583,3.7,77.5,3,66.8,C,Average
1807,16.9,74.5,3.9,99.1,A,Excellent
36824,8.8,81.7,3.7,75.1,B,Good
35200,19.4,75.3,5.4,95.7,A,Excellent
35601,9.7,100,4.2,64.4,C,Average
26011,22,85.3,4.1,100,A,Excellent
15924,23.3,82.7,6.5,100,A,Excellent
36066,25.2,86.9,7.8,88.5,A,Good
7683,13.5,76.3,5.6,86,A,Good
27508,9.4,88.9,4.1,68.7,C,Average
38032,18.9,88.1,8.5,94.8,A,Excellent
8911,8.8,100,4.3,78.6,B,Good
3782,12.7,81.3,4.4,88.1,A,Good
7141,0,93.2,7.7,39.7,F,Poor
29237,20.1,84.2,4.8,99.4,A,Excellent
24204,12.2,77.3,4.6,77.5,B,Good
22049,16.2,92.8,5.8,100,A,Excellent
11309,11.6,76.5,5.9,70.8,B,Average
24545,12.3,93.3,5.3,79.9,B,Good
14236,20.1,94.9,9.5,100,A,Excellent
29638,20,82.2,3.9,100,A,Excellent
17516,13.7,73.4,7,95.5,A,Excellent
22838,26.5,72.1,6,100,A,Excellent
33529,18.8,87.6,6.5,81,B,Good
12008,14.8,79,4.4,81.7,B,Good
37605,6.9,76,5.7,45,D,Poor
19200,20.1,74.4,6.7,90.3,A,Excellent
35892,5,87.8,7.9,55.3,C,Poor
3518,18,72.2,0.2,83.7,B,Good
21475,2.6,87.8,7.3,43.9,D,Poor
3707,11.3,73.9,7.1,82.2,B,Good
3932,25.7,71.1,7.5,100,A,Excellent
22955,12,95.6,8.9,69.5,C,Average
31111,12,93.3,8.5,74,B,Average
2177,3.7,72.3,8.3,63,C,Average
20703,2.9,77.4,7.3,63.6,C,Average
15094,16.4,80.5,7,77.8,B,Good
6633,12.2,88.7,2.5,85.1,A,Good
32937,16.4,83.5,3.1,89.7,A,Good
37816,16.5,99.1,3.9,94.5,A,Excellent
12426,10.7,88.5,6.8,76.3,B,Good
23058,6.7,86.8,6.4,80.4,B,Good
19691,18.2,72.8,4.6,100,A,Excellent
18264,14.3,89,7.5,75.8,B,Good
11608,16.6,84,3.4,100,A,Excellent
5040,17.7,79.3,10,100,A,Excellent
9475,0.1,60,6.6,55.9,C,Poor
29695,27.2,87,9.6,100,A,Excellent
34502,6.1,66.2,6.6,65.1,C,Average
6875,5.6,85.1,7.7,54.8,D,Poor
16552,8.3,64.4,3.8,57.2,C,Poor
25203,14.2,87.8,5.4,78.5,B,Good
21137,14.4,81.3,4.5,88.7,A,Good
24396,8.6,65.3,8.3,60.5,C,Average
35574,17.6,84.2,6.9,93.2,A,Excellent
37084,6.7,81.9,4.6,69.1,C,Average
14898,10.4,84.2,7.3,72.7,B,Average
19983,9.7,91.6,8.5,81,B,Good
25871,18.3,92.3,5.5,100,A,Excellent
21996,22.7,76.3,5.2,100,A,Excellent
17433,28.4,98,8.9,100,A,Excellent
13541,0,100,7.3,46.4,D,Poor
6412,14.3,82.8,5.3,71.1,B,Average
39467,11.7,89.9,5.3,77.3,B,Good
16147,27.4,89.1,5.2,100,A,Excellent
13021,13.9,76,5.4,85.2,A,Good
26042,14.2,84.8,6,93.3,A,Excellent
34046,18.2,70.5,6.2,82.5,B,Good
26348,15.2,91.2,6.4,100,A,Excellent
37795,19.5,83.7,3.3,100,A,Excellent
35277,21.3,83.3,5.8,100,A,Excellent
18967,20.5,94.8,6.4,94.8,A,Excellent
23391,26.1,59.7,4,100,A,Excellent
36536,12.4,87.9,10,93.6,A,Excellent
21372,15.7,77.3,7.4,93.5,A,Excellent
24665,16.6,79.8,9,77.3,B,Good
39342,12.7,71.8,5.3,95,A,Excellent
2480,19.9,99.9,6.2,96.9,A,Excellent
8066,15.6,74.4,5.3,88.2,A,Good
2518,0,85.5,7.8,34.4,F,Poor
35881,4.8,88.5,4.1,70.1,B,Average
14651,23.7,100,5.5,100,A,Excellent
16133,7.6,80.4,6,41.2,D,Poor
11641,17.6,89.6,3.6,87.9,A,Good
28417,17.4,88.4,7,87.4,A,Good
19751,20.6,70,10,100,A,Excellent
25456,16.9,83.7,8.8,96.7,A,Excellent
32437,11.6,84.8,7.6,80.7,B,Good
27503,14.7,66.8,5.3,79.3,B,Good
8539,17.3,84.9,5.3,85.4,A,Good
6020,21.7,62.1,7.9,100,A,Excellent
889,19.1,97.6,5.5,88.6,A,Good
34117,0,75,7.6,45.4,D,Poor
2628,19.9,84.4,5.7,88,A,Good
5289,10.8,92.7,5.7,77.7,B,Good
4219,17.3,75.4,4.3,83,B,Good
12139,8.6,83.2,8.5,73.7,B,Average
38821,33.4,66.4,5.3,100,A,Excellent
11773,19.1,93.1,4.2,90.5,A,Excellent
17800,10.1,84.6,7.8,67.4,C,Average
16258,0,75.3,6.6,48.5,D,Poor
28463,15.6,82.3,3.5,82.5,B,Good
17413,5.7,75.8,3.8,62.6,C,Average
37906,5.6,94.9,5.3,72.7,B,Average
6558,22.8,85.3,7.6,99.9,A,Excellent
1138,6.4,78.2,7.3,60.3,C,Average
11400,13.5,90.9,5.6,84.9,B,Good
13833,15.2,86.7,1.4,94.6,A,Excellent
18873,13.5,74,2.9,91.5,A,Excellent
14032,18.5,100,7,100,A,Excellent
15399,8.5,90.2,4.5,76.1,B,Good
12000,8.4,94.3,8.7,76.2,B,Good
36281,3.6,77.3,5.4,57.6,C,Poor
S036,5,68,10,74,B,Average
25970,24.3,76.4,9.8,100,A,Excellent
642,26.7,100,6,100,A,Excellent
24584,18.4,71.3,8,97.5,A,Excellent
22145,15.8,94.3,6.2,100,A,Excellent
30818,9.5,83.4,4.1,63.9,C,Average
12516,14.6,83.8,5.9,92.8,A,Excellent
34578,12.2,77.2,5.5,65.6,C,Average
18694,7.4,88.7,3.8,83.7,B,Good
11423,13.4,76.3,4.2,84.4,B,Good
14385,25.2,92.1,3.8,100,A,Excellent
24540,3.7,74.9,6,53.4,D,Poor
13310,5.5,86.7,5.1,67.8,C,Average
2094,7,92.8,8,78.4,B,Good
18868,6,84.3,7.2,81.4,B,Good
39505,16.3,88.2,5.3,75,B,Good
14623,13.8,89.3,2.1,88.3,A,Good
13857,8.1,90.7,3,66.6,C,Average
6996,12.9,89.7,6.6,80.2,B,Good
19880,8,91.2,6.4,68.7,C,Average
20171,16.8,83,2.7,84.1,B,Good
1349,5.4,84.4,8,57.2,C,Poor
12644,22.3,95,10,100,A,Excellent
7078,29.4,89.2,8.8,100,A,Excellent
13144,15.1,73.3,5.7,84.9,B,Good
16076,20.5,83.2,8,98.3,A,Excellent
23973,19.6,59.4,4.3,94.5,A,Excellent
36537,13,89.8,8.8,80.1,B,Good
25059,20.6,61.4,1.8,97.8,A,Excellent
S082,2,55,10,61.5,C,Average
30897,25.1,89.7,3,100,A,Excellent
27877,9.1,89.3,4.2,70.1,B,Average
18342,13.7,97.4,5.6,91,A,Excellent
31922,14.8,96.5,2.1,91.3,A,Excellent
7176,17.5,92,3.3,92.4,A,Excellent
28944,0.9,94.7,5.6,40.1,D,Poor
3313,29.6,85.4,3.2,100,A,Excellent
5566,19.8,99.9,8,100,A,Excellent
35668,12.1,90.9,8.2,77.8,B,Good
29770,14,76,6.1,86.6,A,Good
7052,17.8,97.8,8.2,100,A,Excellent
19894,9.9,100,8.3,66.4,C,Average
3075,9.9,87.5,7.9,80.8,B,Good
7831,13.6,87.9,6.5,89.7,A,Good
12676,17.5,84.2,6.7,85.5,A,Good
38071,15.4,92.2,5.1,86,A,Good
17285,20.8,75.9,5.3,100,A,Excellent
6686,16,97.4,6.2,93,A,Excellent
36161,23.4,78.6,6.8,100,A,Excellent
23475,11.3,75.7,6,72.2,B,Average
19035,19.2,94.4,6.5,100,A,Excellent
38062,12,75.2,4.5,87.5,A,Good
28618,16,70.8,7.9,83.4,B,Good
14972,13.2,76.5,7.6,60.5,C,Average
16591,5.2,82.7,7.3,76.4,B,Good
34835,14.6,65.3,5.6,92.3,A,Excellent
25476,18,92.9,5.4,97.7,A,Excellent
36,6.5,86.4,8.2,61.6,C,Average
38529,13.1,80.5,5.2,80.2,B,Good
7454,22.2,100,3.9,88.3,A,Good
7023,11.1,90.9,8.4,91.2,A,Excellent
10907,9.2,87.6,7,56.5,C,Poor
36594,33.3,63.6,5.9,100,A,Excellent
3905,26.3,77.8,9.2,100,A,Excellent
28329,23.8,80.5,8.5,96.4,A,Excellent
16466,9.4,90.9,6.6,60.4,C,Average
38819,15.7,79.4,8.2,78.3,B,Good
22941,18.7,70.6,8.3,86.4,A,Good
4988,15.5,80.4,5.4,97.1,A,Excellent
12439,16.6,65.1,4.8,87,A,Good
17625,1.3,94.4,8.6,59.1,C,Poor
24486,16.6,82.8,8,92.4,A,Excellent
16020,22,77.3,7.8,99.6,A,Excellent
6673,17.6,95,7.4,79.8,B,Good
21990,20.3,78,5.6,100,A,Excellent
26789,11.5,84.9,5.8,85.1,A,Good
29294,21.3,83.9,4.3,95.5,A,Excellent
12275,16.4,80.1,8.8,89.2,A,Good
21397,0.9,89.8,7.7,25.4,F,Poor
33431,3.4,90.7,6,43.7,D,Poor
16042,22.2,78.4,7.5,89.1,A,Good
14840,20.6,81.9,1.1,89.7,A,Good
3938,5.7,70,5.6,61.2,C,Average
19213,4.8,74.8,10,52.7,D,Poor
31345,13.5,81.9,5.8,91.8,A,Excellent
17960,4.2,88.5,9.6,64.7,C,Average
22024,19,86.1,3.2,89.5,A,Good
17336,15.6,74.3,9.3,81.5,B,Good
27129,16.2,88.5,9.2,79.5,B,Good
20983,15,99.7,5.4,92.7,A,Excellent
21802,14.2,80.6,5.9,85.8,A,Good
6606,3.1,90.2,2.3,79.4,B,Good
38712,12.7,89.3,5.4,83.2,B,Good
900,9.3,71.1,7.3,76.5,B,Good
34676,6.5,100,4.6,62.5,C,Average
30483,37.1,62.3,6.9,100,A,Excellent
20279,7.4,78.1,3.7,50.4,D,Poor
16582,18.9,83.6,7.3,99,A,Excellent
2711,9.3,100,8.6,84.1,B,Good
19783,16.1,78.2,8.1,91.8,A,Excellent
21794,6.7,95.9,6.3,80.2,B,Good
32545,8.7,100,6,66.4,C,Average
31901,5.5,87.6,4.4,54.2,D,Poor
12914,34.9,87.3,8.7,100,A,Excellent
9672,17.7,90.6,4.3,95.4,A,Excellent
36947,16.5,93.9,5.5,100,A,Excellent
9589,0.6,65.4,7.5,56.4,C,Poor
9443,8.2,88.4,5.4,79.9,B,Good
38081,5.5,92,7.5,52.7,D,Poor
2498,13,79.6,7.8,85.8,A,Good
38656,15.3,99.3,5.3,74.1,B,Average
22719,9.9,78.4,7.4,77.1,B,Good
17456,21.3,78.3,6.8,100,A,Excellent
6162,21.1,73.2,8.9,93.6,A,Excellent
15798,16.6,78.1,7.1,96.6,A,Excellent
21373,17.4,80.5,6.6,100,A,Excellent
12350,5.5,86.1,6.1,57.6,C,Poor
33198,17.9,100,7,93.2,A,Excellent
28802,7.5,82.8,7.3,52,D,Poor
16694,12.8,84.3,8.4,75.5,B,Good
22078,19.5,91.3,8.1,93.7,A,Excellent
34720,28.4,92.2,9.5,100,A,Excellent
16532,24,82.9,4.5,100,A,Excellent
36211,17.4,84.4,4.9,85.4,A,Good
22440,15.5,80.3,4.3,92.6,A,Excellent
36282,14,78.3,3.3,73.9,B,Average
7641,0.5,80.7,4.5,42.3,D,Poor
14344,17,92.3,6.5,82.7,B,Good
21032,8.8,75.4,6.5,76.9,B,Good
34674,8.9,68.6,4.4,78.6,B,Good
4963,14.1,81.2,6.3,63.2,C,Average
6497,22,100,10,96,A,Excellent
13725,10.1,87.3,6.9,87.8,A,Good
36626,14.9,72.1,2.5,78,B,Good
32107,26.1,95.9,5,100,A,Excellent
23034,17.7,86.8,9.8,63.8,C,Average
15759,11.9,61.1,7.1,77.2,B,Good
12785,12.4,99.7,5.2,88.5,A,Good
20132,27.4,85.8,4.4,100,A,Excellent
34009,11.3,94.5,5.8,87.7,A,Good
13495,17,89.1,8.1,100,A,Excellent
29165,30.5,75.5,8.4,100,A,Excellent
19540,27.1,86.8,1.9,100,A,Excellent
10277,15.8,87.8,5.1,86.7,A,Good
22999,14.3,83.2,9.8,74.3,B,Average
25634,18.2,95.1,5.3,85.6,A,Good
4762,19.7,69.4,4.9,98,A,Excellent
9395,16.2,77.8,4.7,80.9,B,Good
12688,14,73,9.4,89.9,A,Good
4791,13.1,94,3.6,79,B,Good
23638,19,100,5.4,99.4,A,Excellent
5539,6.4,76.1,10,64.5,C,Average
7077,20.6,100,8.9,100,A,Excellent
22292,9.3,95.9,5.2,79.4,B,Good
17498,20.8,99.1,7.7,88.6,A,Good
29974,24.8,93,5.8,100,A,Excellent
34695,22.2,87.6,6.5,100,A,Excellent
20320,25.3,65.8,5.1,100,A,Excellent
2792,11.1,86.7,5.6,74,B,Average
27862,4.5,80.1,5.4,62.8,C,Average
5565,15.2,100,6.7,90.7,A,Excellent
10068,18,93.4,5.5,84.8,B,Good
21654,13.5,74.4,3.7,94.3,A,Excellent
4985,19,88.1,5.2,96.1,A,Excellent
2312,27.6,93.5,3.8,100,A,Excellent
23624,18.7,79.3,8.1,100,A,Excellent
34704,7.2,76,7.6,68.9,C,Average
37135,5.9,78.7,7.4,79,B,Good
13561,15.4,74.4,4.6,100,A,Excellent
10239,4.5,85.6,8,73.8,B,Average
7018,9,82.8,10,75.8,B,Good
4054,16.4,88.2,5.4,83.4,B,Good
25106,10.8,71.2,7.5,83,B,Good
1425,7.7,72.6,7.6,66,C,Average
10344,8.2,86.1,5.3,72.9,B,Average
37248,13,82.7,3.3,82.6,B,Good
3149,14.2,77.7,6,90.3,A,Excellent
15490,15.8,85.3,9.6,100,A,Excellent
12721,5.5,62.7,5.2,76.8,B,Good
19379,12.8,91,7,74.6,B,Average
22926,8.9,80.3,1.9,65.9,C,Average
32379,29.4,69.3,10,100,A,Excellent
37046,18.6,80.6,7.1,77,B,Good
17487,12.5,62.6,8.6,78.6,B,Good
8312,33.9,100,6.2,100,A,Excellent
37621,16.9,69.2,7.2,99.6,A,Excellent
32336,15.5,56.7,6.7,99.4,A,Excellent
8607,5.1,100,6.4,42.2,D,Poor
12647,23.4,89,6.3,100,A,Excellent
35887,20.3,90.8,5.7,84.6,B,Good
36851,19.5,97.2,10,100,A,Excellent
18133,34.8,81.8,4.5,100,A,Excellent
3493,18.5,89.9,9.6,94.9,A,Excellent
6019,14,94.7,6.5,94.2,A,Excellent
33623,0.4,63.6,7.1,55.4,C,Poor
39456,21.2,92,5.4,100,A,Excellent
20501,7.3,97.7,0.1,76.3,B,Good
11482,17.4,80.8,2.8,96.5,A,Excellent
2533,18.9,99.1,5.1,87.2,A,Good
6921,16.8,93.2,5.7,86.3,A,Good
15869,15.4,82.9,10,92.9,A,Excellent
37196,16.9,76.9,7.6,91.5,A,Excellent
7851,29,98.1,5.9,100,A,Excellent
49,17.4,79.9,7.6,71,B,Average
30515,16,95.8,7.5,77.1,B,Good
9588,19.1,81.4,4.7,93.2,A,Excellent
31981,31,100,10,100,A,Excellent
21103,12,100,6.7,92.4,A,Excellent
29132,6.9,85.1,7.2,71.6,B,Average
28725,21.7,94.4,1.6,100,A,Excellent
6092,15.7,84.2,8.7,100,A,Excellent
37664,9.4,87.1,6.6,67.8,C,Average
22904,1.9,81.4,5.2,58.3,C,Poor
34662,9.7,92.4,4.2,94.4,A,Excellent
7327,23.2,84.3,9.3,100,A,Excellent
38479,22.2,97.9,6.5,100,A,Excellent
23895,13.2,99.9,6.8,76.1,B,Good
21702,17.1,75.9,7.3,84.2,B,Good
18677,7.9,84.3,7.2,59.2,C,Poor
28804,22.4,65.7,2.1,100,A,Excellent
9323,15.7,100,6.7,86.3,A,Good
22243,3.8,100,4.6,40.7,D,Poor
30952,20,69.2,3.5,100,A,Excellent
12632,14.3,76.6,7.8,92.5,A,Excellent
12505,14,76.5,6,93.6,A,Excellent
14326,13.6,100,8.7,62.9,C,Average
20446,16.1,98.5,7.9,93.1,A,Excellent
1174,14.6,82.9,4.3,69.9,C,Average
17327,11,71.4,6.4,75.7,B,Good
12329,12.4,85,6.6,74.3,B,Average
27682,7.9,93.7,3.4,65.5,C,Average
19189,11.4,88,3.1,89.4,A,Good
15567,9.1,86.9,6.5,74.5,B,Average
5930,17.8,83.6,6,100,A,Excellent
17300,25.8,77,0,100,A,Excellent
25629,14,74.7,2.1,85.6,A,Good
19853,0,75.3,5.1,45.3,D,Poor
17142,31.4,80,2.1,100,A,Excellent
35943,21.2,82.9,7.2,100,A,Excellent
28292,17.1,85.9,6.8,100,A,Excellent
31940,25.3,87,7.6,100,A,Excellent
2674,11.2,85,6.3,83.3,B,Good
1934,14.3,67.8,4.8,76.4,B,Good
37367,12.4,75.6,2,86.1,A,Good
26126,3.7,79.1,7.3,63.6,C,Average
26564,6.5,71.3,6.8,59.5,C,Poor
18975,24.6,78,5.8,100,A,Excellent
37679,9.4,79,8.8,84.1,B,Good
9534,10.8,86.8,3.5,64.3,C,Average
12705,18.6,88.8,3.8,100,A,Excellent
19093,19,86.2,3.8,97.3,A,Excellent
9619,22.2,77.7,3.9,100,A,Excellent
24188,15.8,82.5,4.3,87.2,A,Good
32674,4.7,83.2,5.4,55.2,C,Poor
13361,13.8,74.9,6.5,93.2,A,Excellent
22264,15.9,97.4,4.5,93.7,A,Excellent
13196,4.6,90.2,5.6,64.9,C,Average
28122,8.4,86.9,2.6,57.8,C,Poor
4124,16.5,67,6.9,95.9,A,Excellent
3350,14,95.7,5.7,89.6,A,Good
2821,13,66,7.3,84.4,B,Good
34421,8.6,98.2,4.2,72.3,B,Average
11897,12.7,76.2,5.4,89.4,A,Good
1798,9.4,72.9,3.8,79.4,B,Good
31869,25.1,76.3,7,100,A,Excellent
39287,18,89.3,4.4,95.6,A,Excellent
5544,13.6,90.7,6.9,70.3,B,Average
19151,15.5,79.5,3.9,97.8,A,Excellent
30789,15.7,88.4,5.1,74.1,B,Average
28962,28.5,82.5,7.6,100,A,Excellent
25760,17,76.3,6.4,100,A,Excellent
6155,20.1,80.1,5.7,85.5,A,Good
9053,14.5,92.1,3.7,100,A,Excellent
9150,17.9,100,4.8,83.2,B,Good
20954,20.7,85.8,4.7,100,A,Excellent
17000,17.1,73.1,5.1,95.1,A,Excellent
31828,17.8,73,5,80.8,B,Good
11962,15.3,82.4,4.4,98.5,A,Excellent
38546,13.6,100,7.1,89.4,A,Good
18595,15.2,87.8,10,75,B,Good
9639,10.7,71.8,10,61.2,C,Average
39439,16,82,6.9,91.3,A,Excellent
27289,2.8,82.5,5.1,54.9,D,Poor
17807,14.2,81.5,4.8,86,A,Good
20136,13.7,95.6,4.7,73.6,B,Average
30641,20.9,81.8,7.5,100,A,Excellent
6118,9.1,91.9,5.9,58.9,C,Poor
34689,3.4,86.7,9.1,51.9,D,Poor
6698,22.9,92.7,5.6,100,A,Excellent
24484,12.1,84.6,4.2,80.9,B,Good
16612,12.5,92.3,4.2,91.8,A,Excellent
30290,14.8,90.9,5.9,78.9,B,Good
17010,22.2,100,9.5,91.3,A,Excellent
32685,16.1,84.8,7.1,86.6,A,Good
32706,24.9,91.5,8.1,100,A,Excellent
1098,1,95.3,8.4,50.4,D,Poor
39386,17,83.7,5.4,76.3,B,Good
25994,12.8,100,9.4,97.2,A,Excellent
29310,7.8,98.5,7.1,67.7,C,Average
22667,2.4,90.7,8.9,61,C,Average
2425,4.3,86.8,4.5,56.1,C,Poor
18740,15.3,79.1,5.9,86.8,A,Good
11260,7.6,88.8,5.5,61.1,C,Average
12928,17.6,84.2,6,79.1,B,Good
23060,9.7,75.2,8.3,54.7,D,Poor
34728,23.5,78,6.6,91,A,Excellent
12485,7.6,86.7,7.2,50.1,D,Poor
17391,8.2,95.4,4.4,87.9,A,Good
29925,11.5,82.6,7.7,80.6,B,Good
29191,19.4,64.7,6.8,89.3,A,Good
26867,15.6,100,4.2,100,A,Excellent
2900,17,69.1,9.2,82.3,B,Good
9682,5.3,84.5,7.7,57,C,Poor
19530,19.2,85.8,7.8,83.5,B,Good
8277,32.2,91.9,7.3,100,A,Excellent
32900,16.9,83,4.5,100,A,Excellent
39096,21.6,94,4.3,100,A,Excellent
9283,9.1,72.5,6.9,65.4,C,Average
28353,30.3,94.9,2.8,100,A,Excellent
31026,13.7,76.1,8.2,90.6,A,Excellent
3656,17.5,71.7,6,91,A,Excellent
10757,14,73,5.5,89.2,A,Good
16441,0,79,8.4,40.6,D,Poor
9031,14.9,77,7.3,87.9,A,Good
19394,27.6,75.3,5.6,100,A,Excellent
38970,14.4,90.4,5.1,99.5,A,Excellent
36743,22.1,91.8,5.9,97.2,A,Excellent
29662,17.9,88.4,7.9,93.1,A,Excellent
33544,0,82.2,6.8,40.8,D,Poor
38913,8.9,90.2,6.1,69,C,Average
34214,0,78.3,6,32,F,Poor
10809,10.5,81.6,5.6,69,C,Average
17095,16,91.3,4.6,83.5,B,Good
1820,8.1,79.3,5.4,77.6,B,Good
31590,0,97.9,8.1,73.3,B,Average
4895,7.6,86.4,5.3,64.9,C,Average
33665,17.9,82.8,5.8,94,A,Excellent
7897,24.3,80.5,4.2,97.3,A,Excellent
18750,22.9,100,5.1,100,A,Excellent
280,12.3,74.2,6.9,82.4,B,Good
39585,20.5,89.6,7.6,84.4,B,Good
37783,13.3,89.7,4,92.2,A,Excellent
2598,16.5,90,7.6,97.3,A,Excellent
30324,20.3,91.1,3.4,100,A,Excellent
6571,14.1,83.6,6.2,82.8,B,Good
28367,22.9,98.9,6.1,100,A,Excellent
16121,21.6,80.6,4.7,100,A,Excellent
11188,18.8,78.9,6.3,100,A,Excellent
1884,10.9,97.3,6.8,57.2,C,Poor
13686,25.3,83.8,4,100,A,Excellent
15040,15.1,100,5.2,83,B,Good
21036,21.9,61,6.6,100,A,Excellent
27898,6.5,90.5,2.6,69.2,C,Average
36296,13,87.8,2.6,86.5,A,Good
14041,9,81,4.9,85.9,A,Good
33866,21.2,80,5.2,100,A,Excellent
16725,19.6,61.3,6.1,100,A,Excellent
11005,22.6,68.3,5.2,93,A,Excellent
35053,15.7,87,5,100,A,Excellent
18768,21.7,83.6,6.4,100,A,Excellent
31418,15.1,87.5,6.6,93.4,A,Excellent
21289,13.2,88.8,4.5,78.2,B,Good
19517,18.9,75.7,0.4,91.9,A,Excellent
17709,16,98.8,6.3,98.3,A,Excellent
22122,19.2,77.8,5.8,90.2,A,Excellent
25497,15.9,85.8,5.8,86.5,A,Good
20057,20.5,64.3,7.3,100,A,Excellent
33663,19.4,84.1,5.8,92.4,A,Excellent
29120,19.8,100,6.1,100,A,Excellent
24881,23.8,100,4.7,100,A,Excellent
25272,20.7,95,5.2,100,A,Excellent
19826,20.3,93.2,3,100,A,Excellent
7542,14.7,74.5,4.5,100,A,Excellent
25592,18,77.7,9.7,94.4,A,Excellent
20200,11.4,92,5.3,89,A,Good
13478,8,94.9,8.4,51.3,D,Poor
32039,30.4,83.9,4.8,100,A,Excellent
11186,7.7,100,3.3,60.8,C,Average
1671,13.3,98.6,5.2,98.3,A,Excellent
19504,20.2,72.5,7.8,100,A,Excellent
22931,11.8,69.1,5.5,70,C,Average
18150,18.6,93.5,6.2,88.8,A,Good
37142,11.8,67.7,7.7,71.4,B,Average
8163,20.5,79.3,8.8,97.7,A,Excellent
2130,20,99.6,7.1,92.6,A,Excellent
19098,8.8,87.9,2.9,70,C,Average
13328,24,96.6,7.6,99.4,A,Excellent
25616,12.6,89.4,1.9,74.3,B,Average
32965,16.4,75,7,94.8,A,Excellent
33741,17,79.1,7.2,89.4,A,Good
39401,15.5,79.1,5.8,69,C,Average
14274,0.3,90.4,6.5,63.5,C,Average
34828,11.1,81.7,5.7,67.8,C,Average
24832,14,91.8,5.8,82.7,B,Good
27109,16.3,62.5,3.5,89.3,A,Good
7096,3,89.6,6.2,66.7,C,Average
13332,9.7,81.7,6.8,79.9,B,Good
38939,17.3,83.6,5.5,83.2,B,Good
31378,8.8,78.2,5.3,77.1,B,Good
15308,20.6,76.7,5.8,100,A,Excellent
9713,6,77.6,3,68.4,C,Average
35472,10.5,85.2,6.9,74.2,B,Average
23720,10.7,69.4,2.2,87,A,Good
28082,18,86.6,4.9,97.1,A,Excellent
23479,11.5,75.4,8.5,84.2,B,Good
16579,25.2,100,5.7,100,A,Excellent
25653,16.2,100,7.2,83.5,B,Good
33608,11.1,74.9,2.8,61.3,C,Average
16273,6.6,83.6,5.4,68.3,C,Average
21575,20.9,84,3.8,94.7,A,Excellent
14807,15.5,100,5.6,79.2,B,Good
26787,12.3,88.8,4.6,95.3,A,Excellent
38015,11.7,81.3,9,78,B,Good
32049,9,92.8,2.1,80.8,B,Good
16696,22.4,85.1,6.1,100,A,Excellent
15330,20.5,100,8.5,85.4,A,Good
19694,15.7,89,5.9,87,A,Good
18259,21.6,87.8,6,100,A,Excellent
2895,18.6,83.9,7.6,98.7,A,Excellent
12041,17.3,66,6.7,82.7,B,Good
11462,18.1,78.1,4.1,92.3,A,Excellent
24343,11.9,92.9,4.3,87.7,A,Good
10573,6.5,83.7,4.2,55.7,C,Poor
11256,19.3,90.7,5.7,100,A,Excellent
26375,9.5,91.5,8,72.2,B,Average
31186,20.6,93.2,6.2,89.7,A,Good
25779,32.2,84.9,8.6,100,A,Excellent
26058,12.8,80.6,4.5,90,A,Good
6748,18.6,85.6,6.7,100,A,Excellent
28397,13.6,92.5,3.7,73.4,B,Average
4446,9.7,93,3.9,74.6,B,Average
11930,9.2,88.9,7.2,67.2,C,Average
22600,8.6,84.5,4.7,75.7,B,Good
18035,21.7,72.3,9.1,100,A,Excellent
23408,15.2,85.7,6.7,84,B,Good
23619,5.7,100,4.7,56.9,C,Poor
22062,21,92,6.7,100,A,Excellent
24555,20.1,77.4,6.2,100,A,Excellent
39845,24.1,85,2.9,100,A,Excellent
15658,10.9,100,8.7,85.2,A,Good
27807,17.1,88.8,7.9,80.3,B,Good
11987,15.5,88.7,5.9,100,A,Excellent
28768,17.5,76.2,9.3,100,A,Excellent
31557,15.8,79.8,5.7,79.6,B,Good
26050,26.3,100,4.4,100,A,Excellent
29037,15.2,95.9,6.6,80.4,B,Good
29029,4.7,82.3,6.7,62.2,C,Average
36073,15.8,82,7.1,100,A,Excellent
9084,17.1,73.6,5.3,75.8,B,Good
21484,18.2,81,7.4,99.8,A,Excellent
8986,26.7,85.3,4.2,100,A,Excellent
31884,17.1,69.9,9.3,96.5,A,Excellent
21339,18.2,88.9,5.7,95.6,A,Excellent
34999,5.7,99.3,8.5,48,D,Poor
25926,4.4,98.8,1.2,52.1,D,Poor
18942,12,95.6,5,71.6,B,Average
31053,23.4,84.6,7.1,99.8,A,Excellent
34075,16.3,100,7.1,86,A,Good
21775,27.3,96,6.5,100,A,Excellent
23568,13.5,85,2.1,90.6,A,Excellent
28647,17.3,75.7,8.6,98,A,Excellent
35992,20.2,71.5,5.2,100,A,Excellent
10217,21.3,100,1.9,100,A,Excellent
32353,2,70.4,3,55.2,C,Poor
20989,11.7,88,4.9,86.5,A,Good
20614,11.6,100,6.5,78.2,B,Good
14099,14.5,77.8,8.4,83.2,B,Good
22771,25.6,82.6,6.5,100,A,Excellent
17604,14.7,90.6,6.9,81.5,B,Good
19872,15.5,91.9,7.8,86.1,A,Good
20444,5.4,80,8.2,65.1,C,Average
32692,17.1,64,8.3,98.8,A,Excellent
38628,3.4,84.5,4.4,46.8,D,Poor
32123,15.5,82.2,8.8,91.9,A,Excellent
12539,7.2,81.6,7.8,70.4,B,Average
23422,25.6,67.1,10,99.8,A,Excellent
5766,12.8,80.4,3.6,78.7,B,Good
14878,15.6,87.5,8.8,85.6,A,Good
38476,15.6,79.9,4.2,80.4,B,Good
298,17.2,77.6,6.7,92.6,A,Excellent
28775,6.3,100,5.8,51.9,D,Poor
8872,15.6,79.4,6.3,79.6,B,Good
9079,7.5,75.8,9,78.8,B,Good
19637,14.8,74.7,7.6,84.3,B,Good
13647,15.2,74.7,4.3,77.5,B,Good
11672,15.1,87.8,3.9,62.6,C,Average
19026,15.6,98.3,6,85.2,A,Good
34546,29.3,76.1,5.3,100,A,Excellent
30575,18,78.6,7.1,95.7,A,Excellent
26178,7.6,86.4,5.4,60.4,C,Average
3858,19.1,83.5,5.4,93.2,A,Excellent
18690,13.9,74.3,6.3,88.8,A,Good
12386,14.5,71.4,7.1,95.9,A,Excellent
10490,9.6,76.7,3.4,71.4,B,Average
3747,0,100,8.9,36.4,F,Poor
12941,15.7,79.4,5.5,82.4,B,Good
15113,12.8,82,7.5,67.4,C,Average
1343,18.1,89.6,3.9,100,A,Excellent
6151,28.2,86.5,3.1,100,A,Excellent
13899,15.1,77.3,5.8,82,B,Good
33500,16.9,67.1,6,85,A,Good
20959,10.1,96.2,5.6,62.5,C,Average
2780,18.4,96.3,4,99.2,A,Excellent
23143,3.6,79.6,4.1,60.7,C,Average
12367,13.2,68,6,82.8,B,Good
28207,13,96.2,5.5,65.6,C,Average
13259,18.4,97.1,7.5,97.9,A,Excellent
11624,8.2,91.4,6.4,84.8,B,Good
33779,8.7,69.5,6.5,71.5,B,Average
2101,17.6,98.9,6.2,100,A,Excellent
167,20.8,77.4,3.9,100,A,Excellent
26688,6.9,60.3,4.9,55.7,C,Poor
33282,22.5,86.4,8,100,A,Excellent
13811,28.6,83.4,3.9,100,A,Excellent
916,17,75.6,4.4,100,A,Excellent
27015,10.1,96,8.8,83.2,B,Good
2843,25.3,82.6,6.3,100,A,Excellent
12655,16.1,79.2,7.4,97.6,A,Excellent
7338,2.8,61.5,6.6,61.6,C,Average
4144,17.2,79,1.8,87.3,A,Good
21841,18.7,66.7,6.6,98.1,A,Excellent
15560,13.9,86.3,4.6,74.8,B,Average
147,6.3,89.3,5.6,58.9,C,Poor
2808,9.2,82.4,4.6,75.4,B,Good
17624,25.4,93,8.1,100,A,Excellent
31130,18.1,76.7,6.9,90.5,A,Excellent
22088,7,89.1,5.2,74,B,Average
32753,13.1,99.8,7,77.1,B,Good
33222,13.4,78,5.4,89.2,A,Good
30322,25.6,89.3,5.3,100,A,Excellent
11099,18.9,100,5.5,100,A,Excellent
33194,19.3,86.4,4.3,100,A,Excellent
20893,25.3,92.9,6,100,A,Excellent
23905,24.1,100,1.5,100,A,Excellent
13065,15.5,58.7,8,98.6,A,Excellent
17293,18.2,94.7,7,87.1,A,Good
28649,15.8,82.1,6.6,81.4,B,Good
35899,5.4,95.4,7.4,60.1,C,Average
17485,23.5,91.5,4.8,100,A,Excellent
1458,17.7,84.8,8.6,92.2,A,Excellent
36033,14.5,72.3,8.3,90.2,A,Excellent
30671,5,88,8,85.2,A,Good
19580,16.2,81.6,9.3,86,A,Good
39863,20,92.6,6.1,95.7,A,Excellent
36961,20.4,76.3,7.5,100,A,Excellent
34092,27.1,83.7,6.2,100,A,Excellent
9482,12,90.4,6.6,94.5,A,Excellent
29849,10.6,85.9,10,78.6,B,Good
19696,15,76.3,7.4,72.2,B,Average
38485,11,72.7,6.2,59.9,C,Poor
665,10,75.6,6.1,84.2,B,Good
14895,9.7,100,3.3,80.1,B,Good
9007,13.6,80.1,4.9,80.3,B,Good
27456,13,74.2,9.8,77.4,B,Good
14098,21.4,100,5.6,100,A,Excellent
6270,18.5,94.5,7.2,100,A,Excellent
9464,16.8,85.2,2.7,87.1,A,Good
4722,18.6,86.5,7.2,86.6,A,Good
10905,14.4,87.2,7.2,83,B,Good
11381,18.4,79.4,6.1,95.5,A,Excellent
29384,23.6,73.5,7.7,100,A,Excellent
33684,26.9,82.5,5.7,100,A,Excellent
31145,19.4,78.4,5.3,100,A,Excellent
19008,24.3,78,10,100,A,Excellent
37211,20.5,89.8,5,83.7,B,Good
38065,0.2,71.1,7.5,34.4,F,Poor
11473,6.9,72.3,6.8,78.4,B,Good
22936,14,100,5.6,100,A,Excellent
27376,12.7,70.4,9.9,70,B,Average
25715,14.8,87.6,3.8,94.2,A,Excellent
348,5.1,79.5,7.9,56.9,C,Poor
30574,6,76.4,5.4,47.9,D,Poor
35820,9.5,65,4.5,84,B,Good
39738,14.5,89.8,6.9,86.7,A,Good
34350,9.2,90.4,6.4,76,B,Good
28823,2.7,95.4,5.2,68.6,C,Average
9870,12.8,84.3,5.4,76.4,B,Good
1281,15.9,88.4,7.8,79,B,Good
849,10.5,77.8,4.3,80,B,Good
35467,0.6,100,8.1,39.5,F,Poor
16489,23.3,90.9,7.5,100,A,Excellent
15473,22.6,100,9.2,100,A,Excellent
39890,12.9,94.3,8.1,88.7,A,Good
33272,19.1,83.8,6.9,78.6,B,Good
16248,9.2,82.2,5.2,73,B,Average
28626,18.5,73.1,6.4,86.2,A,Good
33594,27.2,71.9,6.9,100,A,Excellent
18635,6.6,76.7,7.1,53.8,D,Poor
38614,16,81.7,10,82.6,B,Good
14500,19.7,71.7,8.4,100,A,Excellent
2559,17.3,89.7,7.1,95.4,A,Excellent
14470,13.7,73.1,5.8,96.4,A,Excellent
12504,8.1,100,2.8,74,B,Average
27527,24,100,3.6,100,A,Excellent
35745,20,96.8,2.9,83.9,B,Good
24426,15.1,91.9,10,95.8,A,Excellent
21998,6.2,82.4,8.4,64.3,C,Average
32226,14.8,84.9,5.2,85.8,A,Good
12379,18.2,86.4,4.5,74.8,B,Average
4896,14.9,71.8,7.7,79.9,B,Good
38387,15.3,90.5,3.4,81.4,B,Good
31861,19.2,86.3,6.1,85.4,A,Good
20059,23.7,84,9.6,100,A,Excellent
36891,11.4,74.6,4.1,69.9,C,Average
17868,13.6,76.4,4.8,91.8,A,Excellent
28359,20.3,77.5,4.9,99.1,A,Excellent
26083,12.4,76.8,2.7,82.8,B,Good
18220,17.9,81,8,100,A,Excellent
2347,11.6,80.9,8.5,65.9,C,Average
23979,27.6,83,9.9,100,A,Excellent
26162,8.6,96,7.1,75.1,B,Good
35412,10.9,89.9,5.6,67.8,C,Average
34926,0,76.9,6.3,52.9,D,Poor
25759,6.5,88,8.2,61.8,C,Average
13335,22,80.2,5.4,100,A,Excellent
38753,0.1,82.8,8,52.3,D,Poor
36177,19.1,89,3.1,80.7,B,Good
33,14.9,68.4,7.2,82.6,B,Good
6104,17.4,100,3.4,85.8,A,Good
10899,10.3,94.9,3.1,81.2,B,Good
38136,11.9,76.4,8.3,71.2,B,Average
3180,18.6,85.5,5.8,100,A,Excellent
20234,0,86.1,4.7,54.1,D,Poor
8938,30.7,73.9,5.2,100,A,Excellent
8915,13.9,82.9,5.8,90.7,A,Excellent
4138,17.4,98.7,6.3,92.1,A,Excellent
12064,16.5,78.9,3.7,67.2,C,Average
10687,3.5,91.2,7.3,64.2,C,Average
511,16.9,100,3,89.4,A,Good
13590,16.4,88.1,5,73.8,B,Average
28231,22.9,77.6,5.1,97.7,A,Excellent
2301,22.4,88.3,5.8,100,A,Excellent
19677,3.2,84.5,7.2,59.6,C,Poor
20499,16.2,69.1,5.7,87.4,A,Good
26080,19.8,78.8,2.9,100,A,Excellent
27998,19.5,86.5,9.6,96,A,Excellent
30165,22.8,92.9,3,100,A,Excellent
17106,6,75.3,6.8,56.1,C,Poor
35994,18.2,81.5,7.3,100,A,Excellent
11031,10.8,100,5.4,77.7,B,Good
29385,18.4,77.1,2.7,86.3,A,Good
18457,29.7,94.5,4.6,100,A,Excellent
8903,8.2,96.7,7.9,77,B,Good
8352,11.1,75.5,2.7,90.4,A,Excellent
36857,27.6,100,4.3,100,A,Excellent
26730,8,84.2,7,77.2,B,Good
21628,8.1,81.7,7.2,75,B,Good
13922,17.3,92.9,7.1,94.8,A,Excellent
32556,10,98.3,7.5,82.6,B,Good
11617,12.6,89.4,4.6,69.6,C,Average
32136,12.5,85.2,3,91.4,A,Excellent
31952,23.2,100,9.8,85.6,A,Good
9942,27.6,75.2,8.9,100,A,Excellent
30372,20.5,89.8,7.4,100,A,Excellent
10697,24.6,81.6,5.7,100,A,Excellent
28043,4.9,77.9,8,75.8,B,Good
29781,2.7,82.5,6.3,83.2,B,Good
28803,17.7,79.4,4.9,89.3,A,Good
17702,15.7,67.3,5.8,72.8,B,Average
33393,23.3,90,4.4,95.2,A,Excellent
9059,4.6,81.3,7.2,48.9,D,Poor
21446,19.3,76,5.2,100,A,Excellent
3460,6.8,94.8,5.7,72.5,B,Average
32850,5.2,88,8.3,63,C,Average
21456,4.5,81.8,5.6,66.5,C,Average
17407,14.1,74,3.8,75.2,B,Good
10758,14.1,88.8,5.9,89.6,A,Good
1043,22.6,83.5,7.7,100,A,Excellent
2204,5.9,87.8,7.1,71.9,B,Average
31775,19.3,100,4.7,89.4,A,Good
12848,6.8,88,5.8,83.8,B,Good
38867,9.7,98.3,7.1,67.6,C,Average
4842,15.5,66,7.9,75,B,Good
19302,22,71.5,7.4,77.1,B,Good
36210,11.8,74.2,5.8,88.7,A,Good
15274,21.4,100,8,96.8,A,Excellent
1142,24.6,72.8,4.9,100,A,Excellent
10920,13,92.5,6.7,100,A,Excellent
13394,7.9,74.7,4,70.9,B,Average
33279,21.5,93,3.8,90.7,A,Excellent
2983,20.1,77.1,4.7,100,A,Excellent
30830,15.7,61.9,6.1,93.9,A,Excellent
34268,19.1,84,5.9,100,A,Excellent
33683,9.4,85.1,4.7,68.7,C,Average
18242,10.1,86.2,6.7,73,B,Average
10283,22.3,94.9,10,100,A,Excellent
38478,18.1,94.8,7.1,100,A,Excellent
4520,8.7,78.1,10,77.5,B,Good
31158,12.7,98.6,5.2,86.4,A,Good
25949,14.4,75.1,3.8,100,A,Excellent
21325,10.1,86,5.9,87.8,A,Good
27934,14.5,69.8,7.7,94.9,A,Excellent
29134,15.6,91.3,10,83.6,B,Good
10481,22.7,98.4,7.2,100,A,Excellent
10616,17.1,100,3.6,92.1,A,Excellent
24870,13,91.2,5.1,79.6,B,Good
20016,14.5,91.9,2.6,77.7,B,Good
529,16.8,91,6.8,79.1,B,Good
10956,13.9,58,4,100,A,Excellent
33047,23.6,82.1,6.4,100,A,Excellent
38494,17.4,91.2,7.1,91.7,A,Excellent
27168,10.3,70.7,6.9,67.8,C,Average
33409,19.9,59.6,5.3,89,A,Good
9294,17.8,97.3,5.1,93.9,A,Excellent
15870,18.7,74.6,5.6,100,A,Excellent
15610,7.8,81,3.4,54.3,D,Poor
37477,16.8,68,4,100,A,Excellent
S080,19,57,1,69.5,C,Average
30391,11.5,100,4.4,85.2,A,Good
34215,20.7,66.9,6.8,80.4,B,Good
11328,19.7,85.8,6.8,100,A,Excellent
186,20,84.5,3.8,100,A,Excellent
20359,20,78.2,3.2,100,A,Excellent
35623,20.3,86.9,10,100,A,Excellent
27510,17.4,91.3,6.7,100,A,Excellent
7939,25.5,90.9,3.4,89,A,Good
34464,14.3,100,6.4,79,B,Good
31513,11.8,98.3,9.6,65.7,C,Average
9741,9.3,75,6.7,85.9,A,Good
23934,13.2,71.1,5.5,77.4,B,Good
37345,6.4,80.2,7.6,57.2,C,Poor
275,8.1,81.6,3.9,78.1,B,Good
17446,23.6,65.7,5.6,100,A,Excellent
37428,8,83.8,5.6,79.8,B,Good
39577,24.4,88,5.7,100,A,Excellent
29208,8.9,87.9,7.1,63.9,C,Average
26614,22.8,76.7,7.1,99.4,A,Excellent
29229,8.6,91,4.2,65.7,C,Average
5851,16.7,92.8,3.1,77.4,B,Good
32818,13.4,85.6,6.4,81,B,Good
1081,12.6,67.5,2.7,90.5,A,Excellent
34296,11.8,83.8,5.5,86.9,A,Good
1042,11.8,77.2,7.8,79.4,B,Good
34004,11.5,83.4,5.4,66.8,C,Average
2627,24.8,87,4.8,100,A,Excellent
29648,8.6,81.7,6.2,88.3,A,Good
14928,19.2,85.9,8.4,100,A,Excellent
21162,13.7,64.6,7.8,88.9,A,Good
14765,27.6,97.5,9.8,100,A,Excellent
27867,15.4,96.7,5.2,94.1,A,Excellent
13828,12.9,97.6,8.6,86.7,A,Good
18753,10.7,79.1,5.3,68.8,C,Average
22393,9.4,82.4,3.8,66.9,C,Average
16210,8.9,77.2,10,76,B,Good
25255,18.8,76,6.8,93,A,Excellent
14890,11.3,79.3,6.5,62.9,C,Average
6306,21.8,67.5,5.8,100,A,Excellent
20101,1.6,72.5,6.9,53.2,D,Poor
7637,7.3,83.5,8.7,64.2,C,Average
31114,15.1,89.5,7.3,70.8,B,Average
33464,15.4,76,4.1,100,A,Excellent
35085,4.4,93.8,6.8,60.8,C,Average
34539,18.5,95.9,7,100,A,Excellent
34030,6.6,96.6,7.7,74.8,B,Average
20766,14,94.5,8.5,65.9,C,Average
13164,19.4,96.9,10,74.8,B,Average
11676,9.4,77.3,5.2,60,C,Average
13744,6.3,83.2,6,70.6,B,Average
38860,8.7,76.8,2.4,70.2,B,Average
325,8,90.2,4.8,71.6,B,Average
37865,4.2,69.1,5.3,65.4,C,Average
25614,15.5,78,7.1,98.8,A,Excellent
23761,6,65.7,7,73.8,B,Average
23732,10.3,83.7,6.5,62.9,C,Average
17427,13.3,100,6.9,85,A,Good
30409,17.8,77.1,5.1,79.3,B,Good
5777,18.2,81.7,2,100,A,Excellent
27045,13.5,84.6,5.5,84,B,Good
17590,22.1,82.8,2.7,97.7,A,Excellent
4758,24,97.2,9.4,100,A,Excellent
13824,20.3,100,7.3,93.3,A,Excellent
25576,28.7,88.4,7.9,100,A,Excellent
37734,12.3,79.8,4.7,59.4,C,Poor
7574,25.4,72.1,2.8,100,A,Excellent
21129,11.9,85.2,4.2,96.9,A,Excellent
22118,16.8,88.8,7.4,90.5,A,Excellent
37088,19.3,70.2,8.1,100,A,Excellent
4929,6,69.1,6.2,77.8,B,Good
22550,17.8,91.8,7.8,100,A,Excellent
8435,13,80.4,6.8,84.4,B,Good
18064,20.9,77.8,5.6,85.4,A,Good
37548,15.3,80.2,4.9,74.5,B,Average
36504,23.4,73,5.3,100,A,Excellent
24712,7.1,81.4,10,59.8,C,Poor
10030,14.4,64.4,2.1,84.5,B,Good
14686,19.2,84.7,6.6,92.8,A,Excellent
17875,0,86.3,4.2,60,C,Average
23407,18.6,83.4,4.9,100,A,Excellent
22,13.4,93.5,9.4,79,B,Good
11835,4.9,79.6,4.9,69.4,C,Average
1403,23.3,84.2,7.8,100,A,Excellent
8389,10.9,82.4,8.8,77.2,B,Good
1591,7.5,86,6.3,80.2,B,Good
28472,24.6,83,0.8,92.2,A,Excellent
22337,28.6,68.4,7.5,100,A,Excellent
39740,3.9,70.2,3.9,55,D,Poor
2796,9.1,82.4,8.3,66.2,C,Average
25825,14.1,81.8,7.8,94.4,A,Excellent
3907,24.3,95.7,5.2,99,A,Excellent
16380,10.3,78.9,5.4,71.9,B,Average
17109,22.6,81.6,9.2,100,A,Excellent
9038,24.4,90.3,4.6,98.5,A,Excellent
17602,13.5,100,3.5,68,C,Average
31609,13.4,75,3.3,80.4,B,Good
16281,6.3,73.6,7.3,74.7,B,Average
172,9.3,88.5,8.7,66.2,C,Average
1157,10.2,99,2.5,82.1,B,Good
27941,8.1,83.5,8.4,54.7,D,Poor
35253,18.6,100,4.4,100,A,Excellent
23549,17.6,79,5,100,A,Excellent
139,20.7,100,6.1,100,A,Excellent
38582,15.6,91.2,1.8,89,A,Good
12254,21,83.7,5,97.5,A,Excellent
7812,13.8,82,4.3,91.2,A,Excellent
32017,2.5,81.3,3.8,63,C,Average
11844,11.3,81.4,4.3,89,A,Good
30119,3.1,76.3,7.3,78.6,B,Good
13889,10.9,66.7,7.2,69.4,C,Average
20488,10.1,73.6,6.5,77.2,B,Good
16176,7.7,82.9,6.5,64.6,C,Average
11605,11.2,76.5,7,82,B,Good
35795,10.3,99.9,6.8,79.9,B,Good
22949,4,91.3,2.9,60,C,Average
37911,20,66.8,1.4,95.9,A,Excellent
27543,5.4,87.6,6.8,68.1,C,Average
25344,14.6,96.2,9.6,81.4,B,Good
33064,29,77.6,6.2,100,A,Excellent
26349,16.4,85.1,6.2,83.2,B,Good
908,20.2,100,7.2,100,A,Excellent
16099,6.3,80.9,5.7,72.5,B,Average
33147,10.3,81.9,1,65.7,C,Average
35536,13.5,98.6,2.4,95.3,A,Excellent
7409,1.9,93,4.9,53.2,D,Poor
23079,6.6,87.2,9.7,62.7,C,Average
33319,11.3,85.6,8.2,71.8,B,Average
36134,11.3,75.9,3.8,59.4,C,Poor
23943,16.6,90.5,3.7,88.2,A,Good
26115,11.8,83.4,5.9,83.1,B,Good
26560,13.4,69.5,5.7,81.3,B,Good
11893,8.6,79.6,4.9,53.2,D,Poor
10752,22.7,81.2,5.9,100,A,Excellent
18387,15.6,96.7,4.9,91.1,A,Excellent
19770,16.1,78.4,6.2,70.8,B,Average
13082,12.4,86.8,4.7,86.2,A,Good
26963,4.8,84.8,5.2,63,C,Average
6009,23,95.3,4.5,100,A,Excellent
5640,16.6,84.6,6.7,87.7,A,Good
19177,19.5,96.1,4.4,100,A,Excellent
4517,12.1,72.1,6,97.5,A,Excellent
23167,18.6,88.3,5.1,98.8,A,Excellent
6227,5,67.2,9,56.1,C,Poor
3994,20.3,83.5,9.7,96.7,A,Excellent
9806,5.8,75.9,6,71.9,B,Average
39339,23.2,91.4,7.3,100,A,Excellent
34132,8.6,79.5,6.2,67.5,C,Average
32701,8.3,82.3,6.6,89,A,Good
26037,6.8,90.8,1.5,90,A,Good
23196,7.5,87.7,6.8,49.2,D,Poor
9496,6.5,92.9,4.6,66.5,C,Average
25793,15.8,79.2,2.3,61.5,C,Average
29802,7.5,90.2,8.8,81.1,B,Good
38351,13.6,82.8,6.2,73.9,B,Average
25176,0,77.5,3.9,34.8,F,Poor
13330,18,93.9,2.8,100,A,Excellent
3675,14.5,74.2,4.3,91.5,A,Excellent
29837,19.7,79.6,5.1,93.6,A,Excellent
1735,20.6,70.8,4.9,96.1,A,Excellent
22594,30.4,84.7,4.7,100,A,Excellent
7303,11.8,92.4,10,69.4,C,Average
3457,22.6,96.4,3.4,97.3,A,Excellent
10156,22.4,86.9,5.9,98.3,A,Excellent
14670,8.7,100,5.4,66.3,C,Average
1767,30.2,82.7,8.6,100,A,Excellent
28762,6.1,92.5,3.6,64.1,C,Average
18924,4.2,92.1,7,54.1,D,Poor
11116,18.4,97.3,6.5,100,A,Excellent
38439,26.3,73.9,9.7,100,A,Excellent
23529,11.9,82.6,4.1,85,B,Good
36507,17.4,85.7,3.7,95.2,A,Excellent
38969,7.6,80.5,8.5,72.7,B,Average
30259,0,80.7,3.1,60.2,C,Average
39398,2.9,89.8,5.8,65.5,C,Average
25424,7.5,81.4,5.6,69.1,C,Average
2936,25.3,94.3,7.4,100,A,Excellent
25594,13.3,92.6,5.7,66.3,C,Average
3891,19.9,86.6,5.4,100,A,Excellent
19071,7,95.8,3.3,80.8,B,Good
37466,21.7,79.4,3.2,100,A,Excellent
13945,8.9,100,7.5,79.6,B,Good
843,7.1,75,4.8,64.4,C,Average
1075,22,94.7,6.8,91.5,A,Excellent
2102,8.7,85.8,10,64.3,C,Average
451,14.6,92.6,2.8,67.3,C,Average
32764,29.8,90.9,8.7,100,A,Excellent
14521,18.5,81.2,4.2,100,A,Excellent
23368,9.8,92.3,6.2,73.4,B,Average
21385,16.3,89.8,8.5,96.8,A,Excellent
35708,10.1,65.5,4.2,72.4,B,Average
5650,21.6,79.8,9.7,100,A,Excellent
16256,13.2,81.9,4.8,94.9,A,Excellent
21991,10.9,91.3,8.8,82.9,B,Good
18073,17.6,92.7,5,97.5,A,Excellent
27148,9.8,100,6.5,80.8,B,Good
12699,5.3,75.1,4.8,69,C,Average
10057,13.4,83.6,9,91.7,A,Excellent
19062,8.4,93,3.8,55,C,Poor
19864,5.7,82.9,4.5,59.2,C,Poor
4156,13.5,83.4,4.1,90.8,A,Excellent
28102,15.6,85.7,5.4,99.2,A,Excellent
33801,5.9,96.7,10,66.2,C,Average
17803,12.6,83,6.7,80.5,B,Good
12723,8.3,86.8,7.8,75.1,B,Good
1626,22.6,86.2,6.7,87.9,A,Good
12232,18.8,100,4.5,100,A,Excellent
5165,20.6,87.6,5.2,100,A,Excellent
1365,23.4,100,7.6,100,A,Excellent
29761,15.1,81.6,7.5,82.5,B,Good
30968,14.5,84.3,7.2,90.1,A,Excellent
14817,2,93.8,3.5,59.2,C,Poor
37290,16.9,75.8,1.1,76.7,B,Good
38239,10.5,85.9,4.5,70.2,B,Average
30211,15.5,100,3.6,74.6,B,Average
3976,16.3,82.5,3.3,100,A,Excellent
4580,20.8,77.4,5.2,85.8,A,Good
7494,15,78.7,6.8,94.1,A,Excellent
17465,19.9,99.5,6.8,100,A,Excellent
1319,10.7,96.3,6.7,69.5,C,Average
6793,21.2,84.8,4.3,100,A,Excellent
469,11.3,97.7,5,72.3,B,Average
8334,20,70,8.6,100,A,Excellent
35481,15.6,88.8,3.9,99.4,A,Excellent
5202,11.4,95.3,5.5,88,A,Good
462,15.2,100,3.5,94,A,Excellent
18,17.2,74,8.1,100,A,Excellent
6918,32.9,81.1,4.6,100,A,Excellent
8822,24.4,78.5,2.7,96.2,A,Excellent
16587,9.5,100,4,69,C,Average
29027,13.3,91.7,4.9,90.6,A,Excellent
35842,7.4,80.7,5.5,62.7,C,Average
28451,15.1,86.1,7.6,86.6,A,Good
13676,21.1,74.9,5.3,100,A,Excellent
22251,16.4,83.8,6.4,75.1,B,Good
15236,16.4,94,7.8,100,A,Excellent
27335,17.2,82.2,7.3,91.8,A,Excellent
37259,13,85.9,5.8,86.9,A,Good
27976,7.6,69.9,6.1,63.6,C,Average
39725,19,76.8,7.6,100,A,Excellent
25451,6.8,76.4,9.6,67.3,C,Average
27768,16.7,76.4,6.1,97,A,Excellent
10492,15.6,77,4.5,70.6,B,Average
17592,14.8,71.4,6.7,95.5,A,Excellent
17087,14.6,79.7,4.9,86.3,A,Good
27706,7,79.1,4.2,71,B,Average
36409,32.3,67.8,4.7,100,A,Excellent
32610,9.6,89.3,10,88.3,A,Good
27266,27.7,73.8,6.2,100,A,Excellent
5947,10.8,97.3,7.5,76.3,B,Good
883,11.6,96.5,5.4,65.5,C,Average
11743,14.2,77,5.5,83.3,B,Good
33625,7,83.1,7.3,65.8,C,Average
24068,0,76.5,1.5,56.9,C,Poor
11136,5.6,100,4.7,59.9,C,Poor
19275,17.7,78.7,5.7,73.5,B,Average
2351,22.4,94,6.7,100,A,Excellent
1969,13.6,90.2,3.4,93.3,A,Excellent
24470,15.1,93,8.4,99.1,A,Excellent
38082,28.8,81,7.8,100,A,Excellent
23851,0.8,73.6,2.8,48.4,D,Poor
25502,27.2,86.7,7.7,100,A,Excellent
15365,4.9,86.5,2.6,44.9,D,Poor
31409,16.7,92.1,6.4,92.5,A,Excellent
3370,15.9,90.4,6.4,98.1,A,Excellent
39479,18.5,94.6,5.2,96.7,A,Excellent
38417,8.6,91.6,7.6,84.3,B,Good
25240,26.3,89.2,5.6,99,A,Excellent
13890,11.8,76.6,3.7,79.4,B,Good
18915,16,79,6,84.3,B,Good
1937,16.8,79.4,5.9,100,A,Excellent
17787,17,87.8,6.6,94.6,A,Excellent
5179,14.1,82.5,7,88.1,A,Good
21292,15.2,92.1,4.7,85.5,A,Good
6514,12.9,77.4,4.8,74.7,B,Average
16871,8.2,84.6,6.1,71.6,B,Average
26190,13.1,85.3,5.7,80.4,B,Good
20969,21.3,75,4.7,100,A,Excellent
17212,14.6,61.7,5,100,A,Excellent
S167,20,85,1,85.5,A,Good
10426,18.5,80.3,5.8,83.4,B,Good
9068,19,90.6,5.6,93.6,A,Excellent
3420,11.3,94,4.4,74.9,B,Average
8404,13.8,70.9,7.4,100,A,Excellent
35864,14.4,100,5.5,76.9,B,Good
16926,13.9,74.6,5.1,84.7,B,Good
25565,24.6,83.8,7,100,A,Excellent
5349,1,75.7,5.6,54.9,D,Poor
14156,12.6,100,6.1,81.4,B,Good
24878,4.4,92.7,6.9,58.2,C,Poor
1316,5.8,84.1,6.7,59.8,C,Poor
8925,7.2,79.1,2.9,47.6,D,Poor
5159,13.7,87.2,3.3,75.3,B,Good
34376,9.5,97.6,5.5,84.4,B,Good
25455,10.6,68.9,4.8,63.2,C,Average
33643,8.2,75.9,6.3,55.4,C,Poor
27100,13,79.6,5,95.6,A,Excellent
33388,21.2,100,5.2,100,A,Excellent
3653,18.1,62.8,6.5,91.1,A,Excellent
22217,33,99.9,6,100,A,Excellent
34067,17.2,92.6,4.8,91.1,A,Excellent
5014,13.3,80.1,4.9,91.1,A,Excellent
33805,7.1,91.2,7.7,57.8,C,Poor
6585,26.2,88.4,6.6,100,A,Excellent
5976,10.5,79.4,4.1,92.3,A,Excellent
18331,14.8,75.7,7.5,70.4,B,Average
17735,17.4,83.8,5.7,73.3,B,Average
25267,12.7,93.9,6.2,79.3,B,Good
33733,14.9,100,6.7,79.3,B,Good
13900,7.5,74.5,3.8,78,B,Good
14183,13.7,86.9,7.4,78.2,B,Good
21606,18.9,81.5,5.2,100,A,Excellent
15214,21.6,76.6,4.8,94.1,A,Excellent
13441,23.9,81.4,7.2,100,A,Excellent
36871,8.3,76.8,3.6,83.8,B,Good
3403,16.4,80.2,9.6,91.8,A,Excellent
3320,31.2,97.4,9.3,100,A,Excellent
11454,7.8,88.2,6.8,84.2,B,Good
11187,22,92.4,8.6,96.3,A,Excellent
24645,3.1,87.3,9.1,58.5,C,Poor
24722,13.7,100,7.4,100,A,Excellent
518,8.2,85.4,3.9,65.8,C,Average
22877,20.2,71.9,6.6,98.8,A,Excellent
36446,1,94.5,8.8,38,F,Poor
6531,19.1,96,6.2,100,A,Excellent
11867,14.5,84.7,6.3,90.8,A,Excellent
11329,9.4,78.2,3.2,80.9,B,Good
30833,19.3,79.5,10,96.2,A,Excellent
18144,15,98.4,9,92.8,A,Excellent
12984,20.5,81.5,4.4,93.1,A,Excellent
29319,6.1,93.2,6.2,70.7,B,Average
26374,21.9,69.1,5.9,100,A,Excellent
28247,15.1,86.6,6.4,89.2,A,Good
S158,20,56,8,92,A+,Excellent
8009,12.8,82.5,5.5,60.5,C,Average
37751,9.7,76.6,6.3,73.5,B,Average
13111,23.9,64.1,6.8,100,A,Excellent
29018,12.5,81.9,5.7,74.1,B,Average
17520,16.2,82.5,6.3,86.9,A,Good
2088,14,60.5,5,71.5,B,Average
14296,18,80.5,7.3,100,A,Excellent
28453,20.3,76.2,4.5,100,A,Excellent
27296,11.9,90.3,7.2,84.4,B,Good
19223,18.9,92.2,6.8,85.5,A,Good
22511,14.5,88.6,2.7,71.3,B,Average
38696,18.6,69.8,4.9,88.9,A,Good
38901,17.3,82.1,1.6,92.8,A,Excellent
36885,12.5,91.3,6.9,74.4,B,Average
17409,0,70.1,9.2,58.3,C,Poor
24240,28.2,80.4,5.9,100,A,Excellent
34814,24.8,81.6,6.7,100,A,Excellent
15019,8.1,90.9,5.2,78.8,B,Good
17632,30.5,89.8,4.8,100,A,Excellent
27351,12.9,76.5,9.4,80.8,B,Good
22483,8.5,86.1,7.2,73.5,B,Average
30989,8.7,86.5,7.5,71.2,B,Average
27727,7.2,89.1,7,59.4,C,Poor
37228,20.2,71.6,5.7,100,A,Excellent
21117,19.2,71.4,6.5,100,A,Excellent
35378,0.1,100,7.4,48.1,D,Poor
12600,18.1,92,5.1,74.4,B,Average
17186,9,78.8,0,77.6,B,Good
12625,0,82,6,44.6,D,Poor
21374,26.1,74.7,3.2,100,A,Excellent
36791,17.2,90.9,1.7,100,A,Excellent
3453,14.1,85.7,7.5,77,B,Good
21233,11.5,73.7,7.6,95.7,A,Excellent
4778,23.4,74.6,0.3,100,A,Excellent
29185,17.8,88,6.9,94.2,A,Excellent
39111,26.9,94.1,7.2,100,A,Excellent
37158,13,75,6.4,94.6,A,Excellent
29058,10,82.2,4.6,80.5,B,Good
1448,19.1,81.6,6.7,100,A,Excellent
10962,6.1,75.5,7.4,72.1,B,Average
25676,27.9,75.6,4.2,100,A,Excellent
28583,5.3,95,3.6,50.3,D,Poor
18145,33.1,83.9,6.7,100,A,Excellent
24057,14.6,79.7,7.2,86.8,A,Good
10478,23.1,67.2,3,95.1,A,Excellent
22933,21.8,83.3,6.9,100,A,Excellent
3474,7.6,91.5,6,70.7,B,Average
435,25.5,95.1,6.7,100,A,Excellent
30447,10.8,86.3,7.2,72.9,B,Average
26581,22.8,80.6,4.3,100,A,Excellent
20623,6.7,74.4,9,77.9,B,Good
2522,35.9,98.7,6.1,100,A,Excellent
9573,11.6,88.8,7.1,94,A,Excellent
7476,27.1,74.1,3.9,100,A,Excellent
10361,15.6,88.6,8.2,80.2,B,Good
17172,20.7,73.7,6.5,95.6,A,Excellent
19640,12.2,85.3,7.4,95.7,A,Excellent
21295,16.6,68.3,7.3,100,A,Excellent
5391,10.1,91.3,3.9,79.9,B,Good
34494,8.3,87.1,7.8,84.3,B,Good
2685,17.3,81.7,6.7,89.9,A,Good
37177,14.3,100,6.3,94.3,A,Excellent
16840,9.3,95.1,9.1,64.6,C,Average
35933,17.7,63.7,7.1,100,A,Excellent
32371,33.5,85.8,8.6,100,A,Excellent
30086,2.4,81.1,7.5,66.4,C,Average
23862,21.3,77.4,6.9,100,A,Excellent
17027,13.2,84.5,3.5,77.6,B,Good
6190,24,77.9,5.7,100,A,Excellent
13771,17.1,86.3,9.2,100,A,Excellent
7138,10.7,86.5,3.5,87.1,A,Good
24582,13.6,78.2,5.4,81.7,B,Good
6802,8.7,85.4,10,65.1,C,Average
37485,19.7,61.4,6.6,100,A,Excellent
20409,26.7,82.3,5.8,100,A,Excellent
24158,14.7,71.9,5,84.8,B,Good
4671,19.6,77.8,8.6,100,A,Excellent
625,26.2,77.9,4.6,100,A,Excellent
35196,2,85.7,2.7,55.7,C,Poor
6170,18.1,69.5,6.3,100,A,Excellent
18315,19.2,95.4,4.4,99.4,A,Excellent
15199,26.8,85.6,5.1,100,A,Excellent
30308,14.5,69.8,4.4,100,A,Excellent
25548,15.3,75.1,3.4,71.3,B,Average
866,12.3,100,8.2,86.3,A,Good
23796,18.1,80.5,5.7,91.1,A,Excellent
32046,15.1,96.1,6.5,84.6,B,Good
36830,17.1,100,6.9,76.2,B,Good
18841,12.7,76.8,6.4,87.9,A,Good
26108,22.5,76.1,7.2,100,A,Excellent
1821,14.1,86.8,8.2,88.1,A,Good
37671,11.1,97.2,2.7,92.1,A,Excellent
38957,32,70.9,6.2,100,A,Excellent
1874,20.5,89,8.2,100,A,Excellent
35709,22.6,82.8,4.6,100,A,Excellent
9340,15.1,72.2,6.1,100,A,Excellent
12061,11,78.7,8.1,95.7,A,Excellent
1231,11.1,93.1,8.4,76.7,B,Good
25860,7.9,100,8.4,75.7,B,Good
38800,24.7,80.9,4.4,100,A,Excellent
33673,6.6,80.4,3.9,66.1,C,Average
2869,18.7,79.5,5.2,91.3,A,Excellent
9171,7.3,78.9,3.6,67.2,C,Average
19033,10.5,77.4,5.4,67.5,C,Average
36777,19.9,94.8,5.4,100,A,Excellent
10444,10.9,83.5,8.2,66.5,C,Average
20123,27.2,88.5,6.8,100,A,Excellent
20680,19.9,100,7.8,100,A,Excellent
28615,8.1,68.8,8.7,58.8,C,Poor
6975,24.4,77.5,7.1,95.7,A,Excellent
18109,13.1,75,9,86.2,A,Good
2236,20.1,79.7,9.3,100,A,Excellent
29355,26.8,69.7,6.9,100,A,Excellent
31095,25.2,91.7,4.2,100,A,Excellent
6587,25,89.1,8.8,100,A,Excellent
17011,12,100,6.1,66.3,C,Average
6779,20.8,82.7,3.5,100,A,Excellent
5696,18.7,64.4,4.9,88.3,A,Good
5352,17.6,95.1,2.9,90.6,A,Excellent
23213,28.8,79.7,8,100,A,Excellent
28627,4.5,87,5.6,62.5,C,Average
37565,16.6,89.1,4.6,90.8,A,Excellent
26263,10.3,79.5,5.4,84.1,B,Good
29505,26.2,79.9,7.8,100,A,Excellent
6636,12.2,99.8,6.6,77.4,B,Good
14380,21,78.8,4.6,100,A,Excellent
12436,13.3,90.7,6.5,66,C,Average
13678,15.6,80.1,3.7,76.4,B,Good
37268,3.7,69.9,1.5,56.4,C,Poor
8062,16.1,88.1,7.3,85.3,A,Good
28798,10.3,83.3,7,74,B,Average
756,33.4,78.4,6.7,100,A,Excellent
34923,5.7,87.6,5.3,55.1,C,Poor
6614,30.4,81.2,5.9,100,A,Excellent
37121,14.2,79.8,8.2,70,C,Average
12256,10,68.7,4.7,94.4,A,Excellent
8096,33.5,81.3,5.6,100,A,Excellent
19952,17.2,89.3,9.7,100,A,Excellent
17178,0,86.9,6.4,41.6,D,Poor
26310,23.8,89.3,5.5,100,A,Excellent
26102,14.4,84.5,3.9,85.9,A,Good
35392,7,84.2,8.7,65.1,C,Average
24120,20,78.7,6.1,100,A,Excellent
11567,16.3,95.4,7.7,89.5,A,Good
22549,8.6,74.3,7.1,75,B,Good
18123,9.1,70.8,10,75.8,B,Good
37880,17.1,89.9,4.5,100,A,Excellent
9562,9.4,97.1,6.3,80.7,B,Good
7421,12,78.9,3.2,68.3,C,Average
24292,19.2,83.5,7.9,100,A,Excellent
39833,14.5,93.4,10,92.9,A,Excellent
33278,23.4,84.8,4.6,100,A,Excellent
12431,24.4,92.1,6.4,92.9,A,Excellent
7835,16.5,76.2,4.9,100,A,Excellent
24391,15.2,95.2,4,100,A,Excellent
1028,15.8,77.8,8.9,100,A,Excellent
13006,8.8,83.8,7.4,71.4,B,Average
16141,7.1,88,7.2,85,B,Good
31292,18.3,80.6,4.6,100,A,Excellent
33318,7.9,81.1,5.5,42.9,D,Poor
23184,9.2,81.9,5.7,76.9,B,Good
3812,17.9,83.3,2.2,86.4,A,Good
22025,5.4,61,9.1,70.1,B,Average
3230,14.7,98.1,3.3,94.2,A,Excellent
30348,33.3,84.8,2.6,100,A,Excellent
S020,15,72,4,78,B,Good
27331,21.6,96.3,8.2,100,A,Excellent
16102,19.9,73,4.8,100,A,Excellent
21392,23.5,85.9,6.6,99.2,A,Excellent
37724,7.3,94.2,8.3,55.4,C,Poor
32333,13.2,77.1,5.4,68.7,C,Average
24473,17.9,75.3,9,83.1,B,Good
34344,32.7,100,5.4,100,A,Excellent
37032,7.4,96.8,2.2,52.5,D,Poor
10731,4,92.3,7.2,59.5,C,Poor
15714,10.4,90.3,7.9,65.8,C,Average
32459,11.1,88.3,4.1,99,A,Excellent
2125,15.2,87.5,6.7,88.3,A,Good
34688,21.6,92,6.5,99.3,A,Excellent
22279,2.1,83.2,8,63,C,Average
34592,13.3,92.8,10,82.7,B,Good
9048,14.6,100,4.7,76.4,B,Good
718,16.1,100,5.9,97.3,A,Excellent
23505,22.5,81.7,5.1,100,A,Excellent
2687,18.3,98.4,4.9,88.1,A,Good
23982,10.5,81.2,8.6,85.4,A,Good
19659,0,84.2,5.9,54.6,D,Poor
39370,21,86.7,7.1,100,A,Excellent
32853,15.4,75.7,6.9,100,A,Excellent
31321,14.7,99.9,2.9,79.2,B,Good
314,20.7,88.8,3.8,100,A,Excellent
29851,20.1,80.5,6,99.2,A,Excellent
6091,20.2,82.2,8.5,100,A,Excellent
27798,17.5,84.4,6.3,87.5,A,Good
21430,13.4,72,7.6,84.5,B,Good
22699,21.8,92.2,6,100,A,Excellent
39509,21,73.8,1.1,100,A,Excellent
14334,7.5,75.4,2.1,61.1,C,Average
19355,20.7,66.4,5.5,90.2,A,Excellent
27920,6.7,71.4,5.1,74.6,B,Average
13427,8,93.6,4.8,68,C,Average
27143,27.3,100,3.7,100,A,Excellent
26751,24.8,82.6,7.5,100,A,Excellent
32546,16.3,76.5,3.6,100,A,Excellent
18297,13.1,89.6,6,72.2,B,Average
33991,2.6,78.6,9.3,44.4,D,Poor
5644,24.5,91.4,7.1,100,A,Excellent
29778,14.3,100,5.4,90.6,A,Excellent
30930,16,68.9,4.5,89.9,A,Good
37896,5.6,87.8,7.1,63.5,C,Average
14523,17.2,80.1,7.3,90.1,A,Excellent
8953,8.4,61.7,9.6,84.6,B,Good
25789,21.4,77.8,5.7,100,A,Excellent
13454,15.6,92,6,92.3,A,Excellent
25911,15.7,83.3,8.1,84.6,B,Good
13481,29.8,81.7,5.3,100,A,Excellent
2393,4.5,80.6,2.3,54.9,D,Poor
9755,11.8,74.4,4.5,72.7,B,Average
1561,14.9,90.7,2.2,72.3,B,Average
31836,15.3,81.7,7.4,99.9,A,Excellent
2140,4.7,90.7,8.8,68.1,C,Average
33307,15.3,78.7,4.7,78.9,B,Good
28959,9.8,81.5,9,73.5,B,Average
33675,16.4,80.9,4,92.1,A,Excellent
6264,17.2,63.8,5.3,85.8,A,Good
4656,30.1,86.5,5.7,100,A,Excellent
19363,20.6,100,5.2,98.4,A,Excellent
29804,14.4,86.2,8.2,75.7,B,Good
18650,14.9,74.1,5.7,100,A,Excellent
14597,16.1,95.5,5.5,78.7,B,Good
14566,13.3,92.7,5.2,70,B,Average
10363,16.7,83.9,4.8,92.1,A,Excellent
8058,13,92.9,4.3,96.5,A,Excellent
11192,13,80,3.7,92.9,A,Excellent
10474,8.3,63.2,5.1,76.3,B,Good
12551,18.6,77.6,7.4,100,A,Excellent
8894,7.5,66,4,64.6,C,Average
15675,9.8,82.1,6.8,88,A,Good
24075,11.3,83.1,2.1,81.5,B,Good
6903,18,92.8,7.6,88.8,A,Good
1524,8.3,100,5.7,75.4,B,Good
19318,22.9,77.2,5.8,100,A,Excellent
12750,12,79.4,1.2,88.8,A,Good
38486,10.8,69.3,5.1,85.6,A,Good
32034,7,94.2,5.5,59.2,C,Poor
28170,14.2,93.1,6.3,79.8,B,Good
505,10.4,73.6,3.6,56.8,C,Poor
29710,17.3,85.7,8.6,87.7,A,Good
31802,21.8,79.2,6.6,96.9,A,Excellent
11920,11.5,79.5,2,84.1,B,Good
23369,1.7,82.9,4.9,33.9,F,Poor
17503,25.8,80.9,5.2,100,A,Excellent
6079,5.6,84.2,2.5,65.4,C,Average
22684,15.5,78.5,7,67.6,C,Average
4339,0.6,69.7,9.6,62.7,C,Average
30200,16.8,77.7,5.6,68.7,C,Average
34842,17.7,81.2,7.1,100,A,Excellent
9497,23.7,81.6,7.8,100,A,Excellent
33324,19.7,68.7,8.3,100,A,Excellent
25047,27.8,87.6,4.1,100,A,Excellent
21008,8.5,88.9,4.5,61.3,C,Average
24485,20,86.5,2.8,100,A,Excellent
35330,7.1,92.8,8.4,76.7,B,Good
11732,32.1,65.3,4,100,A,Excellent
34143,25.6,97.6,10,100,A,Excellent
25427,21.3,70.6,7.7,100,A,Excellent
24730,22.7,88.1,5.2,100,A,Excellent
3447,14.2,88.8,7.1,96.7,A,Excellent
20176,13.3,99.2,5.8,76.1,B,Good
20770,11,98.2,7.8,71.6,B,Average
20581,14,74.2,5.9,71.5,B,Average
38220,18.4,84.4,1.8,98,A,Excellent
20683,16.9,81.2,6.2,100,A,Excellent
1437,13.3,83.3,7.7,100,A,Excellent
39704,11,81.1,6,64.6,C,Average
33998,10.3,97.3,3.5,59.4,C,Poor
18353,18.7,83.8,5.8,100,A,Excellent
30545,13.8,84.7,4,100,A,Excellent
1173,15.7,84.6,6.2,83.8,B,Good
10952,22.2,90.2,4.1,100,A,Excellent
23799,3.9,83.3,6.3,65.5,C,Average
2957,21.5,87.1,3.4,100,A,Excellent
18208,17.2,90.8,7.3,85.4,A,Good
251,6.2,83.9,3.5,74.7,B,Average
11204,14.2,71.7,7.1,87.8,A,Good
22766,6.2,88.4,8.2,58.8,C,Poor
19053,14.5,75,6.5,84,B,Good
535,10.4,83.7,6.1,89,A,Good
36201,8.9,85.2,2.1,71.2,B,Average
50,2.7,77.5,6.4,51.1,D,Poor
32491,13.1,83.2,4.1,82.3,B,Good
14665,20.8,87.1,9.4,78.6,B,Good
18526,7.1,82,8.4,63.3,C,Average
29976,0,89.3,6.6,55.3,C,Poor
22168,28.6,79.6,3.1,100,A,Excellent
6153,9.6,77.5,5.7,72,B,Average
39481,21,80.8,9.1,100,A,Excellent
5382,10.7,91.1,3.3,71,B,Average
21334,0.1,78.2,5.8,51.4,D,Poor
19294,16.2,72.7,4.9,93.8,A,Excellent
7555,21,69.9,3.5,100,A,Excellent
5134,18.2,90.2,5,89.8,A,Good
28868,17,87.2,1,90.1,A,Excellent
4644,24.7,90.2,5.9,100,A,Excellent
13969,8.1,79.3,8.6,77.4,B,Good
888,12.5,73.1,6.4,100,A,Excellent
25351,16,73.5,4.3,88.5,A,Good
37364,22.7,66.8,5.9,100,A,Excellent
32607,4,85.1,2.2,58.1,C,Poor
5671,32.5,79.6,6.3,100,A,Excellent
4928,16.7,91.8,9.2,88.7,A,Good
29961,22.2,84,3.4,100,A,Excellent
22779,19.9,92.7,3.7,87,A,Good
27419,12.2,74,8.5,74.8,B,Average
11417,14.8,87.9,3.1,82.8,B,Good
30590,17.5,71.2,1.5,77.2,B,Good
10756,15,81.2,8.6,74.2,B,Average
19458,18,77.7,4.6,90,A,Good
14482,7.4,88,5.3,63,C,Average
23738,12.5,81.4,8.4,100,A,Excellent
12284,20.4,68.2,3.6,100,A,Excellent
19400,14.5,73.7,1.9,100,A,Excellent
7012,15.2,74.4,7.1,90.1,A,Excellent
2824,5.2,83.7,8.6,65.1,C,Average
36722,17.7,84.7,8.2,93.9,A,Excellent
28969,11.3,82.7,4.7,67.9,C,Average
24533,16,100,8.4,90.9,A,Excellent
19686,16.3,84.4,7.7,83.9,B,Good
28841,12.9,92.9,3,87.3,A,Good
11724,5.9,75,3.7,69.6,C,Average
4647,5.3,74.7,5.8,39.9,F,Poor
15027,15.7,75.2,3.5,84.4,B,Good
30961,5.2,77.5,2.1,45.2,D,Poor
37629,11.1,76.6,9,80.5,B,Good
37189,18.4,85.6,7.7,93.9,A,Excellent
11234,14,78.5,2,64.8,C,Average
34097,10.4,76.2,9.6,72.8,B,Average
25440,19.8,57.8,8.1,100,A,Excellent
20946,17.2,79,8.3,91.1,A,Excellent
29546,9.4,77.8,10,58.6,C,Poor
27864,13,84,7.7,90.4,A,Excellent
31995,5.5,67.3,4.8,75.7,B,Good
26543,22.3,79.1,4.2,85.5,A,Good
1320,13.7,83.4,3.4,98.7,A,Excellent
4889,16.6,77.2,2,100,A,Excellent
12538,17.3,100,1.4,94.9,A,Excellent
11432,17.4,73.5,5.3,95.7,A,Excellent
33101,9.7,69.4,6.1,61.6,C,Average
2470,13.5,91.2,2.4,64,C,Average
34580,5.9,75.8,5.9,59.2,C,Poor
25291,8,58.4,4.1,63.4,C,Average
8816,15.5,64.2,6.2,87.9,A,Good
1812,16,86.7,3.3,100,A,Excellent
39489,15.6,86.6,4.4,81.8,B,Good
34073,27.1,85.2,7.1,100,A,Excellent
22399,11.9,69.7,4.4,75.4,B,Good
8785,6.6,81.3,4.8,66.9,C,Average
22310,8.7,77.9,8.3,83.1,B,Good
22227,17.5,80.4,7.7,95.4,A,Excellent
34003,4.9,97.6,1.5,73.6,B,Average
28963,11.3,87.5,8.6,64.8,C,Average
32095,15.5,93.3,8.4,70.2,B,Average
13765,15.3,82.4,5.2,89.1,A,Good
6393,3.9,69.8,4.3,41.9,D,Poor
35471,19.2,93.9,4.3,97.1,A,Excellent
875,14.8,88.1,6.2,65,C,Average
8202,23.7,89,7.8,100,A,Excellent
28237,26.8,88.6,9.8,100,A,Excellent
16187,13.7,84.9,6.5,85.2,A,Good
29423,17.1,89.1,5,90.8,A,Excellent
23400,5.9,83.2,10,56.8,C,Poor
32617,10.7,76.1,6.5,85.9,A,Good
17478,13.6,80.1,6.3,81.1,B,Good
22880,11.2,82.2,6.3,79,B,Good
18455,12.7,85.2,5.4,80.3,B,Good
18319,9.5,92.5,3.1,76.6,B,Good
13477,12.5,82.3,4.9,69.5,C,Average
37667,19.9,100,6.4,100,A,Excellent
8283,20.6,72.1,7.2,95.5,A,Excellent
4109,13.6,78,4,83.1,B,Good
32841,21.9,91.3,5.5,89.1,A,Good
39601,13,92,6.8,100,A,Excellent
1990,18,83,6.4,90.6,A,Excellent
10149,2.9,80.2,4.8,64.8,C,Average
15524,7.2,89.4,8.1,77.7,B,Good
1432,20.7,79.2,7.8,100,A,Excellent
37636,19.7,77.1,7.2,95.2,A,Excellent
7825,21.7,92.4,6.4,100,A,Excellent
38624,2.8,79.2,4.8,58.3,C,Poor
37747,14.6,74.2,5,81.9,B,Good
14882,22,58.7,7.2,97.7,A,Excellent
28196,3.7,91.6,4.4,50.1,D,Poor
9930,18.8,94.1,8.5,90.5,A,Excellent
35025,13.4,77.4,4.9,79.1,B,Good
26555,3.2,62.5,8.2,68.9,C,Average
16589,25.3,77.5,5.9,100,A,Excellent
38499,15.6,71.9,9.5,78.4,B,Good
34739,16.4,89.8,7.5,100,A,Excellent
39029,8.1,80.3,6.1,70.9,B,Average
39478,13.9,83,8.1,99.7,A,Excellent
23954,0,90.6,7.1,39.8,F,Poor
5729,16,85.2,8.2,87.6,A,Good
21427,15.5,80.1,2.8,100,A,Excellent
35585,9.8,81.5,6.5,82.7,B,Good
930,14.5,85.7,6.5,85.1,A,Good
5648,26,75.5,5.9,100,A,Excellent
15703,8.4,100,3.5,68,C,Average
32484,5.2,86.5,10,59.9,C,Poor
26747,6.6,97.3,3.7,75.8,B,Good
28148,18.1,74.9,6,93.9,A,Excellent
5808,12.5,94,6.2,65.4,C,Average
7713,13.3,80,2.2,86.2,A,Good
31009,12.5,71.2,5.4,67.6,C,Average
17402,13.7,73.8,5.2,90.6,A,Excellent
8303,9.9,93.8,10,66.7,C,Average
29879,11.5,70.1,3.6,83.2,B,Good
1264,8.6,85.2,6.1,64.3,C,Average
26603,8.1,87.9,10,61.1,C,Average
19284,12.8,77.6,6,77.5,B,Good
21643,16.6,78.4,5.6,86,A,Good
36818,16.4,96.4,5.4,84,B,Good
17761,11,93.2,7.1,59.7,C,Poor
5310,8.1,85.1,5.5,76.9,B,Good
13746,10.8,83.1,6.8,56.2,C,Poor
34715,12.8,88.7,7.2,86.1,A,Good
10112,28,76.5,4.1,100,A,Excellent
10248,19.4,81.9,8.9,95.9,A,Excellent
26757,12.9,100,4.8,96.7,A,Excellent
4662,13,70.4,7.9,83.1,B,Good
24104,19.1,100,5,100,A,Excellent
33486,8.5,87.9,2.7,63.1,C,Average
6279,6.5,80,7.4,64.3,C,Average
24406,16.1,72.3,6.5,100,A,Excellent
8175,11.7,83.4,3.9,85.9,A,Good
34310,13.4,91.5,3.9,88,A,Good
39376,8,89.6,6.1,65.7,C,Average
26905,20.4,82.8,7.7,100,A,Excellent
36107,13.5,88.8,10,74.6,B,Average
24027,16.2,61.9,6.3,75.9,B,Good
11509,23.3,79,5.1,100,A,Excellent
32870,10,90.3,6.2,71.8,B,Average
24764,21.1,88.3,6.9,85.2,A,Good
15981,1,98.6,6.9,49.9,D,Poor
26490,18.5,72.2,5.1,94.8,A,Excellent
24575,18.6,77.9,9.8,95.5,A,Excellent
28369,8.3,99.2,6,70.3,B,Average
25269,19.7,100,5.6,100,A,Excellent
29301,17,81.7,5.1,89.4,A,Good
23077,5.1,61.7,3.8,52.4,D,Poor
35885,14.3,98.7,7.2,91.9,A,Excellent
3553,17.4,100,6.2,100,A,Excellent
20918,7.6,88.7,3.4,96.4,A,Excellent
23604,16.5,86.5,4.8,72.6,B,Average
4128,27.6,75.7,7.9,100,A,Excellent
38158,16.5,98,8,100,A,Excellent
5967,21,79.1,9.8,83.5,B,Good
833,8,79.4,4.8,71.7,B,Average
10258,13.2,78.4,5.5,85.4,A,Good
34646,22.7,100,10,100,A,Excellent
31073,26.7,79.6,3.4,100,A,Excellent
38283,9,81.7,6.4,75.5,B,Good
18867,21.7,71.9,4.2,100,A,Excellent
13882,8.8,77.7,5,90.1,A,Excellent
6034,8.8,88.1,8.6,63.5,C,Average
20430,13.5,63.6,8.3,82.7,B,Good
35999,21.1,83.2,3.6,84.6,B,Good
9417,27.1,87.6,5,100,A,Excellent
8035,12.7,74.1,5.3,98.1,A,Excellent
17013,14.9,87.1,6.6,86.1,A,Good
22161,22.9,93.3,4.9,89.8,A,Good
36243,2.8,100,5.1,51.3,D,Poor
15216,26.7,100,7.7,100,A,Excellent
37760,6.5,86,4.3,57.1,C,Poor
22665,5.6,73.6,4.6,49.3,D,Poor
5846,11.2,91.5,9,88.8,A,Good
4818,8.9,82.8,7.7,71.4,B,Average
16101,12.7,87.2,4,94.2,A,Excellent
13703,8.5,99.4,3,62.2,C,Average
23786,2.6,66.8,8.7,75.1,B,Good
17063,11.4,95,4.6,86.6,A,Good
14728,17.6,82.7,5.1,95,A,Excellent
28827,10.1,91,5.3,73.6,B,Average
12445,9,95.7,7.1,75,B,Good
15884,22.6,84.4,6.6,88.8,A,Good
37853,8.5,84.1,2,60.1,C,Average
9061,14.3,89.2,3.7,85.8,A,Good
6868,9.4,88.7,3.7,64.6,C,Average
37665,20.5,100,8.3,99.2,A,Excellent
23004,21.8,81.3,6,100,A,Excellent
21381,14.1,88.7,6.3,82,B,Good
9168,8,77.9,7.5,74,B,Average
34917,17.8,77.7,4.3,94.7,A,Excellent
32943,18.9,94.5,4.7,100,A,Excellent
21179,6.3,84.8,5.2,67.3,C,Average
31696,14,81.5,5.7,76.8,B,Good
34427,21.3,71,2.5,100,A,Excellent
1639,29.4,89,9,100,A,Excellent
14192,16.3,62.8,6.8,75.9,B,Good
2948,0,74.3,6.2,66.1,C,Average
9763,16.4,86,4.8,71.2,B,Average
10788,14.4,84.9,4.5,83.4,B,Good
13101,16.8,100,7.4,70.8,B,Average
34792,19.6,91.4,5.9,100,A,Excellent
36848,8,94.4,5.4,47.7,D,Poor
23807,11.2,97.6,5,94.7,A,Excellent
7473,6.3,89.4,8.6,59.9,C,Poor
38156,22.2,69.2,9.9,100,A,Excellent
20162,9.6,67.7,8,65.7,C,Average
13906,0.3,80.2,4.8,60.5,C,Average
28764,11.8,100,4.5,82.2,B,Good
35305,17.6,78.4,7.1,93.9,A,Excellent
21310,8.2,86.8,6.9,73.1,B,Average
37872,12,85.6,4.8,65.9,C,Average
3007,18.4,94.5,9.3,97.5,A,Excellent
38249,17.9,86.6,6.1,95,A,Excellent
36166,25.2,70.2,3.4,100,A,Excellent
23082,25.5,89.1,5.3,100,A,Excellent
28525,16.1,85.5,6.6,99.6,A,Excellent
24904,17.1,100,5.3,100,A,Excellent
23545,5.4,76,5.6,67.1,C,Average
15684,31.7,78.8,4.1,100,A,Excellent
18964,3.2,78.2,4.4,54,D,Poor
10412,16.2,73.1,8.9,87,A,Good
19996,17.7,82.5,7.5,100,A,Excellent
20063,9.8,100,6,77.1,B,Good
34562,10.3,88.5,4.8,48.4,D,Poor
39548,22.1,89.2,7.5,91,A,Excellent
39841,19.8,82.9,3,97.3,A,Excellent
27574,16.6,68.9,5.3,93.9,A,Excellent
11249,23.7,83.2,6.3,100,A,Excellent
2052,8.9,77.9,1.8,73.4,B,Average
15004,21.6,82.4,7.4,100,A,Excellent
1573,17.1,83.2,3.8,88.8,A,Good
10026,25.3,81.3,2.5,100,A,Excellent
30837,12.5,99.7,6.3,82.5,B,Good
11708,19.4,82.6,4.7,100,A,Excellent
16259,22.2,100,3.3,100,A,Excellent
23953,17.3,95.9,3.6,95.5,A,Excellent
6767,29.9,70.6,6.3,100,A,Excellent
3445,19.9,72.6,9.9,94.3,A,Excellent
23248,12.8,74,8.7,98.2,A,Excellent
24882,32.1,90.9,8.7,100,A,Excellent
21566,13.7,95.4,7.3,77.1,B,Good
28055,20.8,89.2,7.5,100,A,Excellent
21918,12.7,79.4,6.8,81.8,B,Good
12861,26.5,100,6.7,100,A,Excellent
3742,18.6,100,7.3,93.2,A,Excellent
10990,20.6,91.6,10,100,A,Excellent
22892,32.1,72.7,6.1,100,A,Excellent
37173,8.1,87.7,5.5,77.7,B,Good
32146,6.7,98,7.3,57.6,C,Poor
37737,5.5,67.1,4.4,69.4,C,Average
28816,14.5,72.4,6.5,79.2,B,Good
24283,18.5,89.3,5.2,92.1,A,Excellent
16781,22.3,69.6,5.5,95.2,A,Excellent
35580,16.2,85.8,6.8,97,A,Excellent
16065,22.6,94.1,1,97,A,Excellent
24226,18.9,81.6,6.3,100,A,Excellent
27126,0,79.3,7.7,56.3,C,Poor
2182,12.5,83.6,6.8,84.8,B,Good
36889,9.2,64,6.4,54.4,D,Poor
36533,6.7,69.8,3.5,86.1,A,Good
14918,28,94.4,8.1,100,A,Excellent
32904,18.3,86.9,7,95.9,A,Excellent
26279,10.8,78.8,4.3,77.1,B,Good
35154,28.5,99.4,5.5,100,A,Excellent
31341,16.1,79.8,7.6,97.5,A,Excellent
3138,7.9,94.8,6.2,64,C,Average
30609,19.7,97.8,4.9,100,A,Excellent
1520,28,87.5,7.9,100,A,Excellent
8646,1.2,80.6,6.7,53.9,D,Poor
18194,18.2,76,5.6,92.5,A,Excellent
28345,10.7,82.4,6.5,75,B,Good
6130,4.8,76,6.8,46.1,D,Poor
28810,18.4,88.5,6,89.1,A,Good
37748,24.8,83.5,9.9,100,A,Excellent
29251,17.5,85.6,6.7,87.1,A,Good
12470,20.4,81.9,8.7,99.6,A,Excellent
27418,12,75.9,7.6,79.3,B,Good
36908,12.7,89.9,4.7,84,B,Good
17461,9.9,95.3,4.8,86.1,A,Good
34472,14,65.1,6.6,69,C,Average
713,11.2,89.9,8.5,61.4,C,Average
15036,23.6,78.6,7.1,100,A,Excellent
16793,17.1,83.2,6.4,100,A,Excellent
25995,9.7,95.2,3.4,62.1,C,Average
34845,17.9,100,7.9,84.5,B,Good
3023,12.1,95.8,5.8,75.7,B,Good
1339,12.3,93.8,7.2,70.1,B,Average
11751,19.5,67.1,7.9,97.2,A,Excellent
4111,23,81.5,5,100,A,Excellent
39732,17.2,84.4,10,99.5,A,Excellent
32903,3.7,95.9,7.6,59.4,C,Poor
14718,13,82.1,4.8,75.6,B,Good
31336,9,90.4,5,67.9,C,Average
9671,16.3,88,6,85.2,A,Good
39228,9.3,86.7,6.5,69.3,C,Average
8965,19.7,92,10,94.6,A,Excellent
31637,18.5,91.1,5.3,96.8,A,Excellent
31332,11.3,80.1,6.4,75.9,B,Good
14922,0,100,6.3,43.1,D,Poor
3767,8.2,80.4,7.5,73.6,B,Average
20157,10.5,80.1,3.6,60.7,C,Average
25876,13,74,5.4,67.8,C,Average
8510,19.2,88.2,6.8,100,A,Excellent
5974,0,98.2,5,49.9,D,Poor
2014,8.4,100,5.1,53.7,D,Poor
6934,14.9,94.2,5.4,92.9,A,Excellent
28928,9.7,82.5,5.5,93.7,A,Excellent
25685,14.7,70,6.9,99.4,A,Excellent
14948,12.7,75.3,3.4,81.2,B,Good
36330,10.4,79.5,7.5,86.7,A,Good
25474,20.2,84.8,9,100,A,Excellent
38897,24.8,92.9,5.5,100,A,Excellent
431,6.7,90.2,4.2,46.4,D,Poor
30067,22.8,72.1,7.2,100,A,Excellent
7627,22.7,100,7.5,100,A,Excellent
21335,7.9,79.6,1.2,60.2,C,Average
29847,14.9,74.2,6.6,78.1,B,Good
11083,18.8,82.4,5.2,94.4,A,Excellent
24446,21,77.2,9.6,99.9,A,Excellent
2949,13.7,78,7.2,71.9,B,Average
31525,13.9,85.8,1.9,100,A,Excellent
26166,13.3,80.8,3.4,80,B,Good
554,16.8,78.2,7.9,98.6,A,Excellent
9365,22.8,83.8,5.1,100,A,Excellent
12189,5,68.6,10,60.9,C,Average
4071,19,80.9,4.8,89.2,A,Good
33878,17.1,75.1,3.3,89,A,Good
39664,24.5,87.1,8,100,A,Excellent
16630,15.5,85.7,6.3,96.8,A,Excellent
29902,12.5,95.3,5,77.4,B,Good
30851,9.8,99.7,8.4,72.9,B,Average
2573,12.9,79.7,9.4,92.4,A,Excellent
12652,5.4,89.1,2.7,70.6,B,Average
36221,10.5,86.3,3.1,62,C,Average
38580,4.8,97.2,4.9,55.4,C,Poor
21532,11.1,82.1,7,68.7,C,Average
12811,25,89,6.8,100,A,Excellent
28795,9.3,90.5,10,76.1,B,Good
29358,20.5,90.4,6.5,95.3,A,Excellent
13453,7.1,79.8,7.7,60.5,C,Average
5194,10.9,86.2,3.4,79.9,B,Good
35763,15.5,79.2,7,85.5,A,Good
21795,6.7,80.6,4.3,52.3,D,Poor
31698,25.3,86.4,4,100,A,Excellent
9654,25.6,88.6,6.6,100,A,Excellent
18008,8.1,91.1,5.9,74.3,B,Average
12420,13.8,85,8.6,85.7,A,Good
6005,13.5,85.5,5.8,92.6,A,Excellent
19734,10.9,79.7,8.9,72,B,Average
26589,17.6,67.1,3,87.4,A,Good
39533,21.6,85.9,5.4,85.7,A,Good
39363,17.3,82,5.2,95.9,A,Excellent
10325,16.3,82.6,8.1,91,A,Excellent
28850,15.5,77.4,5.1,100,A,Excellent
1991,20.6,83.5,6.9,99.1,A,Excellent
36773,14.9,67.5,5.3,92.1,A,Excellent
4902,7.9,91.9,5.6,74.1,B,Average
27681,14.6,92.8,7.3,83.4,B,Good
17298,11,71.2,7.8,86.6,A,Good
19978,7.8,73.3,1.4,68.2,C,Average
1368,8.5,75.9,4.9,63.9,C,Average
10109,14.5,81.6,5.4,91.6,A,Excellent
38785,18.3,69.4,4.8,99.8,A,Excellent
18391,16.1,94.6,9,96.6,A,Excellent
16434,19.4,81.8,6.2,78.2,B,Good
29705,16.6,80.7,5.2,83.2,B,Good
1347,0,75.1,7.9,43.6,D,Poor
29908,13.4,100,4.2,88.8,A,Good
17630,12.4,97.5,6.9,83.4,B,Good
5744,4.7,77.5,6,49.3,D,Poor
21530,20.4,77.2,6.4,100,A,Excellent
30139,4.1,75.5,9.5,61.4,C,Average
22269,0.3,85,4,58.7,C,Poor
15150,12.1,90.1,4.7,96.7,A,Excellent
20749,13.4,87.6,4.4,78.8,B,Good
3990,9.6,90.8,4.4,76.5,B,Good
27544,5.9,76.3,6.2,51.7,D,Poor
32614,24.2,92.1,6.6,100,A,Excellent
15353,11.4,79.2,6.3,68.2,C,Average
5488,18,78.4,7.5,100,A,Excellent
33695,24.4,89.7,6.5,100,A,Excellent
14464,14.1,84.3,6.3,91.6,A,Excellent
29316,14.4,70.4,5.6,76.4,B,Good
S113,15,90,6,93,A+,Excellent
32321,18.9,81.8,3.2,100,A,Excellent
27981,6.3,93.3,7.1,68.2,C,Average
33466,3.9,86.9,5.2,56.9,C,Poor
19028,16.6,74.4,5.1,99.4,A,Excellent
30444,19.8,94,5.6,100,A,Excellent
11195,12.6,77.8,6.6,78.8,B,Good
15513,12.7,88.1,6.3,80.1,B,Good
33009,16.6,82.3,9.8,97.8,A,Excellent
23933,18.1,75.1,6.4,80.6,B,Good
39247,22,76.4,3.7,85.4,A,Good
10389,27.7,79.1,4.8,100,A,Excellent
13939,23.5,86,4.8,100,A,Excellent
22606,14.4,92,5.7,92.4,A,Excellent
28440,17.7,75.4,2.8,79.8,B,Good
35056,13.6,92,3.2,87.3,A,Good
5585,23.2,68.9,5.6,100,A,Excellent
929,26,88,8.8,100,A,Excellent
18725,19.2,82.1,9.6,100,A,Excellent
39205,24.8,95.9,7.4,100,A,Excellent
15102,5.1,100,6,52.9,D,Poor
5584,17.7,77.6,7.4,100,A,Excellent
12390,14.3,69.2,7,98.2,A,Excellent
6064,31.7,84.8,6.8,100,A,Excellent
817,16.9,64,5,80.3,B,Good
35078,3,91.8,5.8,67.9,C,Average
38167,8.2,78.6,4.8,79.5,B,Good
29451,20.1,84.8,5.4,90.4,A,Excellent
37192,27.5,86.5,8.5,93.3,A,Excellent
23597,25.3,92.3,10,100,A,Excellent
30474,11.3,94.5,4.3,92.4,A,Excellent
22133,21.5,74.1,9.8,100,A,Excellent
3358,0.1,80.1,8.1,53.1,D,Poor
20309,11.5,67.1,3.7,85.8,A,Good
18767,11.5,91,6.5,79,B,Good
8799,23.8,92.7,6.9,100,A,Excellent
26550,13.2,89,4.2,67.8,C,Average
6597,11.5,81.7,7.5,96.2,A,Excellent
39734,22.8,83,3.7,100,A,Excellent
13831,18.5,99.1,8.9,100,A,Excellent
23798,19.1,87.7,7.4,100,A,Excellent
35099,6.8,72.6,7.2,66.8,C,Average
27460,17.7,76.5,6,92.4,A,Excellent
24500,20.2,79.1,10,94.8,A,Excellent
39647,8.6,78.6,2.7,71.5,B,Average
300,19.4,93.6,6.2,100,A,Excellent
22763,9.6,93.5,8.8,70,C,Average
16667,14.8,96.5,3.1,72.1,B,Average
22064,21.2,91,6.6,100,A,Excellent
13804,11.7,82.6,6,62.5,C,Average
38193,16.5,89.8,3.6,92.6,A,Excellent
28450,7.2,86.7,9.3,64.3,C,Average
35846,7.8,86.4,4.5,91.2,A,Excellent
2305,29,81.3,5.6,100,A,Excellent
4287,11.8,80.9,4.3,77.5,B,Good
7013,21.1,97.2,7.1,94.7,A,Excellent
24228,3.9,78.3,9.6,65.2,C,Average
21623,21.5,77.9,5.9,100,A,Excellent
23375,17,88.4,7,100,A,Excellent
2546,18,95.7,4.2,89.6,A,Good
6757,17.4,93.6,4.6,89.2,A,Good
24490,13.2,83.5,3.6,89.3,A,Good
16428,5.7,86.8,6.6,55.6,C,Poor
34244,17,78.7,8.8,100,A,Excellent
38536,10.6,87.7,7.9,60.2,C,Average
35565,18,93.1,3.4,93.7,A,Excellent
20166,10,88.7,4.9,56.3,C,Poor
32572,7,85.8,6.9,71,B,Average
18195,17.7,87.8,7.6,92.1,A,Excellent
36362,14.3,65.8,7.8,78.6,B,Good
19286,17.4,100,6.1,99.3,A,Excellent
785,18.9,89,5.4,79.8,B,Good
5813,16.5,84.8,4.2,94.8,A,Excellent
31579,27.6,76.5,5.1,100,A,Excellent
10579,17.7,88.6,2.6,94.3,A,Excellent
27834,30.1,64.2,5,100,A,Excellent
20949,12.1,95.8,7.8,81.4,B,Good
10590,12.4,96,5.6,85.7,A,Good
23472,25.8,84.4,7.3,100,A,Excellent
20864,9.9,70.7,6.8,61.1,C,Average
19635,13.1,100,4,81.8,B,Good
38797,29,71.8,6.7,100,A,Excellent
19012,13.2,78,3.3,69.7,C,Average
29547,0,85.4,6.9,52,D,Poor
34692,24,84.5,2.2,100,A,Excellent
24390,16.2,69,7.6,100,A,Excellent
14311,15.2,61.3,7,88.9,A,Good
22812,12.2,72.6,3,76.7,B,Good
20914,15.5,76.1,8.7,95.9,A,Excellent
31857,16,100,7,100,A,Excellent
39298,15.5,94.5,6.8,90.2,A,Excellent
39364,6.3,88.7,0.8,55.7,C,Poor
11618,21.3,95.7,5.7,100,A,Excellent
19291,0,81.2,7.3,40.9,D,Poor
6335,14.2,97.3,6,83.5,B,Good
4562,27,78.6,5.4,100,A,Excellent
33138,18.3,82.2,7.7,100,A,Excellent
13281,12,91.2,5.7,69.8,C,Average
8631,5.7,68.6,8,53.2,D,Poor
14058,9.9,93.7,7.7,91.9,A,Excellent
2576,7.2,85.6,6.3,72.6,B,Average
5214,17.8,90.7,5.6,79.1,B,Good
17320,1.1,96.9,3.5,51.2,D,Poor
16106,30.5,78.9,6.4,100,A,Excellent
3185,9.5,82.4,7.5,75.9,B,Good
19939,13.8,88.9,6.1,70.8,B,Average
21517,24.5,84.4,4.9,100,A,Excellent
27467,20.7,84,6.8,100,A,Excellent
23520,26.9,95.7,6.9,100,A,Excellent
11277,28.2,80.8,7.5,100,A,Excellent
28153,20.4,85.7,5.9,100,A,Excellent
30537,0,72,6.7,35.6,F,Poor
1037,6.4,89.1,9.9,74.2,B,Average
23757,9.4,69.8,6.1,54.7,D,Poor
37049,5.6,100,2.6,52.5,D,Poor
1417,15.4,86.5,4.8,89.4,A,Good
23921,23.5,88.8,3.2,100,A,Excellent
10126,14.1,86.8,5,99.2,A,Excellent
24763,15.5,98.4,7.2,99,A,Excellent
9198,24.9,69.5,8.9,100,A,Excellent
26453,19.5,72.2,7.8,99.9,A,Excellent
3423,18,85.1,7.2,100,A,Excellent
35494,24.8,81.2,5,100,A,Excellent
1733,14.9,83.5,7.1,92.5,A,Excellent
26325,20.8,100,2.3,89.3,A,Good
23616,11,77.8,8.2,56.2,C,Poor
34972,21.7,79.3,2.1,100,A,Excellent
10198,22.2,93.3,8.7,100,A,Excellent
33403,14.8,98.7,7.3,81.6,B,Good
37455,17.9,91.3,5.9,78.9,B,Good
15146,8.1,69.5,4.4,75.6,B,Good
14160,10.9,80.1,3.9,63,C,Average
17968,13.7,100,3.6,91.9,A,Excellent
25131,28.8,100,7,100,A,Excellent
11598,32.7,92,3.3,100,A,Excellent
18243,14.5,66.5,7.7,90.8,A,Excellent
19171,12.7,96.4,2,85.2,A,Good
36292,19.3,76.8,4.1,100,A,Excellent
3577,9.2,78.7,7.4,64.5,C,Average
3559,14.2,100,7.3,93.4,A,Excellent
2660,18.9,69.1,5,100,A,Excellent
20904,6.5,83.9,10,49.3,D,Poor
37577,20.8,64.2,6,85,B,Good
S130,15,62,8,85,A,Good
28318,18.7,76.9,9.7,99.2,A,Excellent
29184,29.3,84.4,3.5,100,A,Excellent
33631,15.3,85.8,7.2,91.1,A,Excellent
26745,17.5,73.6,5.1,85.8,A,Good
20727,23.1,80.5,5.3,100,A,Excellent
20862,15.6,71,10,100,A,Excellent
24378,8.7,72.7,6.3,76.2,B,Good
18743,21.9,83,9.3,95.9,A,Excellent
35385,25.3,82.3,8.6,100,A,Excellent
12985,20.7,98,6.8,96.7,A,Excellent
31392,20.6,79.5,5.4,95.7,A,Excellent
28438,18.6,77.7,7.8,83.9,B,Good
27616,25,84.2,5.6,100,A,Excellent
36784,12.2,87,6.1,88.5,A,Good
36349,10.6,93.3,9.2,72.1,B,Average
13267,13.3,96.9,7.8,69.4,C,Average
773,19.4,81.4,7.9,100,A,Excellent
39636,12.6,79.9,10,74.4,B,Average
S012,6,51,7,58.5,D,Poor
17873,22.6,89,8.1,100,A,Excellent
18158,23.8,72,5.8,94.2,A,Excellent
6029,1.2,94.8,6.8,58.5,C,Poor
30099,13.8,89.7,6.7,80.2,B,Good
24425,0,85.9,8.6,65.6,C,Average
27210,14.8,77.3,6.1,97.7,A,Excellent
31808,0,98.7,9.1,48.7,D,Poor
21984,23.8,84.3,4.7,100,A,Excellent
16412,14.3,85.2,6.6,82,B,Good
28351,12.5,90.3,3.9,81,B,Good
15821,14,95.2,5.6,100,A,Excellent
32538,5.7,75.3,5.9,69.8,C,Average
3448,9.4,77.5,9.1,80.5,B,Good
32734,6.8,81.2,5.5,72.4,B,Average
20354,26.1,79.3,7.3,100,A,Excellent
39451,21.8,61,7.4,100,A,Excellent
2023,24.5,78.9,4.1,100,A,Excellent
31228,16.7,100,4.4,87.3,A,Good
34816,13.1,76.7,5.4,81.3,B,Good
19073,20.4,73.4,3.7,100,A,Excellent
31814,15.9,88.6,8.8,79.3,B,Good
38594,18.5,62.2,5.4,100,A,Excellent
8541,12.8,70.7,4.1,89.7,A,Good
28346,4.7,89.3,2.5,75.8,B,Good
11401,13.9,96.1,4.8,77.7,B,Good
35233,9.3,93.3,7.7,71.7,B,Average
4385,10.7,91.6,5.9,81.3,B,Good
2079,14,88.6,9.4,97.5,A,Excellent
17175,9.4,87.9,5.8,77.1,B,Good
38597,21.1,91.3,4,98.7,A,Excellent
7190,0.8,71.8,6.2,71.1,B,Average
1823,13.4,100,6,91.3,A,Excellent
32578,2.2,91.8,5.1,48.1,D,Poor
35542,23.5,97.9,6.4,100,A,Excellent
27372,21,91.6,3.9,92.8,A,Excellent
27373,18.9,84.3,3.8,100,A,Excellent
1328,14,89.7,6.3,88,A,Good
23891,17,93.3,6.7,78.5,B,Good
9471,17.9,84.2,7.7,92.5,A,Excellent
18760,23.7,94.3,7.7,100,A,Excellent
3242,35.1,92.3,8.7,100,A,Excellent
28075,19.4,100,6.7,90.8,A,Excellent
39207,31.4,87.9,4.1,100,A,Excellent
25610,17.9,87.3,7.8,92.2,A,Excellent
30062,21.3,90,3.5,100,A,Excellent
20779,10.9,70,3.4,70.4,B,Average
25569,15.7,78.7,8.2,100,A,Excellent
13875,15.9,99.2,5.9,89.3,A,Good
29654,18.1,78.9,9.4,79.5,B,Good
11588,8.4,100,10,59.9,C,Poor
25832,25.6,83.3,5.7,100,A,Excellent
22978,14.1,84.8,1.7,70.8,B,Average
37663,23.6,67.8,9.8,100,A,Excellent
32389,8.1,94.2,6,84.5,B,Good
23797,18.9,92,5.6,100,A,Excellent
29949,21.4,84.4,0.8,100,A,Excellent
14134,7.9,81.7,5.1,50.5,D,Poor
2995,8.3,89,8.5,71,B,Average
33571,0,67.5,1.3,46.6,D,Poor
17972,8.2,94.7,5,79.9,B,Good
19993,21.2,73.1,8.3,95.4,A,Excellent
26233,12.1,68.8,5.8,85.4,A,Good
24082,3,90.2,8,50.9,D,Poor
27430,0,87.4,7.3,67.7,C,Average
1409,12.7,84.8,5.8,76.7,B,Good
378,16.3,94.9,6,100,A,Excellent
15674,1.4,85.7,6.3,65.8,C,Average
10364,6.3,83.2,7.8,72.4,B,Average
28699,13,78.1,7.1,81.6,B,Good
8796,2.3,68.2,9,60.8,C,Average
31030,14.7,91.5,3.2,96,A,Excellent
25042,10.8,73.2,4,100,A,Excellent
27974,6.4,82.7,3.9,59.5,C,Poor
16238,23,92,6.2,98.1,A,Excellent
31898,13.3,100,6.1,72.8,B,Average
23126,0.6,82.6,6.6,41.6,D,Poor
4877,5.6,87.9,2.7,66.5,C,Average
11448,20.8,75.6,5.2,96.6,A,Excellent
344,11.5,78.1,5.8,89.4,A,Good
24222,7.5,80.6,6.1,51.4,D,Poor
15655,14.2,93.1,3.8,75.1,B,Good
32098,24.8,85.9,1.9,100,A,Excellent
35338,11.6,86.2,2.9,67.6,C,Average
9344,18.1,97.4,2.3,100,A,Excellent
754,22.4,77.3,7.6,100,A,Excellent
24042,20.9,88.5,8.8,100,A,Excellent
5583,26.5,82.3,4,100,A,Excellent
8132,19.1,84.4,4.6,94.5,A,Excellent
14403,21.1,80.3,8,100,A,Excellent
34423,12.7,88.1,6.3,83.1,B,Good
21825,24.1,92.5,3.8,100,A,Excellent
4619,14.9,76.8,8.1,81.6,B,Good
32140,0,92,6.3,54.9,D,Poor
21369,20.7,88.9,6.8,94.4,A,Excellent
18522,20.8,94.6,6.2,84.8,B,Good
28568,4,75,7.1,64.8,C,Average
4469,15.8,82.1,6,100,A,Excellent
38325,12.6,79.8,7.7,66.7,C,Average
20232,5.9,85,7.1,59.4,C,Poor
30168,21.7,75.9,7.2,100,A,Excellent
2254,14.9,82.8,3.2,85.6,A,Good
24122,6.9,86.9,5.3,60.1,C,Average
7234,20.1,92.4,6.3,100,A,Excellent
27139,4,88.7,5.9,51.6,D,Poor
9732,23.1,100,2.1,100,A,Excellent
4646,26.3,84,6,100,A,Excellent
16369,6.2,90.3,3.3,46.5,D,Poor
38944,12.4,100,4.3,90.4,A,Excellent
1106,7.7,87.2,6.8,73.3,B,Average
23662,13.3,79.9,8.9,76.2,B,Good
27716,26.8,90.8,7.4,100,A,Excellent
7970,22.9,100,5.8,100,A,Excellent
19449,23.2,77.6,7.8,100,A,Excellent
8011,13,92.9,8.1,60.6,C,Average
2692,13.3,91.2,4.3,73.1,B,Average
19122,12.1,84.5,4.9,66.1,C,Average
33927,10.4,89.8,9,65.1,C,Average
4215,15.3,72.6,6.5,91.9,A,Excellent
18776,18.4,86.2,4.5,87.1,A,Good
13865,19.7,89.1,6.2,100,A,Excellent
27778,11.4,82.7,4.1,81.2,B,Good
780,19.3,83.8,5.6,100,A,Excellent
31103,23.9,92.1,10,100,A,Excellent
4344,22.2,81.3,7.6,100,A,Excellent
24817,14.8,65.4,8,94.8,A,Excellent
11360,17,90.9,6.8,100,A,Excellent
36005,11.4,80.1,6.5,73.6,B,Average
30440,20.3,100,5.3,100,A,Excellent
32895,32.6,95,6.1,100,A,Excellent
7512,31.8,98.1,10,100,A,Excellent
28197,9.5,99.2,4.2,83.3,B,Good
9871,15.4,70.7,6.7,97,A,Excellent
14165,7.7,100,4.3,52.1,D,Poor
23635,18.7,95.1,8.7,90.1,A,Excellent
33942,4.4,96.2,9.2,68.4,C,Average
12772,19.5,78.8,4.8,98.4,A,Excellent
18392,23.2,88.3,7.6,100,A,Excellent
36365,13.4,76.2,4.8,78.1,B,Good
33395,17.2,83,8,98.5,A,Excellent
23258,8.3,76.9,8.2,62.5,C,Average
27820,9.8,69,6.7,80.9,B,Good
17666,26.3,80.9,7.7,100,A,Excellent
20806,19.6,74.3,9,100,A,Excellent
7945,17.9,95.3,7.1,87.9,A,Good
1806,3.9,86.4,10,57.8,C,Poor
5038,10.2,94.5,6.3,95.6,A,Excellent
1822,15.5,80.9,5.4,86.5,A,Good
24209,13.4,77.2,7,72.4,B,Average
25809,13.8,95.3,9.9,98,A,Excellent
26958,1.3,87.8,1.4,46.8,D,Poor
16030,25.3,90.6,5.5,100,A,Excellent
32776,8.3,86.1,7.7,80.1,B,Good
34363,25.1,81.5,6.6,100,A,Excellent
17648,15.4,68.2,5.4,100,A,Excellent
20667,10.7,100,7.1,58.6,C,Poor
21903,26.1,95.6,6.5,100,A,Excellent
28398,15.7,74.7,2.1,100,A,Excellent
17201,16.9,80.7,5.8,87.9,A,Good
13800,0,100,5.9,69.9,C,Average
939,16.7,98.6,7.4,97.6,A,Excellent
16580,30.1,83.1,4.8,100,A,Excellent
23373,19.6,81.1,6,80.9,B,Good
24586,9.7,87,5.2,67.2,C,Average
6556,5.2,89.5,4.4,68.3,C,Average
37369,21.3,85.4,4.8,100,A,Excellent
18820,9.4,70.3,4.5,68.2,C,Average
15087,0,86.3,5.8,42.4,D,Poor
27652,0,81.4,8.3,43.1,D,Poor
19817,16.5,78.2,7.7,91.1,A,Excellent
1797,12.8,77.3,4.3,83.7,B,Good
34470,6.3,78.5,4.8,77.6,B,Good
728,17.4,64.5,8.2,83.7,B,Good
4924,24.9,100,5.1,100,A,Excellent
34843,13.5,80.7,4.8,66.1,C,Average
29684,15.1,77.4,6.5,86.8,A,Good
18931,10.1,84.9,5.9,87.2,A,Good
10226,21.5,88.8,6.9,100,A,Excellent
24578,14.4,79.5,6.8,75.3,B,Good
29566,8,96.6,6.3,77.5,B,Good
4177,14.9,61.8,5.8,81.4,B,Good
14396,10.9,90.8,6.2,78.1,B,Good
39025,31.4,83.1,3.7,100,A,Excellent
23177,16.8,82.5,6.1,92.1,A,Excellent
33488,13.8,77.2,2.1,68,C,Average
15111,27.7,62.2,3,100,A,Excellent
911,12.8,77,6.2,90.3,A,Excellent
22989,8.8,86.4,4.5,68.2,C,Average
19740,13.4,80.7,5.1,72.4,B,Average
5385,20.9,83.1,5.5,93.2,A,Excellent
31621,11.9,96.4,4.7,84.4,B,Good
29360,12.7,64.3,8.3,68.4,C,Average
14073,8.3,75.2,5.7,78.9,B,Good
4706,14.1,81.5,5,77.9,B,Good
5916,8.7,77.9,7.7,73.5,B,Average
9958,7.8,93.2,7.3,57.6,C,Poor
28604,15.9,97.7,6.5,85.1,A,Good
26107,8.4,77.9,5,68.6,C,Average
12154,7.1,74,7.2,88.2,A,Good
15789,6.6,69.2,8.2,68.3,C,Average
12004,14.7,83.4,1.8,98.2,A,Excellent
17736,19.4,76,5,100,A,Excellent
31586,21.1,89.2,8.6,100,A,Excellent
34727,1.7,84.6,9.2,70.6,B,Average
38356,0,92.9,7.8,64.1,C,Average
15174,15.6,85.9,6.4,92,A,Excellent
14369,25.2,94.2,6.5,100,A,Excellent
2333,4.4,91.9,8,66.9,C,Average
26076,9.4,78.9,7.4,52.8,D,Poor
21242,10.2,70.3,5.6,72.3,B,Average
4605,7.4,90.2,7.3,56.6,C,Poor
12007,19.3,89,7.1,100,A,Excellent
25948,4.6,97.1,4.6,71.9,B,Average
29362,20.7,92.1,4.8,100,A,Excellent
5702,13.5,83.3,4.6,87.2,A,Good
8100,16.2,79.7,5.1,93.1,A,Excellent
8049,5.9,74.8,5,65.1,C,Average
18074,9.4,92.3,4.4,77.9,B,Good
31394,12.1,85.5,8.5,85.1,A,Good
2531,18.3,88.8,3.4,98.3,A,Excellent
25100,11.1,89.8,5.3,100,A,Excellent
32638,21.8,70.5,3.7,92,A,Excellent
9949,13.6,98.4,7.9,83.4,B,Good
561,17,79.1,4.8,100,A,Excellent
22442,20.5,82.2,5.9,96.4,A,Excellent
30036,14.3,98.7,8.5,90.1,A,Excellent
6102,16.6,77.4,4.4,87.5,A,Good
28730,7.8,79.5,7.2,63.3,C,Average
32963,10.9,83,4.7,67.6,C,Average
10792,11.5,94.1,6.4,91.8,A,Excellent
7960,12.3,88.4,4.9,80,B,Good
191,11.9,92.4,9.6,70.1,B,Average
11410,25.7,86.5,7.5,100,A,Excellent
9811,11.1,61.5,0,72.6,B,Average
35783,17.9,72.5,8.4,100,A,Excellent
12160,16.2,87.9,8.5,73.3,B,Average
7217,10.9,100,7.4,77.1,B,Good
22854,16.7,84.6,5.4,84.5,B,Good
37150,13.5,91.4,7.5,93.2,A,Excellent
2092,17.1,88.6,7.7,100,A,Excellent
18047,10.1,97.8,7.8,57.4,C,Poor
14962,14.1,88.3,9.1,94.7,A,Excellent
24022,10.2,82.4,6.1,68.1,C,Average
32019,27.3,100,6.9,100,A,Excellent
26629,33.4,76.7,6.5,100,A,Excellent
37407,6.8,83.3,10,58.1,C,Poor
13924,26.8,100,10,100,A,Excellent
34479,21,100,6.6,100,A,Excellent
32102,32.7,100,2.2,100,A,Excellent
17463,9.7,77.1,4.9,85.3,A,Good
5191,10.6,84.9,6.8,79.3,B,Good
1769,15.9,88.6,0,100,A,Excellent
17794,12.5,82,5.3,70.9,B,Average
22910,20.8,92,5.6,99.6,A,Excellent
28845,19.5,83.8,10,99.5,A,Excellent
18300,21.3,77,5.9,100,A,Excellent
31794,16.1,87,7.6,86.9,A,Good
37375,23.7,100,7,100,A,Excellent
15041,12.2,85.5,5.9,87.2,A,Good
6271,12.5,83.1,5.1,81.2,B,Good
8004,20,80.9,5.4,97.2,A,Excellent
28659,22.7,80.2,6.1,93.7,A,Excellent
38042,11.2,94.1,3.3,76.7,B,Good
30956,9.1,83.6,5.9,76.4,B,Good
21818,17.9,81.8,6,96.7,A,Excellent
10428,11.5,78.7,3.3,86.2,A,Good
12578,14.7,100,7.7,95.3,A,Excellent
29777,4.7,66.2,7.3,44.5,D,Poor
15706,24.7,80.2,6,100,A,Excellent
32418,16.9,81.8,5.6,94,A,Excellent
25064,13.3,90.2,1.6,100,A,Excellent
34102,23.6,84.7,4.8,93.7,A,Excellent
29537,35,96.6,4.5,100,A,Excellent
16547,10.7,74.8,5,67.2,C,Average
16738,8.6,98.5,1.9,67.5,C,Average
30947,8.3,75.4,4.3,95.6,A,Excellent
39698,27.1,71.3,5.4,100,A,Excellent
13102,4.8,81.3,6.5,56.9,C,Poor
174,17.4,93.7,6.9,100,A,Excellent
4167,12.9,79,5.5,84,B,Good
14637,19.4,81.5,4.9,89.5,A,Good
7774,18.1,76.8,5.1,87.6,A,Good
14082,27.8,83.8,4.3,100,A,Excellent
31508,20.5,82.6,2.8,100,A,Excellent
29528,14.2,70.5,7.3,84,B,Good
38775,10.3,91.6,5,83.7,B,Good
20393,9.3,96.2,7.5,81.9,B,Good
28820,21.4,81.6,4.6,100,A,Excellent
25031,4,74,3.6,71.5,B,Average
14776,12.2,100,7.1,78.5,B,Good
10145,16.6,83.8,7,87.6,A,Good
35529,17.5,90.1,7.6,98.2,A,Excellent
37075,13.9,78,5.6,72.7,B,Average
12964,26.2,91.8,6.5,100,A,Excellent
22375,8,76.3,6.6,60.5,C,Average
7394,12.6,71.2,7.2,83.8,B,Good
23031,29.3,78.4,7.4,100,A,Excellent
4903,7.8,100,4.9,62.4,C,Average
38530,23.3,96.4,4,100,A,Excellent
19345,22,83.5,3.8,100,A,Excellent
28620,5.6,88,6.3,56.6,C,Poor
31107,12.5,85.1,4.2,75.9,B,Good
38349,6.2,76.9,6.4,63.1,C,Average
17125,0,72.4,4.7,51.1,D,Poor
1730,27.9,76.9,4.1,100,A,Excellent
9537,9.4,89.5,10,88.3,A,Good
6922,10.6,97.7,7.9,87.5,A,Good
4669,9,87.1,9.8,81.1,B,Good
34337,6.8,86.6,7.5,65.5,C,Average
6021,16.7,100,8.9,92.6,A,Excellent
27420,13.6,96.2,7.5,79.9,B,Good
28993,7.5,71.1,6.6,63.9,C,Average
4453,23,82.1,5.3,100,A,Excellent
32619,14.2,86.1,4.4,96.3,A,Excellent
30121,22.5,99.4,6.1,100,A,Excellent
12320,13.3,88.2,4.6,96.1,A,Excellent
31279,9.9,77,5,79.6,B,Good
31410,20,78.8,6.8,92.4,A,Excellent
27058,18.3,93.8,6.7,92,A,Excellent
19187,12.7,88.9,5.1,79.5,B,Good
38306,23.4,89.1,7.4,100,A,Excellent
29704,13.2,78.9,8.7,78.3,B,Good
10111,10.1,80.6,5.7,80.5,B,Good
19444,21,99.8,3.5,100,A,Excellent
22718,16.1,100,6.9,87.5,A,Good
6511,25.9,84.8,3.5,100,A,Excellent
1986,18.6,91.9,5.7,100,A,Excellent
17628,35.2,96.4,3.7,100,A,Excellent
10157,7.3,89.7,7.5,70.3,B,Average
39695,19.5,80.8,4.7,100,A,Excellent
37962,14,81.7,7.3,83.6,B,Good
15327,12.3,90.5,5.7,90.9,A,Excellent
14803,0.5,83.2,6.7,73,B,Average
39159,13.5,86,4.7,87.4,A,Good
18578,5,64.8,5.1,43.5,D,Poor
32053,10,89.1,5.8,71.4,B,Average
1474,15.1,71.9,6.4,88,A,Good
26386,1.1,85,4.6,64.6,C,Average
37038,19.6,74.7,7.6,100,A,Excellent
21611,4.3,74,4.9,59.4,C,Poor
11340,18.6,90.4,5.2,100,A,Excellent
25210,17.1,76.5,5,100,A,Excellent
35193,0,82.3,9.4,49.5,D,Poor
23936,9.3,83.6,0.9,75,B,Good
24530,27.8,80.7,5.7,100,A,Excellent
5299,19.9,98.3,9.1,92.2,A,Excellent
S024,12,61,5,69.5,C,Average
18969,8.8,88.8,4.1,82.7,B,Good
33917,29.9,91.7,5.1,100,A,Excellent
26367,4,73.3,6.9,56,C,Poor
19885,12.9,97.7,7,77.1,B,Good
11564,26.2,86.8,6.6,100,A,Excellent
11405,17.7,90.1,2.7,86.9,A,Good
2418,17.4,88.7,2.7,100,A,Excellent
38473,22.7,74.7,6.5,99.1,A,Excellent
4623,8.8,77.8,10,68.3,C,Average
24964,14,80.2,6.9,91.3,A,Excellent
26103,22.4,91.9,4.1,96,A,Excellent
31560,6.6,93,7.9,54.3,D,Poor
28677,18.7,90,4.6,74.7,B,Average
18358,8.9,86.9,7.2,68.5,C,Average
33696,17.8,84.7,7.1,100,A,Excellent
24181,13.9,100,2.9,75.6,B,Good
35215,16,100,5.4,90,A,Good
21393,0,83.8,7.5,37.3,F,Poor
28989,15.3,100,5.6,69.3,C,Average
32299,15.6,72.2,6.3,83.4,B,Good
29649,22.4,78.3,7.7,100,A,Excellent
26394,0,72.7,6.6,28.5,F,Poor
36692,7.1,87.7,7.6,77.5,B,Good
8930,15.9,84.9,8.8,80.8,B,Good
7392,15.5,90.1,9.9,100,A,Excellent
17272,17.1,84.8,5.5,90.3,A,Excellent
19006,25.2,82.1,1.2,100,A,Excellent
14350,10.1,85.5,7.5,86.1,A,Good
5750,8.2,79.7,4.3,66.8,C,Average
17586,29,68.4,7.2,100,A,Excellent
22902,20.3,94.5,7.3,100,A,Excellent
31662,18.6,84.1,3.2,100,A,Excellent
35048,4.5,76.9,5.7,52.5,D,Poor
29178,6.4,81,6.9,74.5,B,Average
25878,16.7,89.7,4.4,82.7,B,Good
791,18,69.9,5.8,100,A,Excellent
1446,10.4,68.1,6.8,50.3,D,Poor
30550,15.2,67.2,7.4,89.6,A,Good
18614,25.2,59.4,2.4,100,A,Excellent
31598,22.9,86.6,8.1,100,A,Excellent
694,19.3,97,6,96.8,A,Excellent
8471,14.5,78.8,6.4,83.2,B,Good
32922,25.2,82.1,8.6,100,A,Excellent
109,16.8,81.5,4.9,100,A,Excellent
11133,17.5,100,2.8,76.9,B,Good
30338,20.1,85.6,6.3,79.9,B,Good
16239,22.9,83.5,4.2,100,A,Excellent
35545,10.5,84.7,7,93,A,Excellent
22927,20.3,79.1,4.8,93.1,A,Excellent
9142,13.8,93.8,7.6,92.3,A,Excellent
4663,11,80,6.8,82,B,Good
26723,11.8,80,10,63.1,C,Average
25947,17.3,58.9,6.2,91.7,A,Excellent
4994,19,76.8,6.3,100,A,Excellent
36356,25.3,84.7,6.4,100,A,Excellent
6722,22.6,80.6,6.3,100,A,Excellent
36597,1.2,93.6,4,56.6,C,Poor
15539,14.6,68.8,5,72.1,B,Average
5274,19.9,88.9,2.5,95.3,A,Excellent
19317,11.3,91.4,4.8,89,A,Good
36337,12.3,87.6,9,84.6,B,Good
21263,11.1,90.6,7.8,99.9,A,Excellent
10119,9.7,58.4,5.3,83.3,B,Good
28645,19.2,100,8.8,100,A,Excellent
9855,11,76.2,1.9,67,C,Average
11057,9.1,67.4,2.7,65.5,C,Average
29690,18.3,90.3,7.3,96.2,A,Excellent
10831,25.1,80.6,5.9,100,A,Excellent
15147,6.1,80.8,7.9,72.8,B,Average
8461,9.7,90.1,6.5,67.7,C,Average
30901,14.6,84.9,9,75.6,B,Good
38382,6.2,98.8,5.8,58.8,C,Poor
15853,7.2,83,6.6,65.9,C,Average
6038,3.1,99.3,7.4,66.1,C,Average
8381,15.7,71.7,5.3,96.8,A,Excellent
6205,6.9,78.3,4.6,60.1,C,Average
36914,28.7,90.6,5.8,100,A,Excellent
31376,15.6,80.5,7.5,100,A,Excellent
27215,15.6,83.5,3.5,91.5,A,Excellent
32808,19.5,86.3,7.3,100,A,Excellent
18410,15.7,73,5.1,82.2,B,Good
21370,28.9,71.8,6,100,A,Excellent
28074,11.1,94.9,10,100,A,Excellent
12701,13.7,88.3,10,75.2,B,Good
38743,21.9,73.5,3.1,100,A,Excellent
14044,9.6,90.5,6.8,71.1,B,Average
15198,14.4,90.9,5.7,85,A,Good
11000,13,83.8,5,69.3,C,Average
37133,2.4,90.4,3.3,63.1,C,Average
36820,19.3,95.6,7.5,100,A,Excellent
12636,24.7,89.2,5.9,100,A,Excellent
31886,11.2,77.5,6.2,77.3,B,Good
13827,23.1,74.4,4,97.7,A,Excellent
2805,14.3,87.4,9,86.5,A,Good
39644,4,78.8,3.7,80.6,B,Good
11020,24.2,79.6,9.7,100,A,Excellent
8861,17.1,87.8,6.3,94.5,A,Excellent
332,8.7,87.3,4.5,41.3,D,Poor
35281,26.8,81.6,10,100,A,Excellent
33387,16.4,86,7.9,100,A,Excellent
39871,29.7,84.9,4.5,100,A,Excellent
16776,15.1,89,3.9,75.4,B,Good
29070,23.6,96.6,5.2,100,A,Excellent
26544,17.5,83.1,6.7,100,A,Excellent
11435,3.2,73.9,3.2,43.1,D,Poor
33596,11.3,93.1,2.7,91.8,A,Excellent
35175,10.4,87.4,5.2,69.5,C,Average
34699,8.9,86.2,7.2,80.2,B,Good
34282,14.1,77.9,4.7,83.7,B,Good
28211,12.4,66.7,4.6,87,A,Good
13626,24.7,84.4,7.2,100,A,Excellent
17286,17.1,85.5,6.6,82,B,Good
19433,21.7,79.4,6.9,100,A,Excellent
30704,22.9,71.5,3.2,100,A,Excellent
36156,20.9,83.9,6.9,93.5,A,Excellent
8663,20.6,85,8.9,100,A,Excellent
30222,22.1,71.3,3.7,89,A,Good
1814,21.3,84.6,6,100,A,Excellent
1824,10.4,87.7,6,74.6,B,Average
38566,18.6,98.2,8.3,100,A,Excellent
28557,4.7,80.7,7.3,55.2,C,Poor
39593,13.9,81.2,6.9,84.5,B,Good
11506,15.9,75.3,7.5,83.2,B,Good
6134,15.2,69,3.3,91.1,A,Excellent
782,5.7,91.7,7.8,80.2,B,Good
34944,14.4,78.3,6.2,79.6,B,Good
22297,10,72.5,8.6,76.9,B,Good
14830,9.1,75.2,6.4,66.3,C,Average
35591,13.1,77,8,77.2,B,Good
15115,8.5,74.5,5.1,62.7,C,Average
26290,17.5,100,5.3,89.6,A,Good
3261,13.3,90.2,1,67.7,C,Average
32974,23.2,88.7,4.5,100,A,Excellent
39540,23.3,76.6,4.3,100,A,Excellent
36619,4.4,98.9,5.9,53.4,D,Poor
9792,17.3,79.3,8.1,90.7,A,Excellent
33196,18.4,85.4,4.5,100,A,Excellent
29465,13.2,77.1,4.8,82.7,B,Good
36607,22.1,88.2,4.5,100,A,Excellent
31502,7.9,77.5,5.4,84.5,B,Good
13360,21.9,82.8,7.4,80.9,B,Good
36579,10.8,88,5.3,90.7,A,Excellent
9164,22.5,92.4,6.7,100,A,Excellent
37640,19.8,68.7,5.3,88.7,A,Good
4020,14.4,92.2,2.8,84.9,B,Good
31078,11.2,76.6,3.9,60.9,C,Average
23926,11.2,100,3.1,68.3,C,Average
14646,27.9,95.3,7.2,100,A,Excellent
29808,12.4,91.9,7,79.4,B,Good
14552,16,89.6,6.6,82.4,B,Good
2046,22.8,62.2,8.6,100,A,Excellent
33555,6.1,91.2,5,67.5,C,Average
27114,29.4,82.2,10,100,A,Excellent
28964,12.3,83,5.2,84.3,B,Good
28138,13,88.5,5.4,89.2,A,Good
19982,18.6,85.6,7.6,89.2,A,Good
17119,18.2,78.4,4.1,93.2,A,Excellent
7517,27.5,89.1,4.8,100,A,Excellent
39351,24.4,100,4.8,100,A,Excellent
18959,22.9,80.7,6.5,97.5,A,Excellent
30788,12.6,74.7,6.2,73.4,B,Average
27115,12.5,76.5,7.6,79.4,B,Good
22770,6.9,70.9,6.4,82.4,B,Good
6935,21.2,79.5,5.5,85.8,A,Good
22011,9.4,73.1,2.9,67.8,C,Average
33983,19.4,64.5,6.6,97.2,A,Excellent
34130,11.2,86.9,8.9,76.2,B,Good
14469,2.2,78.7,8.9,49.6,D,Poor
8253,1.8,100,5.3,50.8,D,Poor
37670,22.9,95.2,9.1,100,A,Excellent
156,10,90.3,5.5,92.4,A,Excellent
33739,13.7,75.4,4.5,91,A,Excellent
14182,26.1,76.8,8.1,100,A,Excellent
12931,10,94,1.6,93.7,A,Excellent
31446,6.3,84.5,6.1,59.3,C,Poor
35858,7.7,96.8,4.9,83,B,Good
6958,27.6,77.4,8.7,100,A,Excellent
26667,5.9,89.3,5,62.6,C,Average
11451,10.9,80.3,3.6,73.4,B,Average
34864,13.8,86.5,8.2,94.3,A,Excellent
20724,10.5,100,6.7,67.3,C,Average
37258,19.4,93.8,8.9,100,A,Excellent
31206,18.1,80.9,3.5,87.9,A,Good
29971,19.6,86.3,9.1,99.8,A,Excellent
24505,33.1,75.1,5,100,A,Excellent
32733,14.3,93.9,5,67.4,C,Average
S028,5,57,4,50.5,D,Poor
30749,9.3,77.3,7.1,63.5,C,Average
32481,26.1,98.8,4.8,100,A,Excellent
34737,17.2,93.4,7.5,100,A,Excellent
7692,10.8,95.4,5.8,84.3,B,Good
25584,14,90.3,6.4,88.1,A,Good
34096,0,100,7.2,51.9,D,Poor
1194,17.2,92.3,8,100,A,Excellent
16918,16,88.6,7.3,85.5,A,Good
9854,10.5,72,4.8,71.3,B,Average
30216,8.5,66.1,2.6,65.7,C,Average
13399,10.9,87.9,6.1,71.2,B,Average
36205,11.9,89.6,8.7,76.1,B,Good
14035,11.3,100,6.6,76,B,Good
10017,7.5,77.2,8,83.9,B,Good
8702,10.9,88.5,8.8,71,B,Average
16011,25.6,82.5,8.6,100,A,Excellent
23254,14.8,80.9,4.3,88.9,A,Good
13493,13.4,96.7,2.9,75.4,B,Good
21131,8.2,78.8,4.7,58.3,C,Poor
8143,4.9,71,8.1,61.1,C,Average
1635,12.7,96.3,5.9,89.8,A,Good
25957,27.8,84,5.3,100,A,Excellent
9556,29.1,81.1,4.1,100,A,Excellent
30027,22.3,81.8,6.7,100,A,Excellent
32669,9.9,92.2,8.2,68.6,C,Average
7171,11.6,97,5.3,95.3,A,Excellent
5758,12.7,78.9,7,90.5,A,Excellent
33746,23.8,87.9,5.2,82.4,B,Good
22705,24.4,72.9,6.2,100,A,Excellent
35148,24.2,77.9,5.1,100,A,Excellent
19592,8.3,61.7,4.7,74.3,B,Average
31196,20.6,83.7,2.5,97.4,A,Excellent
23331,29.5,73.4,10,100,A,Excellent
15739,15.5,93.3,8,96.6,A,Excellent
30398,12.7,78.3,10,95.2,A,Excellent
38037,17.6,75.3,6.8,97.7,A,Excellent
39811,10.3,92.5,2.9,64.3,C,Average
32420,22.1,81.9,3,100,A,Excellent
15044,9.1,71.1,8.5,61,C,Average
24172,22.2,74.4,7.5,97.9,A,Excellent
15384,7.2,80.4,4.1,68.3,C,Average
31079,17.4,67.4,8.6,100,A,Excellent
27732,9,81,4.1,79.9,B,Good
2284,8.1,96.1,4.3,83.9,B,Good
3241,15.1,69.7,1.1,83.1,B,Good
21001,32.6,76.6,2.1,100,A,Excellent
24036,16.1,84.8,5.2,84.5,B,Good
3974,15.6,92.3,4.7,86.8,A,Good
23753,17.5,100,8,73.1,B,Average
16368,8.9,68.1,5.1,70.3,B,Average
33589,23.6,62.3,5,100,A,Excellent
34608,16.7,83.9,3.6,100,A,Excellent
34171,14.8,83.4,7.5,80.2,B,Good
7993,26.5,75.8,4.9,100,A,Excellent
1360,16.3,86.5,5.2,80.3,B,Good
1468,17.8,93.2,5.7,90.5,A,Excellent
37454,14.3,81.3,7.3,86.3,A,Good
15095,17.4,97.8,6.8,85.4,A,Good
28679,12,86.6,4.7,91.3,A,Excellent
937,7.9,87.5,4.1,59.6,C,Poor
14907,18.6,95.7,3.1,100,A,Excellent
8234,10.9,90.5,9.5,66.9,C,Average
24906,3.6,100,7.5,60.3,C,Average
30965,16.6,90.3,8.6,96.1,A,Excellent
452,21.7,80.6,8.4,100,A,Excellent
17700,4.2,85.8,7.2,57.5,C,Poor
13858,12.1,87,6.1,61.3,C,Average
S164,17,54,2,67,C,Average
36584,19.5,81.7,10,80.5,B,Good
22223,31.5,89.7,5.3,100,A,Excellent
21293,16.7,91.4,6.7,83.6,B,Good
15728,0,70.1,6.3,62.6,C,Average
4482,17,100,2.3,92.2,A,Excellent
25631,24.4,84.9,2.2,100,A,Excellent
28695,6.4,96.9,4.9,55.5,C,Poor
8870,5.4,83.3,6.7,71.1,B,Average
24572,26.1,87.8,1.6,100,A,Excellent
6094,8.9,85.6,9.9,65.5,C,Average
3107,5.9,92.6,7.8,54.7,D,Poor
4743,15,77.6,5.1,91.6,A,Excellent
11292,21.5,75.5,9.7,100,A,Excellent
39052,20.1,65.2,6.9,91.9,A,Excellent
29135,6,100,10,66.7,C,Average
22478,3.7,67,7.7,49.1,D,Poor
4721,22.1,67.6,7.5,100,A,Excellent
27035,7.4,76.6,5.2,88.6,A,Good
988,21.1,86.6,7.6,100,A,Excellent
29431,3.3,75.5,4.9,65.3,C,Average
36303,11.1,82.7,5.9,66.1,C,Average
28288,11.3,73.1,5.6,64,C,Average
31845,15.2,86.4,3.5,100,A,Excellent
15059,28.4,100,4.2,100,A,Excellent
1185,8.1,83.5,1.1,92.4,A,Excellent
18065,21.9,98,7.6,100,A,Excellent
33134,19.6,84.6,6.2,94.1,A,Excellent
3398,25.4,82.5,0,100,A,Excellent
5306,22.6,86.2,6.7,100,A,Excellent
27284,5.9,89.6,6.8,64.4,C,Average
377,21.1,80.3,7.5,92.2,A,Excellent
25205,18.5,82.2,4.7,91.3,A,Excellent
23036,27,83.4,7.7,100,A,Excellent
12602,14.1,98.5,5.9,100,A,Excellent
15557,20,88.6,7.6,98.9,A,Excellent
3921,28,85.1,5.7,100,A,Excellent
21696,1.2,89.9,7.2,49.2,D,Poor
24133,13.8,88.3,7.6,88.5,A,Good
2435,16.6,69.1,4.9,88.1,A,Good
20019,8.3,94.5,9.8,77.8,B,Good
20626,17.9,85.1,2,100,A,Excellent
35952,14.8,83.6,5.9,87.4,A,Good
6611,19.8,95.9,5.5,96.1,A,Excellent
34538,25.8,100,10,100,A,Excellent
37947,2.4,75.3,8.5,47.9,D,Poor
1760,24.2,91.9,6.3,100,A,Excellent
15238,16.1,87,7.9,91.7,A,Excellent
2543,13.5,85.7,8.3,83.2,B,Good
7449,23.7,57.1,5.3,100,A,Excellent
24074,7.2,90.3,6,63.6,C,Average
33404,10.7,91.4,2.2,82.7,B,Good
2018,1,100,6.5,45.4,D,Poor
24972,9.4,84.4,5.8,73.4,B,Average
31642,10,87.6,5.2,64.8,C,Average
27413,17.2,76.1,5.4,81.2,B,Good
3056,9,100,3.3,63.4,C,Average
37119,14.7,70.2,6.7,67.5,C,Average
18770,16.9,87.8,4.6,82.7,B,Good
9679,17,68.3,5.8,100,A,Excellent
28473,27.3,86.7,4.6,100,A,Excellent
5223,13.4,90.5,7.1,86.5,A,Good
20461,16.4,82,5.6,88.4,A,Good
16790,9.4,86,10,58.8,C,Poor
11358,19.4,84.2,6.7,100,A,Excellent
34420,13.2,84.6,2.6,94.3,A,Excellent
13420,17.3,88.6,6.2,100,A,Excellent
13160,23.1,76.9,2.8,100,A,Excellent
16082,8.2,89.9,5.7,71.2,B,Average
18307,10,73.3,3.8,89.9,A,Good
16883,9.6,100,5.9,88.8,A,Good
9202,11.7,81.7,4.7,76.7,B,Good
38914,13.9,95.4,6,70.6,B,Average
32443,14.6,65.1,7.1,80.3,B,Good
20353,17.1,88.8,6.6,94.3,A,Excellent
4118,1.8,84.8,7,44.7,D,Poor
25461,25.4,78.9,9.2,100,A,Excellent
34519,7.6,99.4,5.2,51.8,D,Poor
13904,9.4,95.5,5.4,47.7,D,Poor
12365,20.2,100,6.7,100,A,Excellent
35158,10.8,69,8.1,75.8,B,Good
29073,26.1,92.4,2.2,100,A,Excellent
34928,6.3,79.1,7.7,45.6,D,Poor
7040,9.5,100,5.7,65,C,Average
17373,16.8,58,9.5,100,A,Excellent
13756,9.1,94.5,4.8,60.6,C,Average
18855,11,78.6,4.3,72,B,Average
33637,9.6,81.2,7.1,83.5,B,Good
33597,17.4,76,6,96.2,A,Excellent
5527,22.8,94.3,6.7,94.8,A,Excellent
16131,16,95.8,6.7,92,A,Excellent
38132,13,86,10,88.2,A,Good
28364,15,81.3,7.7,88.8,A,Good
37830,15,98.7,6.8,98.8,A,Excellent
19511,10.1,75.2,1.2,78,B,Good
7143,15.2,80.8,6.8,96.8,A,Excellent
494,9,90.3,3.4,85.5,A,Good
31681,20.2,74.1,6.3,100,A,Excellent
32269,8.1,97.3,4.2,61.2,C,Average
6178,6.5,54.9,4.5,77,B,Good
16788,23.5,84.5,3.4,100,A,Excellent
8745,29.4,100,4.4,100,A,Excellent
38297,15.4,93.6,5,95,A,Excellent
21639,20.1,77.7,6,100,A,Excellent
20816,15.7,85.8,6.2,89.8,A,Good
39018,15.3,71.6,9.3,75.5,B,Good
20758,14.2,85,6.6,65.6,C,Average
12220,15.9,84.9,10,84.6,B,Good
27624,10.4,91.2,6.8,90.9,A,Excellent
18687,13.7,71.2,6.1,60.9,C,Average
23342,14.3,100,5.9,94.1,A,Excellent
37965,4,86.7,9,63.2,C,Average
15388,20.6,97.3,8,91.6,A,Excellent
18880,4.9,81,5.9,45.8,D,Poor
12827,16.1,89.6,8.8,93.2,A,Excellent
19087,16,85.4,5.3,80.5,B,Good
22981,12.3,100,7.4,73.2,B,Average
26333,22.1,92.9,9.4,100,A,Excellent
11769,15.1,100,9.1,82.6,B,Good
5386,15.2,81.3,4.5,79.3,B,Good
18532,13.6,100,8.4,69.8,C,Average
36969,14.3,94,2.5,86.9,A,Good
5015,15.5,82.2,5.9,100,A,Excellent
32099,15.2,88.4,7,78.1,B,Good
24081,12.1,79.9,4.5,82,B,Good
25492,29.1,80.4,6,100,A,Excellent
37519,21.3,65.9,9.3,100,A,Excellent
36491,19.1,87,4.9,100,A,Excellent
15352,8.8,74.8,2.5,56.7,C,Poor
17406,19.6,92.7,4.1,94.9,A,Excellent
1909,6.6,86.7,5,63.8,C,Average
2454,10,77.8,4,68.4,C,Average
22271,6.3,70.4,8.8,64,C,Average
20281,9.6,89.3,3.1,69.5,C,Average
22747,21.1,82.8,5.7,91.7,A,Excellent
12669,18.5,90.4,5.6,82.5,B,Good
38902,10.8,95.4,7.2,86.4,A,Good
15767,14.9,100,7.2,99.1,A,Excellent
29130,4.3,95.2,3.7,82.4,B,Good
19109,28.7,96.7,3.2,100,A,Excellent
27962,11.2,85.6,5.7,99.8,A,Excellent
38104,8.4,100,8.1,66,C,Average
27564,13.1,74.3,7.8,88.2,A,Good
26499,8.8,78.1,6,63.8,C,Average
14378,28.6,66.9,3.6,100,A,Excellent
15376,17.5,87.5,7.5,85.2,A,Good
13543,10.5,79.9,5.2,75,B,Good
S037,10,57,1,51.5,D,Poor
7173,13.8,76.5,6.3,76.3,B,Good
31687,18.7,80,9.7,71.3,B,Average
24455,13.1,91.8,6.3,65.4,C,Average
24419,11,96.7,6.2,81.1,B,Good
35199,20.4,80,7.6,93.5,A,Excellent
16759,18.6,91.2,3.1,97.3,A,Excellent
38900,11.2,100,6.8,79.8,B,Good
11575,10.9,91.5,6.1,68.3,C,Average
12927,24.4,87.7,8.3,100,A,Excellent
10462,8.1,95.2,4.8,72.5,B,Average
23711,15.5,86.6,8.1,92,A,Excellent
33065,9.5,84,7.4,67.9,C,Average
33498,15.7,80.5,5.8,100,A,Excellent
37153,15.2,83.3,6.5,86.5,A,Good
22451,11.6,82.8,2.7,75.5,B,Good
22537,5.4,84.7,10,37.4,F,Poor
35223,5.7,79.7,7.5,58.9,C,Poor
27246,6.6,85,5.4,63.2,C,Average
6882,14.7,84.6,4.6,93.8,A,Excellent
38381,8.6,83.9,6.8,62.9,C,Average
13777,12.1,77.2,8.5,71.8,B,Average
30084,10.4,77.7,4.6,74.3,B,Average
2865,17.9,88.5,7.9,85.5,A,Good
26106,23.3,66.5,3.7,100,A,Excellent
13652,27.3,80.3,4.5,100,A,Excellent
22130,11.5,63.6,7.1,95.6,A,Excellent
6298,7.1,92.2,7.2,74.4,B,Average
23964,13.5,76.1,7.3,74.7,B,Average
29199,11,91.8,5.8,92.9,A,Excellent
33974,28.6,90.1,7.1,100,A,Excellent
31257,19.9,71.1,9.1,100,A,Excellent
2277,19.8,91.3,7.7,88.6,A,Good
27547,7.8,93.9,5.1,78.4,B,Good
29825,7.5,69.8,3.4,59.3,C,Poor
2753,11.7,94.8,4.5,91.2,A,Excellent
25496,8,65.8,3.9,68.8,C,Average
3642,13.7,80.4,3.8,95.1,A,Excellent
14411,17.2,96,7.3,96.1,A,Excellent
16857,13.7,100,6.6,66.7,C,Average
27531,21,83.6,7.2,100,A,Excellent
30112,18,100,2,90.4,A,Excellent
29959,9.3,85.6,6.9,73.1,B,Average
34108,17.7,75.2,6.9,77.8,B,Good
12340,18.3,87.5,9,88.2,A,Good
8292,30.5,89.3,3.2,100,A,Excellent
11581,14.1,100,7,92.1,A,Excellent
31885,25.2,74.5,3.1,100,A,Excellent
9305,22,85.4,6.5,100,A,Excellent
33004,12.7,90,5.2,75.9,B,Good
28030,10.2,85.4,6.3,81,B,Good
25198,14.4,70.1,3.7,79.5,B,Good
33102,9.5,74.6,8.1,69.7,C,Average
22063,9,67.1,7.3,65.5,C,Average
5032,23.8,89.1,4.9,100,A,Excellent
8405,24.5,84,6.3,100,A,Excellent
2971,1.6,80.9,5.6,57.9,C,Poor
7658,0,73.9,6.6,45.1,D,Poor
39491,17.8,88.9,4.5,89.1,A,Good
3216,27.5,85.4,6.1,100,A,Excellent
3859,9.9,99.5,8.7,68.6,C,Average
24493,2.9,74.9,4.6,41.2,D,Poor
11747,17.9,79.7,9.4,100,A,Excellent
11120,21.8,78.1,4.7,93,A,Excellent
34943,15.9,83.6,0.9,100,A,Excellent
4013,8.1,85.6,5.5,76,B,Good
15471,18.9,81.5,6.8,82.6,B,Good
3881,17.1,92.3,7.8,87.9,A,Good
23002,17.4,78.9,7.7,89.4,A,Good
19907,6.4,93.6,2.2,85,A,Good
10212,17.8,81.8,7.9,84.1,B,Good
27651,10.4,86,4.2,87.7,A,Good
30011,13.1,66.8,4.4,81.5,B,Good
7506,0,100,9.2,53.3,D,Poor
23667,17.5,100,3.4,100,A,Excellent
28732,5.9,83.7,6.4,56.2,C,Poor
26090,26,89.8,5.1,100,A,Excellent
35352,15.8,82.3,3.7,97.6,A,Excellent
31231,30.1,87,6.3,100,A,Excellent
33714,21.3,79.4,3.9,100,A,Excellent
6765,0.1,87.5,3.8,58.1,C,Poor
10802,18.6,81,4.7,92.5,A,Excellent
15607,16.7,84.2,6.5,91.7,A,Excellent
34829,19.1,92.8,6.3,86.7,A,Good
2319,11.1,88,4.6,88.4,A,Good
14659,18.2,66.7,6.1,100,A,Excellent
8410,14.7,86.5,8.7,80.7,B,Good
22507,12.8,87.7,5,86.1,A,Good
3818,14.1,85.6,6.7,83.4,B,Good
26825,11.9,89.1,7,75.8,B,Good
32410,18.6,78.9,7.4,100,A,Excellent
35074,11.8,84.1,9.1,76.9,B,Good
11441,14.9,77.7,4.2,97.6,A,Excellent
12640,12.5,75.8,9.8,74.7,B,Average
10701,11.1,82.4,6.3,77.7,B,Good
13970,7.9,76.9,5.7,81.1,B,Good
11923,15.9,88.3,5.2,100,A,Excellent
25727,16.3,85.2,6.4,98.5,A,Excellent
30130,13,88.7,6.7,62.3,C,Average
9158,19,98.4,5.4,83.5,B,Good
7752,17.2,88.5,4.1,100,A,Excellent
35359,15.5,84.3,4.4,100,A,Excellent
33309,9.1,85.8,4.6,73.5,B,Average
33456,7.9,65.1,4.9,60.6,C,Average
4672,3.6,74.2,7.1,58.4,C,Poor
35059,17.4,94.4,2.7,100,A,Excellent
20266,17.4,96,2.5,97.9,A,Excellent
33032,22.4,95.3,4.6,99.3,A,Excellent
14634,11.3,80.5,8,75.8,B,Good
28887,7.5,86.7,6.8,65.4,C,Average
7216,18.9,77.9,4.4,90.2,A,Excellent
32466,18.5,71.6,6,94.7,A,Excellent
23168,6.3,82.1,5.3,80.6,B,Good
27263,7.7,78.1,6.6,69.7,C,Average
13960,15.3,91.5,6.3,85.1,A,Good
33400,8.3,86.6,6.5,83.1,B,Good
39410,16.5,82.6,5.2,91.7,A,Excellent
6901,21.6,87.6,4.4,100,A,Excellent
28509,25.5,68.9,0.7,100,A,Excellent
5057,20,100,6.4,88.7,A,Good
17571,29.4,84.5,5.8,100,A,Excellent
36039,13.3,93.7,5.4,85.9,A,Good
508,9,92.6,6.7,64.6,C,Average
35663,4.2,79.9,3.9,58,C,Poor
8637,23.9,82.3,8,100,A,Excellent
12138,15.5,92.8,6.2,91.6,A,Excellent
12264,11.1,92,3,74.1,B,Average
36392,10.3,79.6,8,82.8,B,Good
31094,26.2,91,9.9,100,A,Excellent
5067,15.2,88.3,6.9,98.9,A,Excellent
5182,11.9,74.7,5.5,72.3,B,Average
25729,14.7,96.3,7.6,93.8,A,Excellent
23423,9.6,76.6,7.5,75.2,B,Good
5291,26,68,7,100,A,Excellent
23327,5,66,5.8,66.7,C,Average
29416,1.2,100,7.7,43,D,Poor
10060,4.9,84.9,8.2,59.2,C,Poor
17698,14.3,82.8,5.1,93.6,A,Excellent
38732,17.1,84.3,7.1,90.1,A,Excellent
16040,14.3,76.7,6,93.6,A,Excellent
9024,21.2,100,8.6,100,A,Excellent
34407,24,86.6,5.9,100,A,Excellent
34981,26.6,83.9,5.7,100,A,Excellent
5492,22.2,87.6,8.1,100,A,Excellent
838,8,68.7,9.8,100,A,Excellent
21018,17.5,100,4.2,81.9,B,Good
10204,15.4,79.4,6.5,100,A,Excellent
2270,14.4,100,5.2,89.8,A,Good
37988,31.9,76.1,9,100,A,Excellent
38549,14.9,80.2,5.5,77.9,B,Good
8985,13.4,80.3,9.8,99.6,A,Excellent
1192,5.7,76.5,7.4,72.8,B,Average
34089,19.1,83.9,5.2,99.3,A,Excellent
33845,14.3,85.5,4.8,82.8,B,Good
13003,3.7,99.7,6.3,49,D,Poor
32213,11,100,3.6,94.2,A,Excellent
1965,18.9,71.9,6,87.2,A,Good
13921,21.3,71.3,5.4,100,A,Excellent
13353,21.4,85.5,9.2,100,A,Excellent
4557,8,88.8,4.4,68.8,C,Average
38889,23.2,93.9,10,100,A,Excellent
26939,16,89.7,6.3,84.1,B,Good
39167,15.9,80.8,4.5,68.4,C,Average
6885,16.3,87.2,5.7,87.4,A,Good
29872,0.8,85,6.1,67.1,C,Average
26215,26.2,87.2,10,100,A,Excellent
7372,15.4,87.2,5.5,94.6,A,Excellent
9393,13.5,83.2,4.2,96.7,A,Excellent
35373,17.8,90,9.8,89.6,A,Good
29585,18.5,93.7,6.1,94.9,A,Excellent
25333,12.7,80.9,6.3,100,A,Excellent
15929,13.9,83.5,3,78.2,B,Good
24285,4.8,97.2,4.8,50.2,D,Poor
10253,18.7,65.6,5.9,73.4,B,Average
29795,26.6,88.3,7.3,100,A,Excellent
14965,15.7,94.3,5.8,95.6,A,Excellent
30411,11.3,92.6,8.3,63.9,C,Average
S088,17,60,9,91,A+,Excellent
22509,1.7,85.8,5.6,58.7,C,Poor
20112,16.1,80.4,7.1,100,A,Excellent
14017,21.5,87.5,6.9,100,A,Excellent
1961,14.6,75.1,3.4,75.6,B,Good
15022,15.9,89.2,7.3,96.4,A,Excellent
24028,9.9,76.5,5.6,72.1,B,Average
36240,17.3,86.6,8.4,91.2,A,Excellent
36311,10.8,78.6,5.7,87.4,A,Good
22346,26.7,97.6,10,100,A,Excellent
17028,14.1,79.7,6,89.7,A,Good
14661,19.3,87.7,4,92.5,A,Excellent
37034,4.1,88.3,6.8,61.1,C,Average
4425,8.7,61.6,7.2,63.3,C,Average
26623,15.3,89.7,6.2,83,B,Good
37527,15.4,76.3,4.7,69.7,C,Average
6428,25.5,82.6,4.5,100,A,Excellent
18210,25.3,92.1,7.7,100,A,Excellent
10413,7.5,73.6,4.5,91.3,A,Excellent
11722,8,86,4.8,94.9,A,Excellent
10194,14.9,89.4,3.1,99.2,A,Excellent
5933,15.7,88.8,4.4,91.4,A,Excellent
14094,12.2,96.6,3.9,84,B,Good
9651,22.9,73.9,4.1,100,A,Excellent
22114,11.3,96.8,4.6,85.8,A,Good
22848,15.8,74.8,4.6,92.9,A,Excellent
24991,12.7,97.2,5.4,83.6,B,Good
27791,34.4,90.4,2.1,100,A,Excellent
4291,18.6,83.8,5.2,100,A,Excellent
5956,21,69.2,4.7,98.8,A,Excellent
30000,13.4,88,3.5,89.4,A,Good
23999,16.4,86.3,6,76.1,B,Good
4332,6.9,90.4,8.2,60,C,Average
34349,20.1,91.8,9.7,100,A,Excellent
1878,13.5,82.3,5.3,78.5,B,Good
21407,16.6,88.4,4.2,98.4,A,Excellent
25243,14.2,80.3,6,99.5,A,Excellent
5453,26.9,92.1,5.3,100,A,Excellent
19675,0,98.6,3.5,30.5,F,Poor
S009,5,85,4,64.5,C,Average
1441,19.6,87.7,7.2,97,A,Excellent
22493,27.6,74.6,8.6,100,A,Excellent
26091,19.6,84.5,5.4,98.9,A,Excellent
37062,12.4,87.7,5.8,74.7,B,Average
28496,6.8,78.6,5.1,67.6,C,Average
28511,17.5,91,3.2,76.3,B,Good
21627,22.6,93.3,4.1,100,A,Excellent
339,17.9,78.4,5.8,99.9,A,Excellent
15991,6.3,94.5,6.7,71.3,B,Average
21457,8.2,85.8,9.5,82,B,Good
19398,13.3,74.6,5.6,74.5,B,Average
8433,10.5,100,5.3,72.7,B,Average
30669,6.4,79.7,6.6,59.9,C,Poor
8936,14.7,94.1,5.8,99.4,A,Excellent
38788,9.1,77.5,4.8,100,A,Excellent
20820,23.1,72.8,4.9,100,A,Excellent
13193,11.4,67.3,6.2,63.2,C,Average
13643,4.4,77,3,65.4,C,Average
3427,16.8,84.2,5.2,100,A,Excellent
13443,15.4,80.4,10,89.1,A,Good
20580,11.1,80.8,9,92.1,A,Excellent
19763,25.9,82.2,9.3,100,A,Excellent
17773,3.8,96.1,4.2,68.3,C,Average
33724,1.6,73.9,4.8,65.9,C,Average
24938,12.3,70.8,4.9,75.2,B,Good
18407,24.3,79.6,7.6,100,A,Excellent
27683,16.4,80.4,6.1,69.8,C,Average
38673,18.5,100,3.7,100,A,Excellent
36906,14.6,99.9,8.1,68.5,C,Average
8140,17.4,74.2,6.7,100,A,Excellent
11646,20,88.6,10,100,A,Excellent
34902,17,83.7,3.7,92.1,A,Excellent
19316,14.9,100,6.5,88.1,A,Good
9336,13.7,76.7,6.5,92.2,A,Excellent
8676,21.3,92.4,8.7,99.9,A,Excellent
9350,12.7,98.4,2.5,83.4,B,Good
39531,14.2,81.3,7,75.2,B,Good
11301,16.5,86.2,4.4,79,B,Good
27369,25.2,87.6,8,100,A,Excellent
12656,26.3,81.3,5.1,100,A,Excellent
16816,11.8,95.3,4.7,92.9,A,Excellent
23005,20.9,97,3.1,100,A,Excellent
230,19.8,84.4,7.6,100,A,Excellent
34200,17.5,100,9.1,100,A,Excellent
15394,12.5,72.6,3.8,84.9,B,Good
30392,13.4,77.7,5.7,100,A,Excellent
10141,13.7,85.6,5.1,97.4,A,Excellent
25201,12.8,92,3.1,64.7,C,Average
29473,16.2,88.3,6.4,91.7,A,Excellent
33825,10.4,75.9,7.7,71.6,B,Average
13270,15.2,79,4.6,67.5,C,Average
15606,14.1,83.6,4.4,99.8,A,Excellent
11140,13.7,80.1,5.3,71,B,Average
12214,23.6,71.1,7.7,100,A,Excellent
9548,20.2,76.3,3.1,92.7,A,Excellent
25776,20.4,94.2,5.9,100,A,Excellent
11976,5.4,91.7,5.5,64.7,C,Average
22907,29.8,75.3,7.2,100,A,Excellent
12324,12.1,81.6,3.3,62.4,C,Average
19913,24.6,80.5,6.4,100,A,Excellent
15896,10.8,92.3,6.5,80.2,B,Good
20728,22.2,80.3,4.9,90.9,A,Excellent
37910,0,81.4,3.9,44.3,D,Poor
13539,8,77.7,2.4,63.6,C,Average
13717,21.6,84.2,6.2,100,A,Excellent
12188,12,100,5,79.3,B,Good
35778,7.2,80.5,5,49.3,D,Poor
25988,15.6,84.8,8,83.8,B,Good
18453,9.6,77.8,3.8,69.4,C,Average
7016,17.8,72,7.7,73.7,B,Average
19059,31.5,67.3,4.1,100,A,Excellent
23587,16.4,100,3.4,82.2,B,Good
35230,23.7,97.6,6.4,87.3,A,Good
19787,23.6,81.8,5.4,100,A,Excellent
1076,11.5,86.2,6.3,81,B,Good
10208,4.4,75.7,4.2,40.9,D,Poor
6260,12.7,75.3,6.7,82.3,B,Good
4532,21.6,80.6,6,100,A,Excellent
39132,16,77.9,7.8,95.2,A,Excellent
31327,5,100,3.6,62.1,C,Average
1875,24.2,89.7,7.7,100,A,Excellent
33327,21.7,93.6,7.3,100,A,Excellent
36403,19.9,96.3,7.5,92.8,A,Excellent
36523,25.7,82.8,6,100,A,Excellent
20997,25.2,86,2.4,100,A,Excellent
24784,15.4,95.5,3.8,100,A,Excellent
9376,7.8,99,6.6,77.8,B,Good
38830,23.7,82,8.6,100,A,Excellent
33144,9.9,96.2,2.8,58.8,C,Poor
29078,11.2,75.8,6.6,76.8,B,Good
552,13.9,86.3,5.6,87,A,Good
27525,8.9,90.7,3.3,74.5,B,Average
25264,0.9,100,7.8,55.8,C,Poor
30639,21.3,100,7.3,100,A,Excellent
29722,14.4,77.5,6.6,70.1,B,Average
36959,12.3,89.7,7.4,100,A,Excellent
12319,23.2,77.6,5.1,100,A,Excellent
26752,30.5,81.9,5.8,100,A,Excellent
36369,24.9,74.8,6.9,100,A,Excellent
29424,21,85.4,5.2,100,A,Excellent
4536,10.5,92,6.5,78.8,B,Good
38410,18.7,100,2.6,93.3,A,Excellent
24177,26.6,71.2,6.5,100,A,Excellent
23104,25.9,99.5,10,100,A,Excellent
36577,8.9,83.8,5.9,82.9,B,Good
8585,13.1,93.1,5.9,74.6,B,Average
5170,7.1,89.4,3.7,76.8,B,Good
36539,27.1,93,5.3,100,A,Excellent
8072,19.7,79.2,3.1,94.7,A,Excellent
2984,17,88.1,9.6,86.5,A,Good
12203,5.8,98.5,4.4,63.6,C,Average
38584,4.5,68.3,7.8,56,C,Poor
5992,17.1,88.1,9.2,100,A,Excellent
5325,16.4,85.7,3.5,83.8,B,Good
38745,18.4,90.7,7.3,84.7,B,Good
26063,7.5,76.9,6.4,90.9,A,Excellent
7362,19.6,87.7,5.8,91.6,A,Excellent
2713,18.5,71.3,5.3,93.7,A,Excellent
13991,6,91.5,4.8,70.4,B,Average
28161,6.4,78.9,8.2,77.9,B,Good
20045,9.3,80.9,3.8,71.8,B,Average
8563,21.5,92.8,6,100,A,Excellent
16881,8.2,98.9,3,73.1,B,Average
20799,10.4,80.6,5.5,82.3,B,Good
5186,1.3,85.7,3.7,70.3,B,Average
32868,17,82.6,6,88.1,A,Good
6071,19,80.1,3.9,100,A,Excellent
34598,8.6,88.6,3.9,79.5,B,Good
34559,6.9,79.3,6.8,71.4,B,Average
16134,0.4,75.6,4.3,46.7,D,Poor
30888,31.8,84.7,7.9,100,A,Excellent
574,13.5,79.3,6.5,89,A,Good
1196,18.1,74.9,7,100,A,Excellent
34567,14.9,99.1,6.8,89.7,A,Good
23903,21,67.9,2.3,100,A,Excellent
20392,4,83.9,6.6,52.9,D,Poor
15055,13.6,84.2,6.3,83.2,B,Good
13039,19.9,75.9,3.8,100,A,Excellent
11183,20.3,100,4.8,100,A,Excellent
21317,21.5,97.8,7.7,90.4,A,Excellent
12308,22.3,85.4,5.6,100,A,Excellent
39697,12.9,74.6,7.2,87.1,A,Good
5408,23.1,93.9,8.9,100,A,Excellent
17092,18.7,80.9,4.3,95.4,A,Excellent
10676,11.4,96.1,6.7,75.3,B,Good
18350,9.2,79.6,3.8,55.8,C,Poor
6851,7.2,92,6.7,55,C,Poor
2030,11.6,85.1,4.9,61.1,C,Average
23215,21.1,82.7,8,100,A,Excellent
36060,11.9,53,7,92.8,A,Excellent
13990,5.7,92.8,4.3,48.3,D,Poor
7445,2.5,95.4,4.4,56.7,C,Poor
7127,15.2,84.9,6.8,100,A,Excellent
38087,12.8,90.1,5.1,69.2,C,Average
23728,15.7,80.6,0.9,84.8,B,Good
28277,12.3,90.3,9.9,97.6,A,Excellent
6396,20.7,78.8,4.2,93.5,A,Excellent
19652,17.7,82.2,6.3,92.5,A,Excellent
38069,24.8,61.4,6.2,100,A,Excellent
28573,12.6,89,6.9,63.3,C,Average
28755,21.1,100,5.6,100,A,Excellent
1442,23.2,89.9,1.7,100,A,Excellent
34838,18.6,88.5,6.2,100,A,Excellent
1667,8,87.4,4.5,82.8,B,Good
12081,23.8,93.2,7.7,100,A,Excellent
29909,19.7,88.7,2,100,A,Excellent
609,2.5,94,7.6,51.9,D,Poor
20739,16.8,74.5,6.3,83.9,B,Good
23365,23.1,78.9,3.9,90.4,A,Excellent
1935,33.5,74.4,9.6,100,A,Excellent
22247,27.4,86.5,8.9,100,A,Excellent
393,5.8,88,4.8,63.1,C,Average
23216,10.9,85.2,9.9,71.5,B,Average
33968,17.7,98.9,3.4,100,A,Excellent
22759,7.4,66.7,6.3,59.5,C,Poor
28691,0,94.9,6.9,50.2,D,Poor
7879,10.9,91,3.3,78.4,B,Good
16,11.1,87.4,3.9,73.5,B,Average
39365,15.5,84.4,2.4,86.7,A,Good
9435,25.8,86.4,3.4,100,A,Excellent
32127,22.9,94,3.9,100,A,Excellent
26739,23,72.1,6.7,100,A,Excellent
33075,16.7,100,5.7,69.6,C,Average
26203,4.3,78.8,10,41.2,D,Poor
10742,16,79.5,3.9,89.9,A,Good
22439,27.3,96.4,4.9,100,A,Excellent
1031,13.2,85.6,3,74.7,B,Average
35201,5,92.5,2.9,55.6,C,Poor
26975,14.2,84,4,79.1,B,Good
7584,24.6,67.6,7.5,100,A,Excellent
13636,17.6,84.8,10,90.1,A,Excellent
36588,13.3,74.9,6.4,95.4,A,Excellent
14472,12.4,88.5,9,72.6,B,Average
22373,5.9,100,4.8,46,D,Poor
16846,17.3,100,8.3,89.1,A,Good
10281,17.4,80.9,7,85.6,A,Good
31388,25.9,76.7,9.6,100,A,Excellent
26084,21.3,82.9,6.3,94.8,A,Excellent
32185,4.6,100,5.2,70.6,B,Average
9561,12.8,91.4,5.6,69.3,C,Average
28517,10.6,72.9,6.3,79.8,B,Good
17020,16.1,98.8,7.1,97.5,A,Excellent
18356,27.9,80.3,5.1,100,A,Excellent
18552,14.9,97.8,9.2,92.4,A,Excellent
27550,6.3,81,6.9,66.4,C,Average
34020,27.5,76.5,6.1,100,A,Excellent
31526,5.4,91.1,6,56.9,C,Poor
31140,16.5,92.3,5.4,91.4,A,Excellent
32990,0,86.7,7.5,62,C,Average
19625,16.8,89.9,2.9,92.6,A,Excellent
30141,18.5,75.3,6.8,100,A,Excellent
9594,23,81.5,6,95.9,A,Excellent
8327,13.9,86.1,3.5,79,B,Good
3456,29.4,79.1,3,100,A,Excellent
13323,24.6,84.7,10,100,A,Excellent
21109,16.3,88.1,7.4,91.1,A,Excellent
11594,24.1,86.3,3.6,100,A,Excellent
12118,18.4,94.1,8,89.4,A,Good
17828,20.1,61.2,7.4,94.4,A,Excellent
13772,1.1,100,3.3,65.5,C,Average
12234,14.5,88.9,4.9,85.1,A,Good
15053,8.3,66.7,3.1,54.4,D,Poor
32198,23.6,95.2,5.8,99.8,A,Excellent
10498,15.6,64.2,3.4,94.5,A,Excellent
15215,17.6,94,4,71.9,B,Average
21736,7.8,69.6,5.4,64,C,Average
10205,15,86,9.1,88.6,A,Good
29717,25.4,89.2,5.3,100,A,Excellent
19966,21.6,99.2,8.4,100,A,Excellent
33130,18.3,84.8,8.2,92.8,A,Excellent
1506,11.8,86.8,5.5,50.6,D,Poor
12255,3.2,90.2,6,40.1,D,Poor
29823,19.8,77.7,6,99.9,A,Excellent
22398,22.6,90.7,5.1,100,A,Excellent
8728,21.3,91.5,5.9,95.5,A,Excellent
S177,5,57,4,50.5,D,Poor
9522,28.9,69.5,5.3,100,A,Excellent
1478,17.9,79.7,2.8,78.6,B,Good
39245,14.9,95.6,10,100,A,Excellent
17790,3.3,90.3,6,80.1,B,Good
33146,8.5,78.5,3.5,60.6,C,Average
14290,23.9,82.5,4.8,100,A,Excellent
8031,12.1,92,2.9,81.6,B,Good
27401,9.9,82.1,7.5,74.8,B,Average
31190,23.3,66.5,4.2,100,A,Excellent
8699,14.3,67.1,8.1,67.2,C,Average
11283,12.8,72.1,6,68.9,C,Average
8518,24,79.4,5.1,86.3,A,Good
30393,6.2,77.5,9.3,55.8,C,Poor
11351,5.6,90,9.3,79.3,B,Good
4007,0,80,3.2,50.7,D,Poor
28375,10.9,84.7,3.4,69.7,C,Average
22689,5.7,93.3,2.8,52.4,D,Poor
10163,17,65,6,73.8,B,Average
10285,15.9,89.4,5.6,100,A,Excellent
22111,23.3,84.2,6.9,100,A,Excellent
13761,28.3,72.5,8.1,100,A,Excellent
12224,18.1,74.2,2.9,91.6,A,Excellent
36475,17.6,89.9,5.9,97.1,A,Excellent
33784,5.4,91.2,4.5,73.5,B,Average
27740,19.3,85.9,6.3,87.7,A,Good
11606,7.5,84.9,8.4,55.7,C,Poor
35837,17.5,94.7,8.5,100,A,Excellent
17118,19.3,100,5.9,89.9,A,Good
23915,10.1,81,7.5,67.6,C,Average
6366,27.5,89.5,8.9,100,A,Excellent
7527,22.1,70.3,6.6,100,A,Excellent
19471,7.8,84.7,0.6,79.4,B,Good
16251,15.1,83.7,4.8,86.9,A,Good
23914,17.8,94.1,6.4,85.6,A,Good
35816,19.6,96.7,5.8,100,A,Excellent
36256,18.5,74.7,5.7,89.8,A,Good
23469,22,79.3,3.6,100,A,Excellent
16699,22.5,88,8.4,100,A,Excellent
26984,13.5,92.9,7,89.2,A,Good
34564,0,94,4.1,33.3,F,Poor
29712,1.2,88.8,9.6,44.4,D,Poor
14575,11.6,100,4.2,91.5,A,Excellent
24094,4.6,100,5.5,49.3,D,Poor
12962,22.3,91.7,2.7,100,A,Excellent
2238,8.3,87.9,4.4,73.9,B,Average
32192,18.6,92.1,6.3,97.1,A,Excellent
36920,21.2,100,6,98,A,Excellent
633,13.9,80,7.2,89.4,A,Good
1882,26.3,73.9,6.4,100,A,Excellent
33092,15.8,56.3,5.2,96,A,Excellent
22236,11.1,67.7,8.1,68.9,C,Average
7622,11.5,87.4,4.5,73.3,B,Average
25216,19.8,98.5,4.6,97.3,A,Excellent
17318,15.6,92.2,5.1,93.3,A,Excellent
479,36.6,77.7,5.2,100,A,Excellent
28630,16.1,90.6,9.1,96.9,A,Excellent
29768,22,75.2,5.8,100,A,Excellent
13694,11.2,65.4,4.4,54.8,D,Poor
12681,18.4,81.8,9.1,100,A,Excellent
39882,8,82,7,86.4,A,Good
2089,11.8,84.1,7.3,77.2,B,Good
26519,18.2,83.2,4.8,100,A,Excellent
30148,23.4,61,6.8,100,A,Excellent
17553,11.6,75.1,3,82.1,B,Good
6924,10,82.8,6.8,69.9,C,Average
11985,19.5,76.7,8.6,76.1,B,Good
1466,19.1,79.3,8.5,94,A,Excellent
2560,21.5,78.6,4.1,100,A,Excellent
39748,16.2,88.1,2.2,99.8,A,Excellent
38541,0,73.7,4.7,42.4,D,Poor
35803,8.7,80.8,6,61.1,C,Average
31749,24.3,98.5,8.5,97.3,A,Excellent
13562,16.2,84.3,8.2,83.5,B,Good
14293,9,98.8,5.3,61.8,C,Average
2290,25,80.8,7.1,100,A,Excellent
28094,13.8,71.1,2.9,62.6,C,Average
22577,9,75.6,5.4,79.8,B,Good
6840,13.2,58.9,7.1,93.7,A,Excellent
23183,4.4,91.7,6.1,50.6,D,Poor
33999,17.6,92.7,3.8,83.8,B,Good
23523,5.3,88.5,7.3,46.6,D,Poor
9162,14.3,77.2,7.8,76.5,B,Good
24030,18.5,83,4.6,100,A,Excellent
21681,1.6,89.3,6,57.2,C,Poor
32744,17.7,76.6,6.3,100,A,Excellent
7403,14.2,88.3,7.7,87.5,A,Good
7191,16.1,77.8,6.6,100,A,Excellent
18912,0,90.6,8.4,68,C,Average
34088,14.6,73.7,4.7,95.3,A,Excellent
8106,1.1,92.2,2,46.5,D,Poor
24100,2.7,78.9,8.3,71.3,B,Average
11756,23.6,80.7,4.7,100,A,Excellent
15986,21.2,87.8,4.7,100,A,Excellent
27710,10,94.3,9,70.1,B,Average
4169,21.9,85,3.6,100,A,Excellent
18700,7.6,81.4,9,58.8,C,Poor
14666,20.6,56.9,8.2,99.3,A,Excellent
10310,20,95.6,4.2,95.6,A,Excellent
6259,8,90.2,4.4,70.5,B,Average
20436,15.1,93.2,5,96.5,A,Excellent
2188,13.1,65.4,6.3,96,A,Excellent
3115,17.7,72.7,1.8,94.1,A,Excellent
36031,17.8,91.1,6.5,91,A,Excellent
7540,12.8,87.5,6.1,84.5,B,Good
28550,18.9,100,5.6,84.3,B,Good
20471,23.9,79.8,5.8,100,A,Excellent
8535,23.9,71.6,5.5,100,A,Excellent
21408,7.7,76.1,5.2,56,C,Poor
10014,11.7,91.8,5.8,86.4,A,Good
17768,15.4,71.2,6.2,83.9,B,Good
10974,18.5,91.5,5,98.6,A,Excellent
327,23.1,81.6,3.7,98.6,A,Excellent
33601,21.6,73.5,4.3,92.4,A,Excellent
21198,16.7,84.8,6.2,100,A,Excellent
1489,4.3,73.1,6.8,54.7,D,Poor
11492,16.3,82.7,8.9,67.1,C,Average
3647,16.8,68,6.4,90.4,A,Excellent
24933,24.8,84.9,5.4,100,A,Excellent
24597,22.2,84.8,4.6,89,A,Good
14149,20.1,99.1,7.4,100,A,Excellent
38884,8.8,82.4,4.4,73.3,B,Average
16116,25.7,80.9,5.6,100,A,Excellent
33473,12.9,88,8.5,90.4,A,Excellent
5141,11,82.1,4.7,94.6,A,Excellent
39769,23.5,82.9,2,100,A,Excellent
14392,23.4,92.9,5,100,A,Excellent
36084,9.8,91.5,7.7,61.8,C,Average
34484,5.6,88.2,10,45,D,Poor
36182,14.3,83,2.7,100,A,Excellent
17512,27.8,94,4.5,100,A,Excellent
22254,11.8,79.6,5.8,78.1,B,Good
13011,22.5,88.4,2.8,96,A,Excellent
9123,19.8,76.5,5.1,100,A,Excellent
15163,0,86.7,8.2,56.9,C,Poor
36484,22.3,74.7,10,89.9,A,Good
22151,0.9,100,3.8,51.2,D,Poor
19524,27,98.4,5,100,A,Excellent
37741,22.1,88.7,7.3,100,A,Excellent
6206,26.1,59.5,4.8,100,A,Excellent
30491,17.5,88.5,5,100,A,Excellent
29482,13.3,83.4,8.1,74.1,B,Average
2127,6.7,87.1,8.1,73.3,B,Average
5538,12.5,98,6.1,88.6,A,Good
35081,20.4,100,9.5,88.4,A,Good
37425,15,81.2,7.2,82.1,B,Good
6167,23,100,7,100,A,Excellent
22535,11.6,88.8,7.9,91,A,Excellent
2133,19.7,89.8,6,95.8,A,Excellent
17291,27.1,98.2,3.4,100,A,Excellent
37869,13.1,63.8,2.9,87.3,A,Good
8528,16.5,79.4,4.8,100,A,Excellent
11728,24.5,100,2.5,100,A,Excellent
18922,15.6,93.5,7.1,84.4,B,Good
9849,9.2,86.7,3.1,63.4,C,Average
4626,23.8,76.3,4.1,100,A,Excellent
40,16.4,76.5,2.6,84,B,Good
24921,12.6,73,6,79.8,B,Good
24001,10.3,100,4.9,75.7,B,Good
18588,9.8,84.5,6.1,77.4,B,Good
18849,1.5,80.6,5.3,63.8,C,Average
32859,11.4,100,7.6,72.5,B,Average
33752,27.7,84.9,8.3,100,A,Excellent
5804,27.7,75.3,3.7,100,A,Excellent
32395,0,87.4,7.4,40.3,D,Poor
4012,5.2,90.2,5,54.8,D,Poor
39102,29.8,76.3,6.3,100,A,Excellent
8548,23.3,64.5,7.6,95.3,A,Excellent
6245,10.8,84,5.8,58.9,C,Poor
8630,10.2,81.7,8.2,71.3,B,Average
17767,17.6,78.4,5.9,84.4,B,Good
36439,14.6,90.2,6.7,67.9,C,Average
23712,17,78.1,6.8,100,A,Excellent
21021,9.5,83.2,9.1,60.4,C,Average
19454,4.1,81.6,4.4,57,C,Poor
23121,5.1,79.5,8.3,46.6,D,Poor
30085,12,91.5,10,77.1,B,Good
33725,10.1,68.6,7.2,60.8,C,Average
35455,8.5,89.8,5.9,75.9,B,Good
32177,22.5,78.8,7.5,97.9,A,Excellent
5377,33,73.3,5.8,100,A,Excellent
10570,26.4,79.8,6.5,100,A,Excellent
19918,9.5,75.9,4.2,82.1,B,Good
18452,20.3,87.5,4.9,90.2,A,Excellent
5822,16.9,96,9.4,91.8,A,Excellent
35110,9.2,72.2,9.5,97.5,A,Excellent
19882,19.8,83.7,7.3,100,A,Excellent
2760,19.4,86.9,3.8,100,A,Excellent
13819,18.1,78.9,4.8,100,A,Excellent
26881,13,82,5.9,91.2,A,Excellent
35137,11.1,76.2,7,84.2,B,Good
24731,10.7,80.5,4,76.9,B,Good
37926,9.7,78.2,7.1,88.3,A,Good
16943,9.5,81.4,3.6,49.4,D,Poor
9208,2.1,85.3,3.6,51.1,D,Poor
5482,18.2,91,9.4,91.3,A,Excellent
10415,15,94.2,6.4,65.8,C,Average
29083,11.5,81,1.3,79.9,B,Good
19425,17.3,85.2,3.6,87.5,A,Good
12502,7.9,100,6,72.3,B,Average
22514,15.6,92.4,6.4,93.1,A,Excellent
6974,23.1,97.7,6.1,100,A,Excellent
29257,26.3,89.2,6.1,100,A,Excellent
28748,14.6,72.8,5,79.9,B,Good
16177,4.8,82.3,5.9,61.7,C,Average
4716,14.7,91.4,8.2,86.4,A,Good
3773,9.5,68.1,5,76.4,B,Good
23298,17.6,93.7,8.9,100,A,Excellent
35767,18.7,75.6,5.9,96.1,A,Excellent
27918,19.7,79.8,2.8,98.4,A,Excellent
22178,19.1,94.8,3.8,98.2,A,Excellent
25696,17.1,78.2,6.3,100,A,Excellent
S126,4,58,3,46,D,Poor
38843,5.6,72.4,4,57.4,C,Poor
4779,7.3,80.5,3.8,68.3,C,Average
35149,6.5,90.1,5.8,50.9,D,Poor
14804,15.3,79.1,9.5,92.1,A,Excellent
30273,13.8,87.5,3.3,81.7,B,Good
17507,16.8,93.9,8.7,86.4,A,Good
3643,8.1,68,4.6,64.3,C,Average
11549,25.2,100,6.2,100,A,Excellent
36520,9.9,100,5.9,71.7,B,Average
34072,4.7,100,3.1,45.4,D,Poor
576,0,82.6,8.4,61.9,C,Average
27612,19.6,87.3,3.6,86.1,A,Good
2327,7.4,66.1,4.5,69.8,C,Average
29441,22.3,85.7,7.6,84.5,B,Good
11376,3.2,91.7,7.3,49.6,D,Poor
35890,15.9,82,9,100,A,Excellent
12472,7.7,93.6,5.7,70.3,B,Average
9709,5.6,80.2,4.5,77.6,B,Good
13192,9.6,90.8,6,69.7,C,Average
24315,18.6,75.4,4.8,100,A,Excellent
10100,10.9,79.1,5,72,B,Average
24813,4.3,89.3,4.9,64.3,C,Average
25960,7.5,75.9,3.3,52.8,D,Poor
2200,18.4,96.8,1.8,100,A,Excellent
33191,2.7,59.8,5.2,52.8,D,Poor
6461,12.3,79.3,6.5,85.8,A,Good
38540,21.2,87.5,5.4,100,A,Excellent
3620,21.3,86.2,6.2,100,A,Excellent
33966,18,71.5,6.1,94.6,A,Excellent
14368,12.6,66,7.8,69.5,C,Average
15131,11.7,75.3,7.2,73.4,B,Average
29432,27.6,91.2,6.2,100,A,Excellent
26710,24.4,85,5.5,100,A,Excellent
36247,13.7,84.5,7,80.6,B,Good
33048,12.4,86.7,3.9,63.4,C,Average
36372,14.8,67.3,9,100,A,Excellent
5552,17.8,80,7.5,74.2,B,Average
12098,10.8,80.2,5.3,76.5,B,Good
4004,18.3,89.1,5,88.3,A,Good
5095,14.2,75.9,5.9,83.2,B,Good
3840,12.8,65.5,6.3,76.6,B,Good
32539,22.7,78.6,2.4,100,A,Excellent
39229,8.2,70.6,5.9,57,C,Poor
31408,25.1,83.6,6.1,100,A,Excellent
21945,9.3,77.2,6.3,75,B,Good
23544,4.5,96,8.8,40.5,D,Poor
12997,14.5,95,7.1,83.8,B,Good
10484,19.3,96.5,4.5,92.3,A,Excellent
23684,10.7,74.9,2.2,82.3,B,Good
27796,23.1,100,4.1,98.7,A,Excellent
533,14.5,100,4.7,81.3,B,Good
23718,5,100,3.1,69,C,Average
7038,8.5,76.2,5.3,79.9,B,Good
14991,24.5,68.5,6.3,100,A,Excellent
30435,9.9,87,3.7,73.9,B,Average
12238,9.7,89.1,3.9,70.4,B,Average
18080,15.7,77.6,7,88.2,A,Good
12624,14.7,93.2,10,100,A,Excellent
23640,6.4,86.9,7.5,73,B,Average
8010,22.2,81.2,8.1,100,A,Excellent
35654,27.5,98.7,4.3,100,A,Excellent
6383,11.4,93.5,6.6,85.8,A,Good
19206,12.5,72.5,8.1,83.7,B,Good
17061,21.2,88.9,3.1,93,A,Excellent
1232,5.4,64.8,3.6,48.5,D,Poor
31555,1.3,85.9,5.8,41.2,D,Poor
31848,12.9,91.7,5.2,87.2,A,Good
12475,17.5,95.6,6.1,89.8,A,Good
32273,29.9,75.7,6.4,100,A,Excellent
15239,11.1,83,10,70,C,Average
35437,14.6,100,6.9,84.3,B,Good
26569,19.2,82.6,6.8,89.3,A,Good
5065,20.2,87.8,6.5,100,A,Excellent
21316,18,90.3,3.1,98.9,A,Excellent
29628,21.2,82.7,5.2,89.7,A,Good
23897,15.6,71.8,7.3,75,B,Good
19282,22.4,72.6,6.6,100,A,Excellent
23402,10.5,94.7,7.1,79.8,B,Good
17037,16.7,74.6,4.6,86.1,A,Good
33856,13.5,99.6,2.4,91.4,A,Excellent
32324,19.9,78.8,7.4,97.1,A,Excellent
31546,0,100,8.9,35.4,F,Poor
3605,20.5,90.1,6.7,100,A,Excellent
25561,9.7,79.2,4.7,86.9,A,Good
6981,5.8,76.4,9,60.2,C,Average
13155,3.1,79.7,4.1,70.5,B,Average
12474,16.1,97.1,4.9,85.5,A,Good
15050,17.8,89.3,4.1,93,A,Excellent
9858,12.3,76.4,6.3,83.3,B,Good
19754,23.1,92.3,4.6,100,A,Excellent
39421,0,92.5,7.8,47.4,D,Poor
12296,23.9,78.6,2.8,100,A,Excellent
34449,16.1,73.4,4.4,96.8,A,Excellent
19386,0,100,4.5,57.2,C,Poor
9470,14.3,88,4,78.2,B,Good
26650,24.1,66.2,6.4,100,A,Excellent
36297,4.8,83.6,2.2,58.8,C,Poor
37590,20.1,91.1,8.1,100,A,Excellent
5953,10,100,5.4,79.9,B,Good
25355,14.4,77.5,3.2,89.1,A,Good
34684,9.3,100,7.9,83.8,B,Good
5882,24.7,82,8.7,100,A,Excellent
30345,17.1,90.2,5.5,89.9,A,Good
7986,9.1,95.7,5.5,77.3,B,Good
36821,25.9,82.8,0,100,A,Excellent
30593,18.3,92.8,4.2,99.5,A,Excellent
24182,22.3,98.1,5.7,100,A,Excellent
32407,21.7,70.2,4.6,100,A,Excellent
34409,17.3,89.9,5.8,92.4,A,Excellent
11711,29,88.3,9.8,100,A,Excellent
669,0,86.4,4.5,34.5,F,Poor
30317,8.2,88.6,7,65.9,C,Average
2027,27.6,87.9,1.8,100,A,Excellent
3451,11.7,97.2,8.1,87.5,A,Good
36087,11.3,81.4,6.4,72.2,B,Average
38567,18.6,82.1,5.8,95.8,A,Excellent
16858,18.8,74.7,6.2,100,A,Excellent
90,18.6,80.6,4.4,93.9,A,Excellent
19129,10.6,71,4.1,81.3,B,Good
38729,12.1,76.9,4.6,87.5,A,Good
16844,15.8,91.7,4.8,100,A,Excellent
S041,15,77,4,80.5,A,Good
35125,9.2,80.6,4.4,88.1,A,Good
5227,12,77.1,6.9,93.6,A,Excellent
22809,12.2,86.1,1.5,76.6,B,Good
678,27.3,88.2,6.6,100,A,Excellent
10162,13.8,81.7,2,75.6,B,Good
11321,17.7,85.5,7.5,74.7,B,Average
38041,13.5,86.5,3.5,83,B,Good
5826,3.3,93.4,5.8,85.3,A,Good
386,16.1,76,9.5,92.1,A,Excellent
5244,19.6,74.6,10,96,A,Excellent
16144,13.1,88.2,5.9,99.2,A,Excellent
33905,2.7,100,7.5,52,D,Poor
6835,17.7,78.1,4.3,83.7,B,Good
5409,13.6,57.4,8.3,100,A,Excellent
23974,18.9,71.6,7.9,89.7,A,Good
39075,13.7,79.3,5.2,93.6,A,Excellent
14187,18.1,84.1,9,80.4,B,Good
5683,8,78,3.6,63.9,C,Average
15402,20.3,86.7,6.8,100,A,Excellent
26806,13.5,78.3,1.9,95,A,Excellent
34343,10.5,89.2,3.2,73.5,B,Average
2768,18.2,94.9,4.9,89.5,A,Good
20196,13.1,70.9,6.3,91.6,A,Excellent
24601,12.6,69.4,6,82.1,B,Good
13042,11.6,76.9,3.7,80.1,B,Good
33559,19.3,90.7,7,100,A,Excellent
24788,13.9,71.2,6.9,86.4,A,Good
31249,21,100,5.2,100,A,Excellent
13370,13.9,83.2,7.7,93.1,A,Excellent
3297,26.7,83.5,8.6,100,A,Excellent
35257,12.5,92.2,5.9,82.8,B,Good
19899,22.3,78.1,5.3,100,A,Excellent
4943,15.6,66.3,6.6,85.7,A,Good
870,29.1,92.6,1,100,A,Excellent
22608,5.6,76.3,6.1,68.3,C,Average
24820,14.9,82.4,5,86.8,A,Good
23579,10,93.3,4.9,70.7,B,Average
23526,19.2,82,8.4,100,A,Excellent
36110,13.8,84,4,100,A,Excellent
17609,4.1,93,5.8,66.9,C,Average
30225,0,74.2,7,34,F,Poor
9270,12,73.5,6.8,100,A,Excellent
S047,17,75,6,89.5,A,Good
1834,17,83.6,4.3,100,A,Excellent
14748,0,79,3.8,51.9,D,Poor
31179,20.9,79.3,6.2,87.5,A,Good
37903,1.9,91.2,4.5,56.6,C,Poor
35556,30.8,100,3.2,100,A,Excellent
3826,23.2,82.2,5.5,100,A,Excellent
24554,14.6,62.9,9.9,76.9,B,Good
34412,21.7,74.7,5.1,91.7,A,Excellent
21633,7.4,88.2,7.4,55.9,C,Poor
9242,14.5,72.9,3.4,81.1,B,Good
29103,15.6,87.4,6,94,A,Excellent
22489,9.4,61.4,7.9,66,C,Average
31799,6.7,81.4,6,73.3,B,Average
21801,11.6,92.7,6.6,75.4,B,Good
24078,11.6,76.2,6,70.3,B,Average
28643,29.4,86.3,5,100,A,Excellent
35013,17.1,80.9,5.4,65.8,C,Average
24503,19.4,93.7,4.7,97.4,A,Excellent
37221,20.5,85.8,10,100,A,Excellent
37002,17.9,83.2,4.8,93.2,A,Excellent
16567,9.6,89.3,5.1,73.2,B,Average
29439,16.7,80.3,6.6,100,A,Excellent
11414,16.7,88.7,3.7,96,A,Excellent
1747,21.8,91.5,6.5,100,A,Excellent
4249,18.5,89.1,4.8,100,A,Excellent
8706,19.6,87.4,5.9,100,A,Excellent
6831,18.1,86.9,5.1,100,A,Excellent
26268,4.2,85.6,8,55.8,C,Poor
4591,10.7,81.9,4.2,77.2,B,Good
37186,17,77.1,8.4,96.8,A,Excellent
14913,37,71.8,6.2,100,A,Excellent
17593,17,77.4,1,87,A,Good
723,5.6,68.4,3.3,71.2,B,Average
31965,21.6,87,0.9,100,A,Excellent
25836,9.2,70.7,8,77.6,B,Good
25375,14.5,82,1.4,75.9,B,Good
31296,7.8,91,4.1,82.4,B,Good
36055,15.1,88.4,8.9,75,B,Good
7818,8.7,80.6,4.9,68.3,C,Average
2400,15.5,75.6,5,97.6,A,Excellent
3805,8.8,79.4,7.8,67.9,C,Average
18748,18,97,9.2,98.1,A,Excellent
24408,23.6,76.9,7.1,100,A,Excellent
27989,5.5,75.6,6,67.3,C,Average
10038,12.8,100,2.5,63.5,C,Average
3827,6.8,86.9,6.4,67.4,C,Average
33946,11.1,64.5,10,66.6,C,Average
15478,21.2,77.9,3.3,100,A,Excellent
28869,14.2,95.6,6.2,100,A,Excellent
37628,10.8,77.2,8.6,80.1,B,Good
24520,3.1,84.8,10,55.4,C,Poor
24585,16.7,78.8,3.3,87.9,A,Good
15219,16.5,90.2,4.7,84.8,B,Good
7717,10,81.9,5.9,65.2,C,Average
18474,9.2,100,7.5,77.6,B,Good
33822,21.1,72.1,2.9,100,A,Excellent
954,25.1,92.8,4.8,100,A,Excellent
39581,17.1,84.6,7.1,97.4,A,Excellent
6927,15.1,91.5,7.5,100,A,Excellent
32912,11.5,73.7,6.3,98.9,A,Excellent
18739,26.5,86.8,5.7,100,A,Excellent
21180,11.8,66.9,5.8,92.1,A,Excellent
17842,12.2,95.5,3.4,81,B,Good
1444,5.9,79.7,7.5,80.6,B,Good
20794,18.4,97.6,4.6,93.6,A,Excellent
16350,19.5,91.4,3.8,100,A,Excellent
23066,16.7,82.4,6.9,100,A,Excellent
17740,9.3,89.6,3.6,83,B,Good
20539,29.5,80.8,2.4,100,A,Excellent
24598,29.4,75.6,2,100,A,Excellent
4374,15.9,73.6,8.9,83.9,B,Good
36276,1.4,95.9,9,73.2,B,Average
35197,0.9,81.4,3.4,52.5,D,Poor
39681,20.8,71.1,4,99.8,A,Excellent
11369,6,85.5,5.3,55.2,C,Poor
20318,23.4,84.5,7.3,88.3,A,Good
20465,2.4,93,10,62.9,C,Average
12987,9.2,88.6,5.4,82.6,B,Good
28619,24.2,74.5,7.6,100,A,Excellent
5986,11,81.7,7.9,70.1,B,Average
35978,12,95.8,6.9,92.9,A,Excellent
1643,14.4,81.6,6.5,81.9,B,Good
9653,16.4,94.7,5.2,92.3,A,Excellent
844,17.7,100,8.8,92.2,A,Excellent
23145,18.1,92,5.4,95.3,A,Excellent
18803,6.4,93.2,4.8,66.8,C,Average
23601,9.3,74.7,7,66,C,Average
30943,10.8,86.6,7,67.3,C,Average
29985,17,87.8,4.5,57.9,C,Poor
15144,17.2,91.3,5.2,89.7,A,Good
19879,13.6,78.5,8,94.4,A,Excellent
21607,21.2,82.8,5.1,94.5,A,Excellent
9165,21.6,76.2,6.7,92.8,A,Excellent
28958,8,83.7,3,89.3,A,Good
27125,8.4,87.9,4.6,64.5,C,Average
25159,17.4,93,3.9,77.5,B,Good
29498,9,83.2,7,72.8,B,Average
26854,29.3,73.5,5.8,100,A,Excellent
34339,14.8,83.5,5.2,73.3,B,Average
12944,23.9,80.6,4.1,100,A,Excellent
26358,18.1,97.2,10,92.9,A,Excellent
12924,0,89.4,6.2,52.3,D,Poor
37314,17.7,77.1,8.2,100,A,Excellent
23935,11.6,80.7,7,68.2,C,Average
21204,10.4,87.8,7.5,81.2,B,Good
16829,23.6,78.3,4.5,100,A,Excellent
19411,22.1,79.5,5.7,100,A,Excellent
4703,19.7,82,2,94.6,A,Excellent
34861,14.1,89.1,2.5,82.1,B,Good
7300,22.9,84.6,5.8,100,A,Excellent
4403,8.8,68.1,8.5,83.4,B,Good
10177,14.5,84.9,6.9,88,A,Good
18944,8.9,100,4.7,69.1,C,Average
11295,2.6,68.3,4.2,64.7,C,Average
7050,6.9,68.4,7.6,71.6,B,Average
21095,23.8,66.3,9.5,100,A,Excellent
32534,23.2,87,7.2,100,A,Excellent
20705,17.1,90.9,6.5,100,A,Excellent
30097,0,100,6.3,55.3,C,Poor
29558,18.2,56.1,5.9,82.8,B,Good
34041,21.5,73.4,7,100,A,Excellent
2190,19.1,91.7,4.2,94.7,A,Excellent
20533,6.1,74.1,3.2,71.1,B,Average
12381,14.5,87.2,5.4,85.1,A,Good
28172,14.6,92.2,5.6,76.5,B,Good
34186,24.4,90.3,10,100,A,Excellent
10438,12.6,85,5.7,58.1,C,Poor
34415,11.8,92.8,6.5,78.9,B,Good
19561,9.6,75.2,3,59.3,C,Poor
3613,13.7,80.7,6,74.5,B,Average
36697,20.4,100,7.8,91,A,Excellent
3760,14.8,92.8,3.3,71.7,B,Average
32440,15.2,72.5,5.9,74.4,B,Average
20563,19.2,84.3,5,94.6,A,Excellent
13519,33.8,90.6,10,100,A,Excellent
32796,17.2,87.1,3.7,84.7,B,Good
9308,17.6,100,3.3,92.9,A,Excellent
16145,24.4,76.3,5.4,100,A,Excellent
36351,22.4,75.9,8.9,100,A,Excellent
39172,13.3,76.1,3.1,100,A,Excellent
19463,18.1,98.3,4,74.1,B,Average
14927,18.7,90.4,5.4,96.9,A,Excellent
23013,20.1,98.9,5.4,84.9,B,Good
39250,12.5,79.1,8.2,81.8,B,Good
29828,19.6,91.6,4.2,94.1,A,Excellent
21123,11.6,80.6,5.8,81.5,B,Good
3083,1.2,93.1,5.7,64.1,C,Average
19057,11.8,91.1,6.1,79.3,B,Good
34504,6.1,87.6,4.7,59.5,C,Poor
11988,21.2,84.3,5.8,91.2,A,Excellent
38940,19.2,96.8,5.4,100,A,Excellent
4751,22.7,86.3,5.5,95.3,A,Excellent
8988,10.7,76.5,9.3,72,B,Average
35975,6,91,7.9,47.2,D,Poor
38761,13.9,82.6,5.5,95.5,A,Excellent
14856,15.8,88.3,8.2,92.6,A,Excellent
17669,15.9,87.6,6.7,83.6,B,Good
32056,13.6,69.2,7.6,86.6,A,Good
33985,14.4,60.3,4.2,89.6,A,Good
3914,9.1,86,7.3,72.4,B,Average
24394,9,73,4.1,65,C,Average
36823,13.4,87,4.3,100,A,Excellent
10148,13.9,79.9,7,96.9,A,Excellent
605,17.9,80.6,6,100,A,Excellent
24977,8.4,93.1,9.7,80.5,B,Good
24733,8.4,100,5,57.9,C,Poor
35320,19.7,92.8,7.3,97.8,A,Excellent
6758,18.4,68.4,7.1,100,A,Excellent
30631,14.5,76.7,5,86.3,A,Good
12843,17,70.2,9.5,100,A,Excellent
30678,15.2,81.5,9.9,93.8,A,Excellent
20637,23.8,88.7,6.5,100,A,Excellent
16899,17.9,78.9,7.8,100,A,Excellent
31411,14.2,79.5,8.1,84.5,B,Good
26360,20.7,78.2,8.1,100,A,Excellent
25429,13.9,68.7,9.6,72,B,Average
11438,23.9,85.2,3.9,93.1,A,Excellent
14582,0,74.1,5.4,58.1,C,Poor
37170,7.5,81.7,6.5,71.5,B,Average
20744,18.2,88.1,7.4,96.3,A,Excellent
6353,5.5,85,9.4,43.1,D,Poor
38465,21,80.3,5.1,89.9,A,Good
26440,15.8,100,6.3,93.2,A,Excellent
30566,13.6,98.7,6.1,79.5,B,Good
26096,22.8,74.2,5.4,96.5,A,Excellent
32792,28.3,86.2,6.6,100,A,Excellent
24661,12.4,76.1,2.2,81.3,B,Good
33082,28.1,92.5,5.6,100,A,Excellent
18101,8.7,100,4.8,68.9,C,Average
27876,20.9,67.7,7.4,100,A,Excellent
21712,17.5,88.6,3.5,88.6,A,Good
23538,16.5,100,4.5,92.2,A,Excellent
30480,9.2,91.1,5.4,78.7,B,Good
27677,28.2,97,3.5,100,A,Excellent
9690,17.1,90.9,7.3,90,A,Good
20662,17.8,89.8,6.9,100,A,Excellent
3289,10.6,97.4,3.9,85.1,A,Good
28065,3.4,92.8,6.9,63.5,C,Average
7482,17.1,76.6,9.4,88.2,A,Good
15011,12.7,96.5,3.4,67.9,C,Average
11472,14.1,86.7,2.8,82.6,B,Good
32093,0,100,6.5,57,C,Poor
16446,2.9,73.3,6,35.6,F,Poor
10629,21.5,81.3,6.3,99.8,A,Excellent
26468,8.9,85.5,4.4,72.8,B,Average
22754,20.3,92.6,4.4,100,A,Excellent
2910,23.8,83.7,5.7,100,A,Excellent
29471,16.2,64.7,6.5,79.3,B,Good
1982,5.3,86.4,6,44.4,D,Poor
8937,8.1,94,5.1,76.4,B,Good
32327,8.1,89.1,7.9,61.5,C,Average
15596,27.9,65.5,1.6,100,A,Excellent
36455,10.2,82,6.7,78.6,B,Good
35097,11.7,65.5,4.8,66.4,C,Average
17331,15.9,90,8.3,97.7,A,Excellent
3506,5.4,76.4,5.6,46.8,D,Poor
20052,12.5,77.4,5.3,71.7,B,Average
31320,10.9,88.8,6.6,77.8,B,Good
33166,16.3,82.1,3.7,85.1,A,Good
9875,17.2,98.4,7.6,100,A,Excellent
3146,18.3,94.4,6.5,83.3,B,Good
2266,23.3,100,3.2,100,A,Excellent
31716,12.8,84.8,8.3,96.9,A,Excellent
17932,14.3,80.5,1.4,69.8,C,Average
6016,9,93,4.9,62.3,C,Average
14664,8.8,82.6,4.3,68,C,Average
28368,18.1,92.3,4.4,95.6,A,Excellent
21383,29,84.5,3.9,100,A,Excellent
32765,12.4,97.4,1.4,86.1,A,Good
28799,20.4,100,5.7,100,A,Excellent
7233,16.7,86.8,4.9,96.4,A,Excellent
31517,15.2,100,5.6,93.7,A,Excellent
12797,8.3,93.3,6.6,79.2,B,Good
31849,21.8,78.3,2.8,100,A,Excellent
24333,16,92.2,7.3,100,A,Excellent
15514,5.5,65.9,2.3,63.6,C,Average
29645,27.4,81.5,8.5,100,A,Excellent
3673,7,85.8,7,72.7,B,Average
4921,26.6,91.9,7,99.5,A,Excellent
30676,30.1,99.3,8.7,100,A,Excellent
32225,25.6,87.4,8.6,100,A,Excellent
8420,11.4,79.3,6.8,83.8,B,Good
22727,20.2,80.6,1.4,100,A,Excellent
27558,20.6,97.7,3.9,100,A,Excellent
37087,38,88.7,5.1,100,A,Excellent
14493,10,79.9,7.2,79.2,B,Good
22968,5.5,87.7,4.4,64,C,Average
17281,16.7,85.7,8,89.5,A,Good
26463,10.7,79.6,4.5,88.2,A,Good
19890,12.6,82.2,5.6,66.7,C,Average
35519,14.5,85.1,6.2,93,A,Excellent
29587,15.7,100,4.9,99,A,Excellent
8695,14.8,86.8,5,79,B,Good
15756,9,71.8,7.3,75.9,B,Good
25952,15.1,75.1,6.3,84,B,Good
21964,8.7,71.3,4.3,55.6,C,Poor
35793,6.6,96.8,10,65.4,C,Average
36844,14.3,85.8,6.4,73.6,B,Average
20512,13.1,100,4.4,78,B,Good
9074,25.4,76.5,9,100,A,Excellent
34979,8.3,71.5,8.4,62.7,C,Average
35901,30.4,94.8,6.8,100,A,Excellent
16167,14.8,79.1,4.4,79.2,B,Good
15570,6.4,72.2,7.9,62.7,C,Average
12559,7.1,72.9,4.6,81.3,B,Good
21586,25.6,72.3,7.9,100,A,Excellent
20043,0,55.4,5.4,56.3,C,Poor
28897,4,85,6,62.2,C,Average
28296,8.5,78,3.9,72.2,B,Average
15537,22.9,77.6,6.5,99.1,A,Excellent
13450,9.3,78.6,9.2,78.4,B,Good
32880,6.8,85.4,7,75.1,B,Good
33575,11.4,100,4.1,77.1,B,Good
24016,23.7,73.7,8,100,A,Excellent
17774,15.2,100,3.1,100,A,Excellent
2784,7.7,94.9,8.8,65.7,C,Average
16334,17.4,80.4,4.6,100,A,Excellent
19029,15.6,80.7,6.4,89.4,A,Good
18231,11.4,80.2,7,82,B,Good
35661,17.4,73.2,5.3,84.4,B,Good
31564,25.1,69.9,2.7,100,A,Excellent
21936,21.9,66.5,9.2,100,A,Excellent
33374,14.9,86.9,5.6,100,A,Excellent
37541,8.1,86.5,3.8,79.1,B,Good
4892,6.5,78.6,6.7,64.3,C,Average
15905,5.3,76.4,4.2,54.7,D,Poor
26397,15.4,80.3,7.7,84.8,B,Good
13263,12.8,74.7,7.4,91.1,A,Excellent
22323,11.9,86.7,6.5,84.6,B,Good
28900,17.7,91.4,4,91.4,A,Excellent
34432,19.1,89.3,8.6,100,A,Excellent
29481,1.3,84.5,6.5,53.9,D,Poor
24676,27.5,76.7,7.4,100,A,Excellent
S159,7,58,4,55,D,Poor
8356,21.7,100,6.8,100,A,Excellent
37324,17.3,77.9,8.8,97.8,A,Excellent
31225,27.8,87.2,7.3,100,A,Excellent
32229,8.5,85.5,5.5,68.7,C,Average
13230,19.4,83.2,4.4,98.8,A,Excellent
24103,6.6,90.2,5.5,58,C,Poor
16822,8.3,69.3,4.3,65.1,C,Average
2668,6.4,86.5,3.2,50.1,D,Poor
16137,11.1,84.9,6.7,84.5,B,Good
18409,4,90.7,6.1,70.2,B,Average
7857,6.6,100,5.6,66.8,C,Average
9921,7.8,79.7,6.9,72.6,B,Average
2461,15.5,92.4,4.7,72,B,Average
2,14,80,2.5,83.9,B,Good
35841,1.5,79.1,6.4,52.1,D,Poor
8885,27.2,78,3.6,100,A,Excellent
6397,15.8,86.7,4.9,89,A,Good
28336,18,77.9,6.1,97.3,A,Excellent
28757,5.7,100,8.8,72.1,B,Average
6451,13.1,69.7,6.8,79,B,Good
22443,5.9,83.3,6.8,59.5,C,Poor
14602,28.2,62.9,3.8,100,A,Excellent
6994,22.5,72.6,7.1,100,A,Excellent
13570,0.4,68.5,6.3,42.4,D,Poor
30750,4.4,88.3,6.9,71.3,B,Average
3764,20.8,83,5.2,100,A,Excellent
34522,9.6,75.8,6.2,81.2,B,Good
24827,7.9,81.9,7.1,53,D,Poor
14427,11.9,87.9,4.4,90,A,Good
34887,7.9,87.7,5.1,79.4,B,Good
12805,8.3,93.4,6.8,65.5,C,Average
26913,7.2,100,3,65,C,Average
2935,21.1,93.2,8.9,100,A,Excellent
4518,17.4,77.2,3.2,97.5,A,Excellent
20108,18.6,91.6,7.3,100,A,Excellent
22962,14.1,70.6,4.9,87.3,A,Good
31498,21.6,79.4,5.9,88,A,Good
13937,7.7,93.4,7,65.4,C,Average
23299,6.6,88.8,7.9,75.9,B,Good
31656,16.3,94.4,5.5,69.3,C,Average
1330,19.2,85.1,4.4,100,A,Excellent
2607,10.8,68.1,5.1,68.5,C,Average
2848,9.1,79.2,7.4,73.1,B,Average
15213,20.5,67.5,8,100,A,Excellent
18098,7.1,88.1,7.7,76.8,B,Good
6132,11.2,86.4,4.8,73.7,B,Average
29485,14.5,89.5,5.4,82,B,Good
27007,18.4,73.4,5.8,97.5,A,Excellent
19932,9.4,85.3,4.5,75.1,B,Good
16617,16.9,95,9.4,100,A,Excellent
7373,12.2,100,5.8,85,A,Good
11366,19.5,88.2,4,100,A,Excellent
8848,15.9,77.2,5.9,100,A,Excellent
519,15.7,94.4,8,96.1,A,Excellent
31813,14.9,75.8,2.9,81.7,B,Good
27945,24,85,5.3,100,A,Excellent
35873,18.3,84.3,10,100,A,Excellent
10743,9.2,75,7.7,49.6,D,Poor
7906,14.5,86.5,4.2,73.1,B,Average
28328,6.9,90.2,2.5,71.2,B,Average
18000,22.2,75.6,5.5,83.4,B,Good
9975,25.6,87.9,8.9,100,A,Excellent
10946,23.5,86.8,5.6,100,A,Excellent
28003,19.7,86.6,1.4,98.4,A,Excellent
10896,16.9,80.7,8.7,100,A,Excellent
39649,10,82.6,6.6,94,A,Excellent
38576,13.5,86,6.1,91.4,A,Excellent
21102,13.2,89.2,4,86.7,A,Good
30722,13.5,69.7,6.4,87.7,A,Good
13607,19.9,69.6,5.4,99,A,Excellent
24988,16.2,91.5,7.8,80.7,B,Good
33772,16.7,88.2,4.9,87.1,A,Good
10335,16.4,79.5,4.2,84.9,B,Good
30219,14.3,87.2,3.1,89.8,A,Good
15738,17.2,64.8,5.7,97.2,A,Excellent
2710,25.9,78.8,10,100,A,Excellent
4485,14.8,84.7,8,98.5,A,Excellent
30415,14.8,100,6.7,90.5,A,Excellent
23924,10.5,83.5,6.3,83.9,B,Good
13118,14.6,73.3,5.6,97.2,A,Excellent
8398,16.2,84.5,4.8,100,A,Excellent
2412,25.8,86.8,3.3,100,A,Excellent
28824,8.4,85.2,6,61.9,C,Average
36366,12.8,89.6,8,67.3,C,Average
5558,22.3,89.4,5.8,100,A,Excellent
22780,25.8,75.6,6.9,100,A,Excellent
16705,8.8,76.6,7.3,84.5,B,Good
12823,16.4,71.3,2.7,99.2,A,Excellent
5263,16.9,72.6,2.1,86.1,A,Good
9411,14.8,83.8,6.3,87.4,A,Good
14713,26.1,66.7,7.2,100,A,Excellent
19201,11.7,93.5,6,76.9,B,Good
38191,6.7,96.5,7.5,55.7,C,Poor
35423,12.9,74.5,7.5,91.9,A,Excellent
36054,23.7,99.9,7.7,100,A,Excellent
11614,8.6,76.7,10,64.4,C,Average
20159,13.6,68.4,7.7,91.8,A,Excellent
10345,19.3,72.4,4.7,94.9,A,Excellent
25915,11,100,7.3,61.2,C,Average
19610,9.1,71.5,4.9,76.6,B,Good
10421,22.4,98.1,7.3,100,A,Excellent
27494,8.2,96.5,5.6,64.9,C,Average
28506,18,91.6,5.5,92.3,A,Excellent
5734,13.7,83,5.8,87.4,A,Good
13222,25.1,100,4.1,100,A,Excellent
5393,15.7,100,4.4,100,A,Excellent
33760,11.9,80.4,9.6,73.8,B,Average
34521,9.9,100,4.5,85.3,A,Good
30161,10.7,89.8,4.5,97,A,Excellent
5206,20.8,69.5,1.7,100,A,Excellent
22676,19.5,75,2.6,94.2,A,Excellent
2078,23.4,68.5,1.1,100,A,Excellent
9710,7.5,93.9,6.9,73.7,B,Average
3014,5.2,91.6,1.5,75.1,B,Good
32483,12.9,89.7,6.5,92.4,A,Excellent
27608,26.8,87.3,7.9,100,A,Excellent
1373,5.4,80.8,6,65.2,C,Average
11766,20.1,78.9,4.1,89.2,A,Good
6446,8.7,81.7,6.5,56,C,Poor
30689,8.5,81.5,2.8,58,C,Poor
32632,14.6,73.3,7.7,74.7,B,Average
30994,6.3,89,4.1,55,C,Poor
34121,10.3,70.9,6.4,76.2,B,Good
12125,21.3,96.1,7.8,100,A,Excellent
4771,15.1,68.6,5.2,78.5,B,Good
9906,6.2,100,5.3,53.2,D,Poor
17344,18.1,71.8,4,79.7,B,Good
38767,11.8,73.9,4,93.2,A,Excellent
11721,13.5,73.3,7.3,94.1,A,Excellent
36649,10.4,80,5.7,79,B,Good
37082,27.1,84.5,9.5,100,A,Excellent
31442,18.9,90,7.3,93.1,A,Excellent
14774,8.9,92,9.3,72,B,Average
3929,6.7,81.6,7.5,81.1,B,Good
20202,12.6,78.9,7.9,84.7,B,Good
39091,19.7,74.3,8.2,100,A,Excellent
13975,16.8,87.4,2.2,80.7,B,Good
6452,21.8,63,4.2,100,A,Excellent
1701,17.5,78.7,5.8,100,A,Excellent
4220,2.4,100,7.7,49.2,D,Poor
38009,8.7,96.3,6.5,78.6,B,Good
25984,25.9,81.4,9.6,100,A,Excellent
8034,20.5,90.9,7.6,89.5,A,Good
39420,14.8,100,10,76.2,B,Good
25258,17.3,88.3,5,83.1,B,Good
29380,15.3,99.3,2.3,92.8,A,Excellent
20177,14.2,71.4,6.4,86.4,A,Good
4325,9.7,78.3,8.1,81.7,B,Good
16634,10.7,100,6,62.3,C,Average
25397,15,79.7,2.5,90.4,A,Excellent
24468,24.9,88.9,8.1,100,A,Excellent
26231,23,90.5,4.8,99.6,A,Excellent
10110,24.2,91.8,4.6,100,A,Excellent
4861,11.7,83.1,5.1,72.2,B,Average
4767,6.7,95.4,5.6,54.8,D,Poor
37721,11.7,79.3,3.2,75.8,B,Good
17200,15.2,76.1,7.2,86.1,A,Good
19382,15.3,80.6,5.9,71.5,B,Average
7984,28.2,100,6.7,100,A,Excellent
25453,3.9,86.2,3,63.5,C,Average
28434,10.8,79.3,4.6,81.3,B,Good
37681,20.5,79.9,2,100,A,Excellent
30861,14.6,86.4,5.9,83,B,Good
21184,11.1,81.7,3.7,79.4,B,Good
16777,18.5,72.5,3.9,78.3,B,Good
27332,13.1,74,4.7,76.2,B,Good
17689,0.4,72.9,4.6,43.7,D,Poor
16312,2.6,85.2,4.4,51.1,D,Poor
9995,23.4,77.3,3.7,100,A,Excellent
19430,2.8,77.6,4.1,62.9,C,Average
21061,27.8,86.6,7.4,100,A,Excellent
30638,12,92.4,7.1,84.9,B,Good
29475,13,100,1.3,82.7,B,Good
6487,13.4,87.9,3.9,77.9,B,Good
34654,20.1,83.4,8.3,92,A,Excellent
17112,2.7,86.5,8.1,50.2,D,Poor
2149,14.3,92,8.4,79.6,B,Good
34439,13.7,68.4,1.8,66.5,C,Average
23872,28,100,4.3,100,A,Excellent
34252,5.7,81.9,4.5,67,C,Average
14564,13.2,76.9,4.2,100,A,Excellent
8891,12.9,72.6,6.5,76.8,B,Good
15787,4.9,76.1,3.9,63.3,C,Average
8135,4.3,94.2,5.1,53.2,D,Poor
10466,10,90.9,8.3,67.2,C,Average
34021,16,96.2,7.2,87.2,A,Good
8982,24.6,67.7,6.3,100,A,Excellent
17290,5.9,76.9,4.5,54.3,D,Poor
12227,5.5,57.9,8.1,60.3,C,Average
34056,8.4,96.2,4.4,74.3,B,Average
17235,22.8,87.1,10,100,A,Excellent
1423,12.4,79.7,7.7,74.9,B,Average
724,20.2,95.3,5.3,100,A,Excellent
26363,12.4,84.2,5.3,76.1,B,Good
14754,4.5,76.3,6,79.5,B,Good
28975,12.8,89.6,6.2,90,A,Good
37381,17.9,78.5,6.9,89.5,A,Good
902,12.2,72.3,4.5,73.3,B,Average
10805,21.5,85.8,5.1,100,A,Excellent
3646,7.2,85.4,7.5,71.6,B,Average
22020,15.6,75.3,7.1,94.4,A,Excellent
15476,13.7,83.3,4.4,92.4,A,Excellent
34807,16.2,74,5.5,80.9,B,Good
15155,7.3,79.2,4.3,65.8,C,Average
35923,7.8,73.5,3,56,C,Poor
28612,15.8,76.9,6.1,85.2,A,Good
20248,21.1,93.8,3.1,84.4,B,Good
38442,23.3,87.7,3.8,100,A,Excellent
15965,11.9,81,4.7,95.5,A,Excellent
15998,13,79.3,8.6,89.6,A,Good
25788,21.5,99.5,6.2,100,A,Excellent
26979,13.8,94.6,4,76.2,B,Good
18527,4,94.7,5.7,63.1,C,Average
12936,5.7,75.6,7.8,66.2,C,Average
30771,16.2,57.5,3,85.3,A,Good
29864,22.9,75.1,6.3,100,A,Excellent
22855,20.6,91.2,7.2,99.3,A,Excellent
27678,19.8,84.8,5.7,78.5,B,Good
31381,11.3,85.8,5.6,75.5,B,Good
29255,18.6,89.6,4.6,87.3,A,Good
7669,15,64.1,4.8,81.1,B,Good
6823,8.9,90,5.8,73.5,B,Average
38595,10.2,77.8,6.5,86.8,A,Good
31846,24.8,89.2,2.8,100,A,Excellent
37266,12.5,76,6.7,93.8,A,Excellent
1145,13.8,78.1,5.1,76.2,B,Good
7556,16.9,82.8,6.3,80.8,B,Good
23504,12.6,86.9,5,94.6,A,Excellent
28950,25.3,93.5,9.4,100,A,Excellent
5751,14.7,72.2,7.4,82.1,B,Good
39235,13.1,98.9,4.8,78.2,B,Good
10913,4.9,85.7,8.5,53.2,D,Poor
4029,26.2,83.6,5.2,100,A,Excellent
19174,20.3,74.7,7.1,94,A,Excellent
16351,0,84,4,53.2,D,Poor
13294,20.1,100,4.4,100,A,Excellent
2420,5.7,93.2,6.8,72.2,B,Average
12026,18.4,84.5,5.8,100,A,Excellent
37030,1.1,75.4,5.1,51,D,Poor
18341,15.6,90.3,4.5,75,B,Good
13796,18.2,100,3.6,88.6,A,Good
15440,26.6,87.1,4.7,100,A,Excellent
15660,9.8,100,8.3,74.7,B,Average
10993,10.8,95.1,5.4,84.4,B,Good
5907,13.8,100,5.9,80.5,B,Good
8890,13.2,84.6,4.1,77.6,B,Good
39294,7,87.5,3,68.1,C,Average
33212,22.9,82.2,6.5,100,A,Excellent
36266,5.9,83.1,9,77.7,B,Good
38179,16.6,79.8,2.9,90.3,A,Excellent
4460,19.6,84.1,3.9,87.7,A,Good
25648,37.5,83.2,5.7,100,A,Excellent
25460,13.3,79.4,9.8,94,A,Excellent
22543,5.8,96.9,8.9,70.9,B,Average
11173,6.7,83,6.9,62.9,C,Average
6978,22,74.2,7.2,100,A,Excellent
33220,15.4,81.9,7,91.5,A,Excellent
14402,5.9,88.2,8.3,54.8,D,Poor
757,18.5,80.7,6,94.7,A,Excellent
39182,12.7,79.6,7,54.4,D,Poor
11891,12.5,98.3,8.1,92,A,Excellent
534,6.5,81.6,6.6,43,D,Poor
39145,22.1,76.9,9.6,99.1,A,Excellent
17835,17.6,87.4,3.2,97.5,A,Excellent
2335,21.2,88.7,6.2,98.7,A,Excellent
5497,14.1,93.9,5.7,81.9,B,Good
22988,13.9,78.1,5.9,83.8,B,Good
28105,6.8,69.7,6,67.7,C,Average
22870,14.6,65.9,6.2,78,B,Good
19554,10.7,77.1,2.5,81.8,B,Good
32363,0,78.8,7.2,63.8,C,Average
18828,13.3,82.9,4.6,93.2,A,Excellent
38801,18.4,73.4,3.9,92.4,A,Excellent
6217,15.1,97.2,3.9,70.9,B,Average
14569,10.5,86.8,6.3,74.8,B,Average
27749,10.9,93.1,10,66.1,C,Average
17135,15.1,97.3,9.4,100,A,Excellent
2417,18.9,80.3,6.8,96.8,A,Excellent
9161,11.2,88.9,3.9,79.4,B,Good
27759,18.1,81.7,7.1,83.8,B,Good
14379,16.9,76.4,7.7,91.8,A,Excellent
22823,20.6,76.3,8.5,100,A,Excellent
39378,12.5,87.1,6.3,100,A,Excellent
21023,17.1,100,10,100,A,Excellent
33950,23.2,96.3,9,100,A,Excellent
32317,9.9,83.6,10,57.4,C,Poor
17511,18.2,91.4,7.2,93.8,A,Excellent
23202,14.1,81.6,3.5,95.5,A,Excellent
31255,6.5,57,7.6,66.2,C,Average
29862,18,67,8.7,85.8,A,Good
6037,21,93,6.4,100,A,Excellent
27205,20.4,74.2,3.2,100,A,Excellent
17381,36.5,92.1,3.8,100,A,Excellent
16821,6,83.8,8.5,74.5,B,Average
20305,17.8,78,10,86.6,A,Good
35090,4.5,91.3,6.2,65.3,C,Average
14010,28.3,100,5,95.7,A,Excellent
2307,19.2,81.9,9.4,92.6,A,Excellent
33829,11.4,70.6,3.4,64.1,C,Average
33699,8.4,92.8,7.6,83.2,B,Good
21972,8.3,81.3,3.4,44.4,D,Poor
16782,16,86.1,6.7,100,A,Excellent
31827,16.1,77.3,8.3,84.7,B,Good
6394,10.3,100,7.1,63.8,C,Average
26893,0.9,93.6,5.1,65.7,C,Average
33579,12.2,89.6,4.9,88,A,Good
5806,16,81.7,8.8,90.3,A,Excellent
4811,20.3,81,5.9,97.7,A,Excellent
11453,2.3,85.5,8.4,61.5,C,Average
30890,14.9,81.7,8.1,99.5,A,Excellent
12853,9.5,75.7,6.2,83.4,B,Good
20148,6.9,70.8,3.2,75.6,B,Good
32112,4.6,100,4.8,77.6,B,Good
26776,14,100,5.3,93.3,A,Excellent
5827,14.2,96.4,6.5,92.2,A,Excellent
29644,13.7,82.3,4.9,89.1,A,Good
6881,16.3,88.6,6.6,100,A,Excellent
17728,20.3,88.4,7.9,100,A,Excellent
39354,14.1,100,6.1,89.8,A,Good
22519,12.9,92.4,7.3,88,A,Good
9685,9.5,94.2,4.5,74.3,B,Average
4885,19.4,90.9,5.2,99.8,A,Excellent
21146,8.3,81.1,7.4,61.3,C,Average
23335,14.9,97.5,6.5,83.4,B,Good
4334,16.4,86.8,5.6,96,A,Excellent
7284,14.7,92.5,5.2,98.2,A,Excellent
9255,16.5,81.2,4.4,91.5,A,Excellent
24404,19.9,97.7,5.1,100,A,Excellent
30629,20.9,82.6,6.5,100,A,Excellent
31246,17.1,93.7,7.3,100,A,Excellent
25862,6.9,100,4.4,57.5,C,Poor
7025,23,71.7,6.6,100,A,Excellent
3995,0.5,68.5,6.1,32.6,F,Poor
22099,26.3,81.8,4.3,100,A,Excellent
4421,24.6,73.5,4.6,98.7,A,Excellent
14366,23.4,94,1.7,100,A,Excellent
20395,10.2,90.2,6.7,57.6,C,Poor
1711,22.7,75.3,6.3,100,A,Excellent
22364,8.4,71.7,3.5,68.9,C,Average
30417,10.9,96.6,7.3,68.7,C,Average
33406,13.7,98.4,6.2,82,B,Good
10314,20.7,79.9,7.6,100,A,Excellent
24019,16.4,91.2,7.7,74.9,B,Average
32457,13.4,86,3,89.1,A,Good
37074,12.5,73.2,7,74.9,B,Average
38242,13.2,83.8,5.9,100,A,Excellent
27326,8.2,76.9,9.1,78.1,B,Good
6385,18.1,91.2,4.8,83.4,B,Good
10968,7.8,67.1,4.5,44.8,D,Poor
1386,17.1,87.8,5.5,94.1,A,Excellent
27639,23.1,85.4,6.3,100,A,Excellent
439,3.1,78.2,3.8,74,B,Average
11477,23.2,85.3,7.8,100,A,Excellent
7455,7.6,93.8,4.7,59.7,C,Poor
6085,14.3,97.8,6.3,92.2,A,Excellent
35477,17.9,89.5,6.2,88.6,A,Good
14176,8.9,82.1,6.1,75.2,B,Good
14747,19.9,83.2,6.8,100,A,Excellent
13380,18.9,80,4,82.8,B,Good
32999,21.3,71,9.3,96.7,A,Excellent
25245,15.8,74.9,5.5,69.8,C,Average
15730,11.4,75.2,8.1,87.6,A,Good
10720,16.4,100,7.5,100,A,Excellent
18791,21.9,76.6,6.6,100,A,Excellent
9665,10.9,89,5.2,71.6,B,Average
2323,18.2,68.6,6.1,100,A,Excellent
4130,26.6,73.1,8.6,100,A,Excellent
577,16.6,75.8,8.5,80.1,B,Good
32522,1.2,77.6,8.4,47.8,D,Poor
S013,20,89,9,111.5,A+,Excellent
35177,21.8,91.5,6.5,98.8,A,Excellent
25582,19,88.5,5.4,91.2,A,Excellent
19063,15.6,89.1,8.1,100,A,Excellent
11411,10.5,95.2,2.2,63.5,C,Average
7741,20,77.9,7.5,100,A,Excellent
237,0.8,91,4.2,53,D,Poor
20756,19,77.4,8.1,100,A,Excellent
37126,15.5,86.2,6,68.6,C,Average
20231,14.3,90.1,6,94.9,A,Excellent
15288,27.5,86.2,7.5,100,A,Excellent
20548,15.4,95.5,6.1,77.7,B,Good
2635,26.9,85.7,5.9,100,A,Excellent
30948,9.5,100,9.3,64.1,C,Average
35891,4.6,60.6,4.7,68.9,C,Average
1299,16.9,76.6,8.7,87.3,A,Good
4084,1.6,76.6,5.3,61.9,C,Average
5472,17.7,70.3,5.6,100,A,Excellent
24327,0,89.4,7.3,49.9,D,Poor
22265,7.6,75.6,1.4,52.1,D,Poor
25663,16.2,67,5.2,84.1,B,Good
35912,30.2,58,6.5,100,A,Excellent
36754,10.2,88,9,77.9,B,Good
7782,22.1,100,6.8,100,A,Excellent
37518,23.5,82.8,8.8,100,A,Excellent
3588,8.6,100,9.4,64.4,C,Average
23427,27.7,74.3,4.5,100,A,Excellent
22255,14.1,100,4.8,85,B,Good
26549,4.4,69.3,8.7,55,D,Poor
21127,16.1,94.3,10,79.6,B,Good
28416,26.2,86.2,5.2,100,A,Excellent
5626,14.3,82.6,4.4,94.9,A,Excellent
35684,20.6,97.1,3.7,99.9,A,Excellent
4265,14.6,91.7,9.5,97.4,A,Excellent
17207,26.5,82.8,7.4,100,A,Excellent
39284,29.7,86.7,6.8,100,A,Excellent
10128,0,69.5,5.2,45.4,D,Poor
39121,0,86.3,9.7,48.3,D,Poor
14682,19,67.7,4.1,100,A,Excellent
27365,19.9,100,6.3,100,A,Excellent
30425,5.7,85.9,9.6,65.4,C,Average
9784,17.3,89,7.7,86.6,A,Good
10855,9.3,85.8,6.3,66.3,C,Average
36987,6.4,96.6,5.6,67.2,C,Average
35226,24.5,80.5,9.9,99.6,A,Excellent
20416,17.4,80.4,6.4,89.9,A,Good
36034,9.2,72.8,5.3,77.1,B,Good
7450,13.2,86.6,7.5,85.2,A,Good
9783,7.2,78.2,5.4,51.6,D,Poor
13414,22,82,6.8,100,A,Excellent
27012,11.6,91.5,2,93.2,A,Excellent
20004,19.1,81.6,7.9,100,A,Excellent
19951,6,83.5,10,76.7,B,Good
27599,19.6,97.7,6,85.3,A,Good
37802,11,93.7,4.6,72.5,B,Average
34952,16.8,79.9,4.5,93.9,A,Excellent
15937,6.2,82.3,7.6,72.1,B,Average
13617,17.5,71.3,8.1,97.1,A,Excellent
3505,11.5,94.3,9.1,86.5,A,Good
7067,12.3,88.1,5.9,76.5,B,Good
27069,0,90.9,6,61.4,C,Average
26053,11,79.8,9.6,86.5,A,Good
19232,11.2,85.6,5.8,78.3,B,Good
14974,13,62.3,3.1,74,B,Average
28283,0,70.3,7.5,46.8,D,Poor
34444,31.3,78.1,4.7,100,A,Excellent
10786,21.4,76.3,2.1,99,A,Excellent
2819,17.8,97.9,4.5,98.2,A,Excellent
26486,14,79.3,8.2,88.4,A,Good
5988,15.3,89.4,7.1,84.2,B,Good
9628,31.8,82.5,4.5,100,A,Excellent
37622,21.3,90.6,9.1,100,A,Excellent
24174,16.9,99.4,2.5,70.5,B,Average
14412,11,100,8.3,76.4,B,Good
25638,10.3,98.4,6.7,88.6,A,Good
4396,5.5,83.4,6.9,54.9,D,Poor
3294,17.4,84,4.9,82.1,B,Good
21257,15.4,82.7,3,85.1,A,Good
31470,5.4,100,5.6,57.7,C,Poor
33091,21.5,70.1,4,100,A,Excellent
33237,18.9,86.1,5.4,82.1,B,Good
24808,21.7,100,7.6,100,A,Excellent
5205,31.7,83,6.3,100,A,Excellent
6303,21.7,96.6,7.8,100,A,Excellent
26384,2.4,78.3,4.1,58.2,C,Poor
35664,18,80.1,9.2,98.5,A,Excellent
27381,17.3,71,5.4,86.9,A,Good
19468,21.7,79.7,3.2,99,A,Excellent
13982,11,90.3,5.9,85.3,A,Good
21166,6.7,67.4,6.3,72.3,B,Average
29113,10.5,81.3,5.8,73.9,B,Average
23256,20.3,84.1,7.6,94.9,A,Excellent
22306,17.2,85.3,6.6,66.2,C,Average
24376,18.7,98.8,5.6,90.4,A,Excellent
9252,26.7,98.1,4.4,100,A,Excellent
22318,19.8,98.5,6.4,99.9,A,Excellent
35570,15.7,85.7,6.5,96.4,A,Excellent
36658,22.1,82.6,7.5,100,A,Excellent
28716,27.1,89.6,5.8,100,A,Excellent
20818,20.8,75.9,8.9,89.3,A,Good
7976,17.2,73.4,6.3,92.8,A,Excellent
14421,16,83.5,5.3,82.1,B,Good
9032,13.3,60.2,6.3,89.4,A,Good
35298,25,86.5,4.1,100,A,Excellent
16658,17.8,68.2,5.6,92.6,A,Excellent
3740,5.6,100,7.6,61.3,C,Average
32822,13.8,98.7,8,90.6,A,Excellent
6750,13.7,71.5,4.2,99.2,A,Excellent
32026,12.7,87.5,5.3,83.3,B,Good
29981,3.4,93.1,3.9,62.2,C,Average
33803,28.6,76.8,7.2,100,A,Excellent
21650,15.3,74.4,6.1,90.2,A,Excellent
33432,7.3,82.7,4.5,56.8,C,Poor
5079,17.3,88.7,4.8,71.3,B,Average
7353,11.5,84.5,3.3,95.2,A,Excellent
20788,11,95.7,9.4,78.9,B,Good
S172,9,93,2,70.5,B,Average
9092,12.6,90.3,6.9,77.1,B,Good
23583,17.8,86.7,4.7,98.8,A,Excellent
17104,30.4,77.9,5.7,100,A,Excellent
4940,5.2,89,4.4,55.6,C,Poor
2735,28.9,87.2,5.6,100,A,Excellent
368,15.1,99.6,5.6,89.9,A,Good
27854,12.7,81.4,6,77.6,B,Good
35634,28.7,80.8,3.6,100,A,Excellent
28655,21.5,69.4,4.6,100,A,Excellent
34490,18.1,76.3,6.3,96.1,A,Excellent
31683,14.7,67.5,6.1,79.7,B,Good
32497,17.7,87.1,6.3,92.2,A,Excellent
23778,18.2,89.9,5.1,78.9,B,Good
24688,15.5,91.7,8.8,88,A,Good
8211,19.4,96.6,6.7,81.7,B,Good
1050,24.7,84.9,7.9,100,A,Excellent
7813,16.1,94.5,2.4,90.3,A,Excellent
16327,20.8,83.1,6.4,93.2,A,Excellent
12506,23.2,95.5,4.3,100,A,Excellent
39007,18.9,97.5,8.1,100,A,Excellent
13861,24,85,4.1,99.8,A,Excellent
31277,3,96.8,7,74,B,Average
30388,12.9,79.4,4.7,84.3,B,Good
2414,8.6,70.9,4.7,70.3,B,Average
10294,13.8,79.5,7.2,89.9,A,Good
37610,13.5,86.3,8.6,84,B,Good
28809,13.6,80.5,10,88.7,A,Good
22335,16.7,98.6,9.1,69.5,C,Average
30108,14,74.8,6.5,76.9,B,Good
8809,18.4,85.5,5.5,85.6,A,Good
919,11.9,69.5,5.1,85.6,A,Good
21011,16.6,86.7,5.2,90.8,A,Excellent
10306,6.1,89,4.2,67.8,C,Average
13052,26.1,79.3,7.8,100,A,Excellent
1570,11.3,96.4,5.2,93.2,A,Excellent
35863,22.4,91.2,5.1,100,A,Excellent
10003,10.8,73.4,5,86.4,A,Good
30931,12.7,98.7,6.1,73.4,B,Average
13599,24.6,73.4,2,100,A,Excellent
19658,8.3,86.6,3.3,48.2,D,Poor
4306,3.8,73.7,9.7,54.6,D,Poor
1669,20.9,94.1,1.4,100,A,Excellent
9940,1.6,100,5.4,46,D,Poor
34017,7.1,96.7,3.8,70.8,B,Average
28874,11.3,80.6,6.8,66.3,C,Average
31071,25.8,78.4,2.8,100,A,Excellent
3015,10.9,89,5.9,78,B,Good
20218,15,88.2,5.6,70.5,B,Average
21043,11.1,82.3,8.8,79.7,B,Good
16802,15.1,80.4,5.3,92.9,A,Excellent
12452,24.9,94.5,4.3,100,A,Excellent
21354,17.2,88,7.4,99.1,A,Excellent
35759,14.3,94.5,8.1,77.8,B,Good
11336,8.2,100,10,80.3,B,Good
27285,16.7,82.3,6.3,86.7,A,Good
19014,7.1,97.1,7.2,74.4,B,Average
9515,16.5,81,6.1,99.7,A,Excellent
37297,11.7,88.7,4.1,86.6,A,Good
7499,0,97.2,5.5,37.4,F,Poor
22722,19.7,89.8,5.8,100,A,Excellent
446,19.7,81,7.8,98.2,A,Excellent
14736,3.5,91.2,6.6,59.9,C,Poor
4297,7.6,86.5,7,68.7,C,Average
31152,7.3,79.1,7.2,79,B,Good
14282,25,76.8,6.1,100,A,Excellent
31331,9.7,67.9,4.7,63.9,C,Average
38344,8.3,82.7,7.6,75.8,B,Good
17251,2.3,96.8,8.6,56.1,C,Poor
36390,13.6,94.7,6.1,73.6,B,Average
22601,17.6,94.1,5.5,100,A,Excellent
385,9.7,96.9,10,87.6,A,Good
17277,19.6,100,4,95.1,A,Excellent
7277,7.6,79.8,6.6,64.3,C,Average
1069,11.7,84.9,9,74.5,B,Average
28494,6,88.5,5.5,63.5,C,Average
30951,8.6,73,5.9,66,C,Average
15116,10.6,76.9,4.7,73.4,B,Average
22906,19.8,79.1,9.8,99.8,A,Excellent
14016,14.6,78.4,6.3,80.3,B,Good
16069,2.6,82.8,4.9,57.8,C,Poor
29153,14.8,74.4,5,93.3,A,Excellent
3598,22,100,4.6,92.6,A,Excellent
9754,17.4,97.1,9.2,84.8,B,Good
22407,11.4,95.8,5.4,76.3,B,Good
28395,6.4,85,5.7,72.7,B,Average
10375,16,83.7,7.2,74.7,B,Average
11299,12.9,79.6,9.6,88.9,A,Good
28272,15.8,89,7.5,92.2,A,Excellent
29261,11.7,89.2,7.9,77.1,B,Good
26606,11.2,88.7,2.6,81,B,Good
9542,11,97.8,4.5,78.2,B,Good
17660,21.7,92.9,6.7,86,A,Good
30953,12.8,76.7,7,75.4,B,Good
14909,24,92.7,6.7,100,A,Excellent
37974,17,70.5,6.4,82.9,B,Good
24164,21.8,81.4,6.4,100,A,Excellent
15925,23.3,89.9,6.8,100,A,Excellent
31483,24.9,86.5,5.9,100,A,Excellent
23920,10.5,97.7,6.3,76,B,Good
37809,8.2,97.6,5.1,66.5,C,Average
15921,15.9,88.3,6.4,78.7,B,Good
39757,26.9,67.1,7.9,100,A,Excellent
20740,8.4,88.9,6,65.3,C,Average
17646,14.2,95,9.1,100,A,Excellent
33186,25.9,91.5,7.8,100,A,Excellent
1023,14.8,58.4,6.7,86.1,A,Good
39770,17.8,85.6,6.3,90.5,A,Excellent
24095,7.1,90.6,8.1,73.3,B,Average
430,2.7,88,5.1,47,D,Poor
6469,18.7,100,4,91.3,A,Excellent
22191,7.3,100,4.3,66.8,C,Average
16510,16,76.3,7.7,84.9,B,Good
7447,20.4,86.5,5.8,96.8,A,Excellent
4920,24,93.1,10,100,A,Excellent
39553,18.6,85.5,5.3,100,A,Excellent
35902,18.9,69.2,5.6,85.8,A,Good
28661,19.7,84.7,5.5,98.9,A,Excellent
28943,14.5,78.9,4,84.3,B,Good
28497,3.4,78,7.6,52.1,D,Poor
3835,8.2,73.1,6.6,72.2,B,Average
32695,16,78.6,7,82.7,B,Good
4525,23.3,86.6,5.3,100,A,Excellent
20474,7.6,93.6,5.2,70.7,B,Average
21812,12.4,96.1,4.4,85.8,A,Good
38604,28.6,73.8,6.1,100,A,Excellent
5403,18.7,81.8,3.5,69.9,C,Average
36996,15.6,91.3,7.8,89.2,A,Good
11710,14.3,81.2,6.3,73.1,B,Average
37449,12.1,96,4.7,84.6,B,Good
20400,20,78.8,6.1,86.7,A,Good
36246,23.3,87.2,7,100,A,Excellent
5370,26.1,88.9,4,91,A,Excellent
28093,18.7,87.9,6.3,92,A,Excellent
22538,22.2,100,7,98.1,A,Excellent
37868,8.3,73.1,6.8,74,B,Average
14671,17.9,61.3,6.6,99.8,A,Excellent
13747,0,72.5,7.8,46.2,D,Poor
35865,23.7,90.5,2.5,88.8,A,Good
6599,2.6,82.2,6.1,46.7,D,Poor
330,19.4,80.3,5.4,97.9,A,Excellent
14360,8.5,78.4,3.3,89.7,A,Good
37980,16.4,90.3,9.6,83.9,B,Good
32913,18,89.2,7.5,85.9,A,Good
17573,13.7,67.2,4.1,77.1,B,Good
21014,18.5,82.6,10,100,A,Excellent
27537,12.5,77.9,6.7,80.8,B,Good
17642,12.6,90.6,3.8,90.8,A,Excellent
11155,7.7,100,6.6,51.9,D,Poor
18284,22.1,83.1,5.7,98.2,A,Excellent
36616,7.7,81.6,8.6,60.9,C,Average
32983,19.1,74,3.2,96.3,A,Excellent
34383,10.2,92.8,3.5,70.1,B,Average
2700,24.3,92.5,7.1,100,A,Excellent
25968,17.3,100,5,78.8,B,Good
38987,25.1,90.4,7.6,99.9,A,Excellent
21987,18.9,70.3,7.4,100,A,Excellent
16501,8.7,71.2,6.3,77.8,B,Good
36895,11.7,82.3,5,75.2,B,Good
5361,14.7,90.7,8.2,100,A,Excellent
15585,5.6,76.3,4.2,58.3,C,Poor
39471,13.2,91.3,3.3,79.4,B,Good
14794,4.4,82.7,5.3,78,B,Good
24476,19.6,82.9,1.6,100,A,Excellent
17355,28.1,97.5,4.2,100,A,Excellent
13698,21.4,85.2,7.8,100,A,Excellent
26181,8.7,100,5.6,79.2,B,Good
7845,26.2,96.3,7.9,100,A,Excellent
25001,16.2,66.9,2.4,93.3,A,Excellent
1952,23.8,78.1,4.5,100,A,Excellent
6201,11.1,92.8,3.5,76.6,B,Good
10762,18,84.9,5.3,100,A,Excellent
36430,17.2,88.7,5.5,82.8,B,Good
25916,21,66.5,4.3,84.3,B,Good
26359,9.3,66.2,8,75,B,Good
6422,9.2,76.8,6.6,97.9,A,Excellent
16944,16,93.1,9.3,99,A,Excellent
16023,20.8,82.8,4.9,100,A,Excellent
1021,18.7,68.3,2.2,84.7,B,Good
27339,29.2,92.2,3.4,100,A,Excellent
3847,22.6,75,6.9,100,A,Excellent
10247,5.7,75.6,8,79.7,B,Good
21089,24.7,87.6,3.9,100,A,Excellent
12804,15.7,90.9,8,78.3,B,Good
32308,17.8,66.6,5.5,99.1,A,Excellent
26139,15.3,86.9,3.7,90.1,A,Excellent
24659,21.1,100,3.2,100,A,Excellent
20853,20.4,93.5,5.6,78.4,B,Good
12638,21,91,10,100,A,Excellent
31309,21.5,92.3,9.2,93.7,A,Excellent
13412,17.9,86.2,7.4,94.7,A,Excellent
38670,13.9,91,4.5,82.1,B,Good
27248,11.3,96,6.4,73,B,Average
20235,11.5,86.7,5.8,66,C,Average
4852,32.8,81.4,4.1,100,A,Excellent
28623,22.6,86.8,5.8,100,A,Excellent
32284,17.5,88.7,6.5,92,A,Excellent
1141,12.9,88,2.9,79.3,B,Good
21403,16,83.7,10,95.2,A,Excellent
6002,10.6,65.9,7.2,85.3,A,Good
26140,10.4,85.3,8.5,68.3,C,Average
31456,23.9,74.3,5.4,100,A,Excellent
32130,25,79.5,6.5,100,A,Excellent
24843,16.6,100,3.3,99.1,A,Excellent
39317,3.8,100,4.2,47.8,D,Poor
31195,12.2,91,5.7,78.6,B,Good
28204,3.5,78.4,6.2,60.8,C,Average
29758,16.5,75.6,6.5,97.2,A,Excellent
21887,17.8,79.7,6.6,83.4,B,Good
31958,8.4,88.6,4.9,67,C,Average
4830,7.6,93.6,3.4,80.9,B,Good
2929,26,75.8,6.5,100,A,Excellent
35347,12.4,74.5,7.2,91.6,A,Excellent
5003,2.4,96.2,3.2,41.1,D,Poor
4843,19.8,78.7,6.6,100,A,Excellent
11306,11.2,91.7,4.2,87.5,A,Good
293,10.9,88.2,5.2,74.5,B,Average
38804,17.6,81.7,1.9,93.7,A,Excellent
39778,19,98.2,6.5,90,A,Good
23876,29.1,91.3,8.1,100,A,Excellent
18754,14.6,76.1,7.4,80.2,B,Good
6812,5,62.5,7.6,66.9,C,Average
13841,25.6,100,3,100,A,Excellent
22688,11.5,90.2,3.4,73.8,B,Average
31726,13.5,82.8,8.1,94.7,A,Excellent
30247,7.7,92.2,7.3,58.7,C,Poor
29900,13.4,75.5,7,83.8,B,Good
30785,21.2,85.7,7.3,100,A,Excellent
37362,21.8,80.3,5.3,99.6,A,Excellent
2658,21.2,90.7,6.6,98.6,A,Excellent
11633,32,99,6.5,100,A,Excellent
9131,23.5,100,3.9,100,A,Excellent
19202,18.8,100,7.4,98.9,A,Excellent
S081,13,66,3,68,C,Average
25468,18.7,99.9,2.5,100,A,Excellent
35241,19.1,96,9,97,A,Excellent
10293,8.8,79.3,7.3,57.2,C,Poor
27274,31,85.8,4,100,A,Excellent
21693,32.5,87,6.1,100,A,Excellent
26858,10.9,81.4,6.8,71,B,Average
32165,19.2,98.2,5.9,100,A,Excellent
11158,13.8,84.7,6.2,88.4,A,Good
1716,14.4,75.6,5.6,87,A,Good
33383,21.9,77.7,5.8,95.2,A,Excellent
28437,13.1,89.8,5.3,88.5,A,Good
28945,11.4,79.9,2.9,70.8,B,Average
16651,22.9,96.9,2.4,96.3,A,Excellent
32795,21.1,60.6,6.5,100,A,Excellent
579,4.6,75.5,6.6,58.1,C,Poor
11714,17.1,97.1,2.8,89.9,A,Good
29464,21.4,89.9,4.8,100,A,Excellent
688,12.4,78.5,4.4,76.5,B,Good
26704,24,88.2,7,100,A,Excellent
5582,22.2,93.1,5.6,100,A,Excellent
33645,23.9,52,7.9,100,A,Excellent
3544,7.5,100,6.7,88.6,A,Good
9211,4.8,81.4,5.6,51,D,Poor
9461,17.7,71.5,7.2,100,A,Excellent
39163,9.3,81.1,6.4,72.5,B,Average
9178,11.3,86.2,5,81.1,B,Good
11424,12.6,61.8,8.7,81.9,B,Good
10682,15.7,83.2,5.4,81.7,B,Good
35559,17.1,96.8,10,91.7,A,Excellent
9001,20.4,85.9,5.8,88.1,A,Good
34946,18.1,86.7,5.8,100,A,Excellent
21253,28.5,100,7.1,100,A,Excellent
21473,14.3,63.5,6.2,80.1,B,Good
5887,9.8,78.6,5.6,87.3,A,Good
12657,24.4,76.9,5.8,100,A,Excellent
27660,0,100,4.5,54.1,D,Poor
27847,24.5,73.3,5.3,96.8,A,Excellent
5681,8.3,100,5.7,54,D,Poor
32682,15.2,81.9,8.9,83.5,B,Good
32709,10.1,84,5.3,68.5,C,Average
10601,23.3,83.5,7.9,100,A,Excellent
583,19.4,89.4,3.6,100,A,Excellent
6545,15.6,81.3,5.3,100,A,Excellent
6837,21.5,85.4,6.3,100,A,Excellent
7866,7.9,79.6,3.4,73.4,B,Average
25750,11,87.6,5.4,73.1,B,Average
32991,21.3,92.2,4.5,100,A,Excellent
11558,0.9,84,4.5,50.7,D,Poor
39785,10.7,97,4.1,62.9,C,Average
31771,2.5,77.4,4.8,66.2,C,Average
30158,24.3,81.6,5,100,A,Excellent
24451,23.5,65.5,7.8,100,A,Excellent
27633,18.9,76.2,5.8,80.6,B,Good
36494,15.2,83.7,6,88.5,A,Good
2000,9.8,89,9.1,83.9,B,Good
26962,8.3,83.6,5.5,75.4,B,Good
903,15.2,87.1,5.4,86.1,A,Good
33935,13.1,79.9,3.5,69.9,C,Average
35815,23.3,83.5,5.8,100,A,Excellent
15851,27.8,100,3.8,100,A,Excellent
26880,17.7,89.8,6.3,100,A,Excellent
21168,23.4,73,2.9,100,A,Excellent
9120,24.6,82.9,4.9,100,A,Excellent
14735,15.3,67.4,6.9,72.7,B,Average
32634,5,100,7.6,72.9,B,Average
19769,21.7,82.5,5.5,100,A,Excellent
30529,15.8,86.4,7.6,75,B,Good
18304,13.9,100,5.2,94.8,A,Excellent
14467,27.4,100,6.5,100,A,Excellent
16877,6.8,100,4.1,49,D,Poor
17078,20.6,84.9,7.9,82.9,B,Good
36994,13.4,98.2,5,85.5,A,Good
22696,31.7,79.4,6.8,100,A,Excellent
38456,13.2,76.3,1.6,100,A,Excellent
38030,16.9,63.2,5,93,A,Excellent
2321,18.1,76.7,3.7,100,A,Excellent
19352,13.3,87.8,10,85.1,A,Good
14246,17.4,87.2,10,96.8,A,Excellent
15940,6.5,65.4,5.7,59.6,C,Poor
38674,21.3,83.9,6.1,100,A,Excellent
23942,22.3,85.4,7,100,A,Excellent
17616,9.3,66.5,3.3,49.6,D,Poor
27729,21.9,91.9,3.5,99.8,A,Excellent
30628,32.2,97.4,7.6,100,A,Excellent
12121,21.6,81.1,8.5,85,B,Good
37321,15,74.5,5.9,90.7,A,Excellent
10849,13,85.5,7.3,99.4,A,Excellent
9817,15.8,87.6,4.8,98.2,A,Excellent
12079,26.7,85,9.1,100,A,Excellent
6898,7.1,100,8.4,62.8,C,Average
10407,15.8,72.5,5.4,79,B,Good
13385,3.9,80.5,1.4,80.6,B,Good
28256,1.8,84.2,5.3,49.5,D,Poor
11664,10.6,77.7,3.7,69,C,Average
13001,15.1,64.7,6,85.8,A,Good
4019,11.4,82.8,4.9,77,B,Good
32231,23.6,76.1,3.8,100,A,Excellent
8098,23.1,100,6.5,100,A,Excellent
11322,19.8,78.1,4.9,100,A,Excellent
35638,20,75.3,6.7,100,A,Excellent
3745,8,87.3,5.4,55.1,C,Poor
5293,4.5,94,7.8,73.3,B,Average
38887,16.7,85.2,6.3,94.3,A,Excellent
33483,12.4,96,4.7,73.4,B,Average
13345,15.9,100,7.6,86.4,A,Good
6846,18.1,96.1,5.6,91.2,A,Excellent
6443,5.3,91.6,3.6,66.3,C,Average
28215,14.4,100,10,92.9,A,Excellent
31286,16.6,89.1,4.5,91.4,A,Excellent
38371,10.9,75.1,8.1,93.5,A,Excellent
5761,15.2,91.1,5.3,83.8,B,Good
22053,24.3,87.8,7.5,95.2,A,Excellent
22280,13.4,78.1,8.6,73.5,B,Average
20268,8.7,100,8.3,71.9,B,Average
12593,9.2,82.1,6.7,82.4,B,Good
5972,15,78.2,7.8,82.3,B,Good
28149,4,80,6.9,70.9,B,Average
36037,0,81.2,6,49.9,D,Poor
37536,13.8,78.8,4.7,79.3,B,Good
17608,16.7,93.6,5.8,100,A,Excellent
16919,11.5,71.1,6.4,69,C,Average
15614,18,74.9,6.1,97.3,A,Excellent
16255,8.4,92.8,5.4,74.4,B,Average
4996,14.7,73.2,7.3,92.8,A,Excellent
16533,14.4,87,8.3,91.3,A,Excellent
24873,3.4,69.5,7.2,74.4,B,Average
24714,18.4,88.8,3.6,81.4,B,Good
36925,21.3,80.4,5.5,100,A,Excellent
31287,19.4,97.5,9.1,88.2,A,Good
11050,30.2,73.5,7.5,100,A,Excellent
19169,16.9,89.3,4.8,98.5,A,Excellent
35420,23,84,4.2,100,A,Excellent
32208,24.2,90.9,6.7,100,A,Excellent
30807,16.6,92.2,8.5,100,A,Excellent
36601,25.5,76.7,3.2,100,A,Excellent
765,23,89.2,4.6,100,A,Excellent
17134,12.8,94.6,6.2,59.4,C,Poor
20987,18.1,75.1,9.4,100,A,Excellent
19022,16.2,81.3,8.1,99.9,A,Excellent
11224,3.4,81.2,6.7,64.9,C,Average
11008,9.8,76.1,3.9,57.7,C,Poor
38329,2.7,77.6,3.9,67.9,C,Average
36654,6.4,71.6,8.2,57.4,C,Poor
27098,16,80.6,7.2,75.8,B,Good
7521,21.9,82.5,5.8,100,A,Excellent
6249,3.1,79.1,3,78.9,B,Good
34634,16.7,72.2,8.8,92.7,A,Excellent
26197,19.9,77.3,4.8,89,A,Good
22930,18.5,100,10,100,A,Excellent
23899,11.1,100,3.5,69,C,Average
11703,3.4,78.6,7.7,48.7,D,Poor
25446,21,73.1,4.9,100,A,Excellent
1455,19,79.9,7.7,100,A,Excellent
5326,14.9,87.9,6.9,95.4,A,Excellent
17154,28.6,78.9,5.6,100,A,Excellent
4052,16.3,94.7,5.3,79.4,B,Good
1226,14.1,89.7,8.1,75.7,B,Good
31314,22.1,83.3,4.9,99.7,A,Excellent
23515,14,94.1,9.9,70.3,B,Average
11822,5.1,97.1,9.7,52.3,D,Poor
35998,17.5,98.1,8.1,91.2,A,Excellent
39567,11.1,85,6.8,68.8,C,Average
29650,28,80.3,5.1,100,A,Excellent
559,17.8,73.9,4.2,100,A,Excellent
13729,17,82.4,2.4,87,A,Good
4495,21,100,8.7,100,A,Excellent
17179,23.5,88.2,4.4,100,A,Excellent
20269,10.1,85.7,4.7,84.9,B,Good
1944,12.6,77,5.3,67.5,C,Average
21083,25.7,88.1,7.2,100,A,Excellent
22597,19.1,79.4,4.7,90.4,A,Excellent
12229,21.8,99.9,2.4,100,A,Excellent
5312,23.6,91.4,4.5,100,A,Excellent
16207,24.9,84.8,3.9,100,A,Excellent
20891,8.4,79.5,4.8,59.5,C,Poor
11176,18.6,92.4,9.9,98,A,Excellent
3871,5.3,73.2,5.4,69.3,C,Average
8780,13.8,66.8,8.1,67.4,C,Average
27264,7,81.2,7.2,56.8,C,Poor
34038,27.9,86,7.3,100,A,Excellent
25902,18,80.1,3.8,100,A,Excellent
28135,9.5,77.7,9.2,54.1,D,Poor
14213,23.1,88.6,3.8,100,A,Excellent
25568,17.6,94.4,6.7,71.9,B,Average
135,8.6,80.4,6.1,70.6,B,Average
34891,21.8,65.3,5.4,100,A,Excellent
8772,26,100,5.5,100,A,Excellent
28160,25.4,80,9.2,100,A,Excellent
17805,10.4,100,4.7,62.7,C,Average
30528,14.2,91.1,8,100,A,Excellent
5341,7.6,76.9,2.9,60.2,C,Average
21478,13.3,95.7,5.1,93.7,A,Excellent
26876,18.3,83.6,7.5,86.2,A,Good
13295,25.1,81.2,7.1,100,A,Excellent
18746,10.2,83.8,7.7,86.6,A,Good
21957,19.4,84.1,7.9,87.3,A,Good
16982,16.7,86.8,7.6,95.5,A,Excellent
4090,12.3,70.8,8.5,88.4,A,Good
16216,23.9,65.3,3.9,96.2,A,Excellent
38621,0.4,69.5,6.4,47.2,D,Poor
15781,11.9,95.3,4.5,70.4,B,Average
36806,14.2,73,4.9,88.3,A,Good
12298,10.5,77.7,5.8,86.7,A,Good
23648,11.8,95.3,5.9,92.6,A,Excellent
18361,23.6,77.8,8.5,99.1,A,Excellent
29672,14.4,96,7.3,94.8,A,Excellent
6242,8.4,92.5,4.7,81.4,B,Good
31209,7.5,99.1,4.4,68.6,C,Average
39656,13.7,88.9,8.1,76.2,B,Good
30656,17.7,96.5,5.5,100,A,Excellent
16297,13.8,76.6,2.6,87.8,A,Good
18731,23.5,93,2.6,100,A,Excellent
15480,3.2,100,4.2,65.2,C,Average
33095,20.7,98.9,5.2,100,A,Excellent
38873,9.2,90.5,6.3,82.3,B,Good
4941,19.1,81.5,5.6,100,A,Excellent
21904,11,85.7,8.8,81.3,B,Good
5109,7.5,100,7.1,58.2,C,Poor
14763,0,68,4.8,55.3,C,Poor
1611,13,92.8,6.7,84.9,B,Good
22242,16,70.3,6.2,100,A,Excellent
7838,14.5,83.6,6.6,86.7,A,Good
10698,30,87.6,8.3,100,A,Excellent
4257,9.1,96.7,5.5,85.3,A,Good
6642,27.6,90.9,3.7,100,A,Excellent
19799,19.7,89.3,4.7,97.6,A,Excellent
20725,9.8,86.3,4.5,100,A,Excellent
12711,13.1,100,3.8,80,B,Good
15107,13.5,67.9,8.9,86.8,A,Good
22539,18.5,80.8,5.5,90.7,A,Excellent
29912,13.1,94.4,6.2,84.7,B,Good
32748,23.1,88,7.5,100,A,Excellent
37743,12.4,78.3,3.9,77.8,B,Good
11630,27.6,81.5,6.1,100,A,Excellent
18448,19,89.7,4.3,100,A,Excellent
25536,17.3,90.3,5.9,84.6,B,Good
3912,16.5,90.4,0.7,75.8,B,Good
10121,32.5,76.4,4.6,100,A,Excellent
24262,22.7,98.2,5.8,100,A,Excellent
1224,17.9,79.5,0.4,82.7,B,Good
26391,16.6,72.4,9.5,74.8,B,Average
12766,19.3,85.1,3.2,100,A,Excellent
39789,16,86.7,6.3,85.4,A,Good
34261,7.1,100,5.8,76.3,B,Good
23511,13.8,100,6.4,87.1,A,Good
32325,14.4,88.1,8.8,95.9,A,Excellent
34938,0,67.5,5.5,48.8,D,Poor
18291,18.6,85,5.8,100,A,Excellent
33398,7.6,78.1,4.2,65.8,C,Average
29920,12.3,63.4,5.8,73.2,B,Average
6776,20.8,89.8,3.7,97.4,A,Excellent
32219,18.3,73.5,7.2,93.5,A,Excellent
24249,25.2,87,5.9,97.3,A,Excellent
38967,8.8,86,5.4,70.8,B,Average
36458,15.1,75.3,5.2,74.7,B,Average
16570,26.8,86.7,4,100,A,Excellent
9373,10.9,99.9,4.4,72.9,B,Average
21637,5.9,92.2,9.9,58.7,C,Poor
2570,13.4,85.3,6.5,76.8,B,Good
28839,13.9,82.4,8.3,82,B,Good
767,14.8,86.9,4.8,85,A,Good
31334,17,92.3,4,92.1,A,Excellent
12250,13.1,70.1,5.4,78.7,B,Good
24464,16.1,84.7,3.4,90.4,A,Excellent
S191,20,54,7,88,A,Good
1679,22,68.6,8.3,100,A,Excellent
2087,11.4,85.6,3.9,63.1,C,Average
16603,11.3,80.4,7.4,60.7,C,Average
36513,15.6,86.3,3.5,81.8,B,Good
16861,21.4,80.4,6.2,100,A,Excellent
27642,22.5,73.7,4,100,A,Excellent
29515,18.9,95.1,2.8,90.7,A,Excellent
29894,28.8,82,6.8,100,A,Excellent
30016,19.5,98.2,5.8,100,A,Excellent
28605,12.3,65.6,1.4,83.7,B,Good
5235,17.2,72.2,3.4,75.7,B,Good
18980,20.8,82.6,7.8,100,A,Excellent
15773,9.4,87.1,10,86.1,A,Good
3105,9.9,97.4,6,54.9,D,Poor
104,9.4,72.5,5.4,86.1,A,Good
9325,4.9,76.9,5.3,66.7,C,Average
27873,15.7,60.4,5.6,78,B,Good
10700,0.4,100,4.7,50.4,D,Poor
25308,11.6,83,7.7,88.9,A,Good
2748,6.9,85.3,4.8,64.5,C,Average
35245,22.3,83.8,5.5,100,A,Excellent
27083,18.5,86.3,4.8,77.8,B,Good
28848,23.6,79.7,6.6,100,A,Excellent
16332,15.5,76.6,7.6,87.9,A,Good
24774,9.4,66.3,5.9,78.9,B,Good
39394,16.1,93.7,6.1,98.6,A,Excellent
9838,23.2,80.7,7.2,100,A,Excellent
9500,26.7,88.3,3.5,100,A,Excellent
22570,24.2,87.5,8.4,100,A,Excellent
11779,12.6,83.9,7.3,77.6,B,Good
25482,14.6,80,6.8,92.9,A,Excellent
10683,13.7,65.1,6,93.7,A,Excellent
13,16.7,77.9,2.5,95.2,A,Excellent
25090,21.8,87.3,3.9,94.8,A,Excellent
20422,17.8,76.3,4.9,92.4,A,Excellent
38539,9.3,91.3,3.6,69.7,C,Average
22682,6.4,84.6,6.5,59.5,C,Poor
12622,14.8,94,7.8,97,A,Excellent
16739,26,68.2,6.3,100,A,Excellent
13091,11.8,79.5,4.9,83.6,B,Good
25839,16.3,82.1,1.8,82.8,B,Good
35505,18.8,89.1,4.7,69.4,C,Average
15609,15.2,100,3.1,90.4,A,Excellent
13175,19.6,83.7,6.5,75.2,B,Good
13008,12.6,71.1,4.5,70.5,B,Average
39050,9.7,92,8.2,64.3,C,Average
13475,4.5,74.2,8.1,63.5,C,Average
121,20.5,79.3,8.2,92.1,A,Excellent
22259,4.5,92.2,5.5,79.4,B,Good
31510,7,71.9,1.6,62.3,C,Average
34862,22.7,72.6,5.8,92.9,A,Excellent
3129,15.5,84.7,8.5,80.5,B,Good
9122,5,81.3,5.3,63.7,C,Average
15824,5.3,93.2,7.2,54.1,D,Poor
6246,18.5,86.2,5.8,99.9,A,Excellent
25747,17,98.7,5.9,84.3,B,Good
39602,19.6,92.6,3.1,100,A,Excellent
3780,14.4,80.3,4.8,83.9,B,Good
28240,22.6,86.2,7.3,100,A,Excellent
2090,25.2,88.8,6.6,87.9,A,Good
29196,15.7,82.4,5.2,100,A,Excellent
39747,21,80.6,5.2,100,A,Excellent
35349,23.8,80.7,4.8,100,A,Excellent
35203,9.7,85,3.8,77.7,B,Good
11392,17.9,78.1,6.7,100,A,Excellent
38348,5.6,85.2,3.5,66.1,C,Average
13426,21.4,89.1,7.4,100,A,Excellent
13805,20.2,73.5,5.6,100,A,Excellent
32428,35.6,71.6,6.2,100,A,Excellent
15325,11.7,88.2,7.1,96.7,A,Excellent
26557,10.4,74.9,4.9,86.6,A,Good
19152,8.7,97.2,9.2,74.6,B,Average
35981,25.3,74.8,6.7,100,A,Excellent
37849,20.9,95.9,8.7,95.2,A,Excellent
5153,18.6,97.3,5.6,95.2,A,Excellent
9450,20.2,79.7,7.9,100,A,Excellent
24591,13.8,68.6,6.1,86.4,A,Good
38654,18.9,87,4,97.8,A,Excellent
8584,19.4,86.5,6.3,100,A,Excellent
12414,19.2,85.6,8.6,100,A,Excellent
12899,6.3,77.1,8.1,53.9,D,Poor
31260,16.4,89.1,5.3,96.9,A,Excellent
341,9.2,83.7,2.4,72.9,B,Average
9362,24.9,92.6,7.1,100,A,Excellent
21518,15,85.2,3.6,85.9,A,Good
2982,23.9,93.8,8.7,100,A,Excellent
33360,22.9,74.9,5,100,A,Excellent
2138,25.8,69.6,2.7,100,A,Excellent
9227,11.6,100,5,71.1,B,Average
7746,9.3,88.2,6.4,72.7,B,Average
28064,25.4,78.4,8,100,A,Excellent
33613,14.5,100,5.7,82.9,B,Good
10374,11,86.7,7,79.9,B,Good
19520,15.4,85.9,4,72.1,B,Average
6414,17.3,75.5,7.7,99.6,A,Excellent
13723,11.8,98.6,7.8,68.4,C,Average
18250,11.5,61.2,6.6,92.5,A,Excellent
31253,5.4,66.8,5.3,74.7,B,Average
7271,3,87.2,10,58.2,C,Poor
5229,19.2,82.3,6,100,A,Excellent
12572,16.9,88.1,6.2,83.8,B,Good
5458,13.1,75.6,5,77.2,B,Good
1571,20.6,93.5,8,95.4,A,Excellent
39426,16.5,90.7,5.1,92.8,A,Excellent
12281,29.4,83.7,5.5,100,A,Excellent
8932,16.2,91.6,4.9,84.5,B,Good
18148,24.8,96.3,4,100,A,Excellent
38373,23.1,90.1,8,100,A,Excellent
9167,6.2,76.8,7.2,82.2,B,Good
38281,13.1,69.8,6.3,76.1,B,Good
349,10,72,6.4,79.9,B,Good
28350,14,71.3,7.3,55,C,Poor
18036,12.5,96.4,6.3,70.6,B,Average
38802,8.9,79.3,3.6,68.1,C,Average
7828,13.5,83.3,5.3,81.8,B,Good
34707,15,100,6.3,84.9,B,Good
30625,20.8,99.7,6.3,91.9,A,Excellent
19712,28.8,94.1,7,100,A,Excellent
9721,12.7,76.3,6.8,97,A,Excellent
1004,10.5,91.3,1.2,77.5,B,Good
16997,22.4,88.3,4.2,82.7,B,Good
8498,23.5,86.7,5.9,100,A,Excellent
30554,24.4,74.8,7.9,100,A,Excellent
12190,8.6,76.3,8,79.3,B,Good
7265,14,89.2,3.8,91.6,A,Excellent
39662,18.8,87.5,6.8,99,A,Excellent
39023,15.9,82.1,3.8,81.2,B,Good
2059,16.8,87.9,5.8,83.6,B,Good
8995,14.9,98,8.6,90.1,A,Excellent
31847,21.4,80.8,5.4,100,A,Excellent
26451,12.3,80.8,3.9,75.3,B,Good
25883,15.7,96.6,5.3,90.5,A,Excellent
22888,9.6,88.1,6.2,54.4,D,Poor
17614,29.1,88.4,5.1,100,A,Excellent
17165,11.2,90.3,5,74.6,B,Average
33851,8.3,75.2,7.7,61.5,C,Average
18608,7.4,83,5.4,86.3,A,Good
25837,0,85.9,7.7,60.7,C,Average
26639,13.1,96,8.6,72.8,B,Average
8424,8.9,81.2,7.4,73.1,B,Average
9568,18.6,92.4,4.4,94.4,A,Excellent
28470,21.4,87.1,6.9,100,A,Excellent
20137,17.2,91.4,7.1,81.7,B,Good
26902,9.9,90.8,10,65.9,C,Average
27530,17.8,91.1,7.1,100,A,Excellent
9852,13.9,80.7,8.4,89.1,A,Good
9357,19.6,90.7,5,100,A,Excellent
26189,12.8,78.2,9.6,98.8,A,Excellent
30523,10.7,76.6,5,91.4,A,Excellent
34291,18.4,64.4,5.3,90,A,Good
23379,18.6,86.8,5.4,86.9,A,Good
2401,9.9,98.5,5.8,75.4,B,Good
32565,4.7,93.8,5.8,58,C,Poor
13152,16.8,79.4,4.7,90.4,A,Excellent
2722,11.5,91.7,6.3,74.2,B,Average
34155,22.2,82.7,7.7,100,A,Excellent
8808,14.8,85.7,5.7,95.4,A,Excellent
29934,8.2,98.3,3.6,83.7,B,Good
2787,9.6,83.6,2.7,75.6,B,Good
30145,7.4,87.2,4.4,89.8,A,Good
30724,18.6,96.6,7.6,90.4,A,Excellent
15944,26,83.4,5.9,100,A,Excellent
32510,5.1,100,5.5,58.7,C,Poor
27395,0,79.9,6.2,35.8,F,Poor
879,14.9,75.6,7.6,96.2,A,Excellent
26534,11.8,100,5.8,88.7,A,Good
29827,20.1,75.8,5,100,A,Excellent
18916,12.1,93.5,6.7,78.3,B,Good
14271,13.7,85.5,4.3,82.4,B,Good
38851,20.3,89.5,3.5,100,A,Excellent
36416,11.7,82.1,4.9,95.7,A,Excellent
36809,17.7,87.4,4.2,93.6,A,Excellent
3207,9.6,79,7.2,65,C,Average
23818,26.6,83.8,5.7,100,A,Excellent
14527,15.3,86.1,5.6,90.3,A,Excellent
36506,18.2,96.1,5.5,99.8,A,Excellent
9576,9.1,100,6.8,82.5,B,Good
29698,20.6,93.4,5.6,100,A,Excellent
7304,17.4,83.7,7.6,80,B,Good
33174,15.4,99.3,5.5,84.3,B,Good
23825,20.9,100,5.4,100,A,Excellent
21848,15.4,70.7,6.1,93.1,A,Excellent
22768,13.3,85.2,8,82.8,B,Good
37409,7.7,84.1,5.8,66.9,C,Average
1708,28.3,90.9,6,100,A,Excellent
15047,11.5,67.1,6.9,78.8,B,Good
15206,19.2,88.5,5.2,91.6,A,Excellent
35496,22.4,89.6,4.8,100,A,Excellent
29467,9.6,88.6,6.5,72.8,B,Average
23940,3.8,85.2,8.7,60.5,C,Average
8060,8.1,88.6,4.1,90.2,A,Excellent
27794,20.1,70.4,5.2,100,A,Excellent
20105,11.2,94.9,6,74.8,B,Average
38810,12.6,85.2,8.8,89.4,A,Good
648,14.6,91.4,6.5,90,A,Good
16878,8.8,86.8,8.8,54.2,D,Poor
10449,12.6,82.6,6.9,74.5,B,Average
30997,10.8,96.9,5.8,88.7,A,Good
12393,24.3,85.8,8,100,A,Excellent
9660,15.9,100,7.8,99.1,A,Excellent
20348,8.8,95,6.6,89.9,A,Good
38106,17,94.7,2,88.5,A,Good
32938,17,85.6,5.4,88.2,A,Good
19624,21,100,2.2,94,A,Excellent
4853,18.7,91.1,4.4,98.5,A,Excellent
31822,22.6,76.9,6.9,100,A,Excellent
23161,16.8,87.7,5.5,92.1,A,Excellent
1064,2.8,75.9,8.6,50.2,D,Poor
14484,17.5,87.9,7.7,97.9,A,Excellent
38917,27.9,89.7,8.2,100,A,Excellent
35883,7.5,94.6,3.2,78.4,B,Good
22087,9.6,91.6,7,82.7,B,Good
35969,36.1,94.4,4.6,100,A,Excellent
S099,11,98,2,77,B,Good
31998,20.5,81.8,7.2,100,A,Excellent
14275,25.6,84.9,6.7,100,A,Excellent
26711,23.4,79.7,3.2,100,A,Excellent
16677,9,78.3,7.3,78.9,B,Good
33496,19.1,91.2,8.3,79.4,B,Good
33841,25.2,86.4,5,99.3,A,Excellent
23739,3.6,80.6,7.5,64,C,Average
6805,9,69.1,6.7,71.6,B,Average
3842,10,74.6,5,80.3,B,Good
21248,16.4,84,5.4,91.5,A,Excellent
39715,18.2,72.1,8.1,100,A,Excellent
4070,22.4,89.6,3.5,100,A,Excellent
4638,6.5,89,3.1,55.4,C,Poor
14949,20.3,80.8,3.5,100,A,Excellent
33930,17.7,93.7,4.5,85.1,A,Good
38558,18,73.5,6.2,95.8,A,Excellent
22948,15,89.1,3.1,100,A,Excellent
16569,19.5,84.1,6.4,100,A,Excellent
29579,23.3,96.9,1.7,100,A,Excellent
9214,18.7,84.2,6,100,A,Excellent
16129,25,100,8.3,100,A,Excellent
S104,9,74,1,58,D,Poor
379,30.3,64.4,4.1,100,A,Excellent
31382,7.4,98.4,7.8,64.6,C,Average
15664,15.8,86.9,8.7,99.1,A,Excellent
6389,20.9,80.2,3.4,94.2,A,Excellent
11129,10.1,72.6,7.1,75.3,B,Good
3509,18.5,87.6,5.6,100,A,Excellent
2021,15.4,90.4,3.4,84.1,B,Good
2978,9.1,82.7,4,94.6,A,Excellent
16264,14.4,62.1,2.6,86,A,Good
38402,13.9,82.4,1,100,A,Excellent
25956,12.8,77.7,4.9,83.7,B,Good
10399,13.1,93.4,5.4,86.1,A,Good
25384,10.2,68,4.3,81.2,B,Good
38146,13.9,93.7,6,91.8,A,Excellent
27223,17.4,79.5,4.5,77.7,B,Good
16774,4.7,91.1,4.9,42.5,D,Poor
22778,16.9,76.3,7.1,90.1,A,Excellent
25731,17.1,99.1,6.1,95,A,Excellent
22885,13.2,73.2,6.7,61,C,Average
22515,18.8,76,10,94.3,A,Excellent
22056,2.7,71.7,4.7,64.2,C,Average
23930,14.6,93.8,6.7,83.6,B,Good
8837,11.2,100,4.6,87.6,A,Good
9075,29.4,83.6,6.4,100,A,Excellent
37543,16.6,83.1,6.9,100,A,Excellent
29282,0.8,82.4,8,53.6,D,Poor
37086,10,76.7,9.8,58.4,C,Poor
39169,21.6,80.5,9.8,100,A,Excellent
12513,12.5,81.4,6,100,A,Excellent
24041,21.4,83.1,10,100,A,Excellent
36752,10.1,92.2,6.5,82.8,B,Good
33676,29.6,94.1,7.8,100,A,Excellent
25928,24.9,79.1,3.6,100,A,Excellent
24069,10.2,79.9,6.3,78.2,B,Good
13985,18,90.2,8.7,86.3,A,Good
17545,4.2,96.6,9.1,49.9,D,Poor
31433,18.6,94.8,6.7,81.1,B,Good
30022,20.2,80.3,6.2,100,A,Excellent
13153,8.7,79.3,7.8,73.5,B,Average
33495,16.8,74.8,3.4,93.1,A,Excellent
914,26,73.8,8.9,100,A,Excellent
13157,6.1,79,7.4,66.7,C,Average
16209,26.6,78,7.6,100,A,Excellent
27075,14.7,82.6,5.6,97.3,A,Excellent
19713,10.5,87.2,4.7,59.2,C,Poor
39133,16.2,83.8,4.5,90.9,A,Excellent
15189,16.8,85.9,7.9,99.5,A,Excellent
20140,12.9,94.3,3.1,81.4,B,Good
353,21,73.6,6.7,87.3,A,Good
6761,20.7,91.1,7.2,100,A,Excellent
27107,14,97.6,5.2,83.6,B,Good
38697,7.4,84.5,5.6,64.2,C,Average
22389,19.8,86.2,8.4,82.6,B,Good
19113,15.2,77,4.6,84.5,B,Good
14339,8.5,76.2,6.2,65.5,C,Average
21500,7.5,69.2,6.4,85.4,A,Good
38103,17.7,67.8,6.4,81.3,B,Good
13697,20,100,7.7,100,A,Excellent
29499,22.8,82.2,6.2,95.1,A,Excellent
6109,18.7,68.3,4.3,100,A,Excellent
26582,22.1,83.5,6.6,100,A,Excellent
28307,22.1,71.1,7.3,100,A,Excellent
35062,19.6,80.2,5,86.9,A,Good
5160,7.1,100,3.6,76.6,B,Good
8629,19.5,91.9,10,86.6,A,Good
7124,14.7,75.8,9.5,81.9,B,Good
27623,12.5,85.2,5.2,92.8,A,Excellent
21218,17,85.8,4.7,86.2,A,Good
14612,15.9,95.5,7.9,90.1,A,Excellent
26535,7.6,99.6,6.5,60.8,C,Average
14426,29,99.4,6.3,100,A,Excellent
12013,10.5,84,5.2,88.1,A,Good
17781,15.1,70,4.6,80.3,B,Good
11149,6.1,89.7,7.1,72.5,B,Average
17479,17.9,100,8.5,74.9,B,Average
3998,12.8,97.4,7,92,A,Excellent
5638,7.9,88.7,7.8,75.8,B,Good
34351,23.3,87.5,4.5,100,A,Excellent
11488,7.3,83.3,4.3,81.5,B,Good
20179,17,76.9,4.9,98.1,A,Excellent
23737,1.1,75,5.8,59.9,C,Poor
23291,27.7,88.9,4.3,91.9,A,Excellent
29512,9.6,61.9,5.7,89.8,A,Good
30643,9.3,93.8,9.3,80,B,Good
24130,19,84.3,7.7,98.2,A,Excellent
38363,18.2,84,6.4,85.8,A,Good
23109,11.6,77.9,6.5,78.9,B,Good
16022,32.3,84.4,9,100,A,Excellent
21938,16.4,89.2,6,96.1,A,Excellent
19828,9.1,85.6,6.9,78.9,B,Good
39306,9.2,79.8,5.1,68.3,C,Average
7578,14.8,68.8,7.5,88.8,A,Good
29995,6.2,97.5,8.1,83.8,B,Good
27172,12,89.1,4.1,81.1,B,Good
5569,16.9,88.4,7.4,89.6,A,Good
3408,15.9,98.9,5,100,A,Excellent
32921,14.1,99.6,7.1,84.3,B,Good
14821,4.6,100,4,61.6,C,Average
28717,8,70.5,6.7,75.2,B,Good
1758,21.7,95.7,7.7,97.4,A,Excellent
20404,11.3,83.6,4.8,89.8,A,Good
6483,8.8,88.5,8.6,49,D,Poor
27832,5,87.8,2.2,46.7,D,Poor
21548,20.4,100,5.7,100,A,Excellent
13449,16,83.3,4.7,84.6,B,Good
38989,11.1,85.8,4.2,89.1,A,Good
39104,24,85.2,3.2,100,A,Excellent
22561,14.5,70.1,4.1,96.1,A,Excellent
21756,10.5,90.6,4.8,78.1,B,Good
23714,14.5,93.1,5.8,60.7,C,Average
20021,30.5,93,4.9,100,A,Excellent
16386,0.1,85.3,6.9,49.9,D,Poor
36431,15.8,89.6,8,100,A,Excellent
3153,0,98.2,4.4,66.5,C,Average
4955,17.3,78.4,6.6,96,A,Excellent
13458,15.2,80.9,6.1,93.5,A,Excellent
537,9,82.4,7.5,77.6,B,Good
19653,18.3,87,6.8,94.2,A,Excellent
34558,28.6,84.2,7.5,100,A,Excellent
11489,10.6,65.8,3.7,96.7,A,Excellent
34770,12.4,100,7.6,72,B,Average
17726,26.9,51.5,8.1,100,A,Excellent
753,8.2,93.4,6,84.5,B,Good
30100,13.8,89.5,5.3,99,A,Excellent
38835,9.1,96,10,69.8,C,Average
23302,5.4,74.1,6.1,71.2,B,Average
10104,10.3,76.6,6.4,81.3,B,Good
27117,22.1,65.9,10,100,A,Excellent
18367,16.2,82,2.5,96.7,A,Excellent
36083,12.3,90,6.5,83.1,B,Good
9441,2.7,79.7,6.6,48.3,D,Poor
1664,10.7,80.2,2.5,85.9,A,Good
750,5.2,87.8,6.4,62.5,C,Average
4563,8.7,73.5,8.2,59.9,C,Poor
25906,4.9,81.8,8,52.4,D,Poor
4313,18.5,70.9,3.5,100,A,Excellent
39763,11,96.8,6.8,70.4,B,Average
5222,15.1,87.9,7.3,100,A,Excellent
4498,22.5,81,7.6,99.6,A,Excellent
27251,4.6,80.7,8.8,57.9,C,Poor
3416,14,89.9,5.6,74.4,B,Average
29156,22.9,73.1,7,100,A,Excellent
11068,18.2,100,6.2,90.6,A,Excellent
36426,16.1,92.4,6.7,78,B,Good
4255,16.6,86.4,8.3,100,A,Excellent
26974,17.6,84.8,5.4,64,C,Average
24306,9.7,94.6,2.9,58.7,C,Poor
30002,7.6,64,5.4,76.2,B,Good
25717,31.2,78.4,7.5,100,A,Excellent
19772,10.9,85.1,2.2,91.2,A,Excellent
6119,18.9,72.9,4.5,99.5,A,Excellent
30255,8.4,88.9,5.1,72.8,B,Average
871,13.8,77.4,6.7,90.2,A,Excellent
26907,25.4,84.7,4.6,100,A,Excellent
38945,20.2,99.9,6.3,100,A,Excellent
25234,17,81.5,7.3,97.2,A,Excellent
36099,11,73.5,2.8,86.2,A,Good
28769,22,89.1,5.5,100,A,Excellent
27096,12.6,79.5,7.9,64.8,C,Average
9649,17.2,83.1,6.6,68.7,C,Average
39834,18.5,100,8.2,100,A,Excellent
24195,12.4,85.3,3.9,87.6,A,Good
17352,17.8,91.1,5.9,100,A,Excellent
3085,13.7,68.6,6.1,89.7,A,Good
36624,19.3,90,4.5,100,A,Excellent
25294,27.1,81.9,4.7,100,A,Excellent
13689,10.3,84.9,7.9,81.2,B,Good
23703,14,84.1,3.2,84.4,B,Good
947,4.3,97,9.2,64.4,C,Average
19536,12.1,92.5,6.2,72.4,B,Average
649,13.4,91.3,1.8,86.9,A,Good
4397,8.7,71.3,5.7,80.9,B,Good
15864,0.9,84.4,4.7,62.9,C,Average
9918,11.2,88.8,4.4,71.5,B,Average
37385,21.7,84.8,5.2,100,A,Excellent
7967,22.2,90.6,5.6,98.2,A,Excellent
7484,12.8,100,6.8,80,B,Good
31011,4.6,81.1,5.1,44.7,D,Poor
3579,9.3,98.8,4.4,59.5,C,Poor
3357,15.6,79.8,10,100,A,Excellent
16025,9.3,75.1,3.5,72.9,B,Average
33070,12.3,99.2,6.4,76.8,B,Good
35291,3.4,87.1,6.6,57.8,C,Poor
24296,19.4,100,8.2,91.7,A,Excellent
30473,20,93.3,4,95.2,A,Excellent
18921,15,89.4,5.8,83.1,B,Good
4966,13.4,90.6,3.4,73.1,B,Average
21151,11.4,77.3,4.4,79.2,B,Good
27770,18.7,75.8,8,87,A,Good
22531,4,73.8,5.9,63.2,C,Average
2242,19.1,80.5,7.2,100,A,Excellent
